2025-10-25 23:15:53,764 - DNCSystem - INFO - DNC Python 系统启动
2025-10-25 23:15:53,777 - DNCSystem - ERROR - 系统启动失败: 'DNCApplication' object has no attribute 'start'
2025-10-25 23:19:01,456 - DNCSystem - INFO - DNC Python 系统启动
2025-10-25 23:19:01,456 - DNCSystem - ERROR - 系统启动失败: 'NoneType' object has no attribute 'error'
2025-10-25 23:21:03,973 - DNCSystem - INFO - DNC Python 系统启动
2025-10-25 23:24:41,324 - DNCSystem - INFO - DNC Python 系统启动
2025-10-25 23:26:13,423 - DNCSystem - INFO - DNC Python 系统启动
2025-10-25 23:26:13,423 - src.core.config - INFO - 配置加载成功
2025-10-25 23:28:13,898 - DNCSystem - INFO - DNC Python 系统启动
2025-10-25 23:28:13,898 - src.core.config - INFO - 配置加载成功
2025-10-25 23:31:35,412 - DNCSystem - INFO - DNC Python 系统启动
2025-10-25 23:31:35,426 - src.core.config - INFO - 配置加载成功
2025-10-25 23:31:35,452 - src.data.csv_processor - INFO - CSV文件读取成功: config\csv\type_define.csv, 共4行
2025-10-25 23:31:35,470 - src.data.csv_processor - INFO - CSV文件读取成功: config\csv\type_prg.csv, 共4行
2025-10-25 23:31:35,470 - src.business.program_matcher - INFO - 程序匹配数据加载成功
2025-10-25 23:31:35,486 - src.data.csv_processor - INFO - CSV文件读取成功: config\csv\load.csv, 共5行
2025-10-25 23:31:35,497 - src.data.csv_processor - INFO - CSV文件读取成功: config\csv\define.csv, 共3行
2025-10-25 23:31:35,505 - src.data.csv_processor - INFO - CSV文件读取成功: config\csv\chngValue.csv, 共37行
2025-10-25 23:31:35,517 - src.data.csv_processor - INFO - CSV文件读取成功: config\csv\calc.csv, 共22行
2025-10-25 23:31:35,518 - src.business.calculation_engine - INFO - 计算数据加载成功
2025-10-25 23:31:35,528 - src.data.csv_processor - INFO - CSV文件读取成功: config\csv\relation.csv, 共21行
2025-10-25 23:31:35,530 - src.business.relation_validator - INFO - 关系数据加载成功
2025-10-25 23:46:30,951 - DNCSystem - INFO - DNC Python 系统启动
2025-10-25 23:46:30,965 - src.core.config - INFO - 配置加载成功
2025-10-25 23:46:30,966 - src.data.csv_processor - INFO - CSV文件读取成功: config\csv\type_define.csv, 共4行
2025-10-25 23:46:30,966 - src.data.csv_processor - INFO - CSV文件读取成功: config\csv\type_prg.csv, 共4行
2025-10-25 23:46:30,967 - src.business.program_matcher - INFO - 程序匹配数据加载成功
2025-10-25 23:46:30,968 - src.data.csv_processor - INFO - CSV文件读取成功: config\csv\load.csv, 共5行
2025-10-25 23:46:30,968 - src.data.csv_processor - INFO - CSV文件读取成功: config\csv\define.csv, 共3行
2025-10-25 23:46:30,969 - src.data.csv_processor - INFO - CSV文件读取成功: config\csv\chngValue.csv, 共37行
2025-10-25 23:46:30,970 - src.data.csv_processor - INFO - CSV文件读取成功: config\csv\calc.csv, 共22行
2025-10-25 23:46:30,970 - src.business.calculation_engine - INFO - 计算数据加载成功
2025-10-25 23:46:30,970 - src.data.csv_processor - INFO - CSV文件读取成功: config\csv\relation.csv, 共21行
2025-10-25 23:46:30,972 - src.business.relation_validator - INFO - 关系数据加载成功
2025-10-25 23:58:15,218 - DNCSystem - INFO - DNC Python 系统启动
2025-10-25 23:58:15,224 - src.core.config - INFO - 配置加载成功
2025-10-25 23:58:15,226 - src.data.csv_processor - INFO - CSV文件读取成功: config\csv\type_define.csv, 共4行
2025-10-25 23:58:15,226 - src.data.csv_processor - INFO - CSV文件读取成功: config\csv\type_prg.csv, 共4行
2025-10-25 23:58:15,226 - src.business.program_matcher - INFO - 程序匹配数据加载成功
2025-10-25 23:58:15,226 - src.data.csv_processor - INFO - CSV文件读取成功: config\csv\load.csv, 共5行
2025-10-25 23:58:15,228 - src.data.csv_processor - INFO - CSV文件读取成功: config\csv\define.csv, 共3行
2025-10-25 23:58:15,229 - src.data.csv_processor - INFO - CSV文件读取成功: config\csv\chngValue.csv, 共37行
2025-10-25 23:58:15,230 - src.data.csv_processor - INFO - CSV文件读取成功: config\csv\calc.csv, 共22行
2025-10-25 23:58:15,231 - src.business.calculation_engine - INFO - 计算数据加载成功
2025-10-25 23:58:15,232 - src.data.csv_processor - INFO - CSV文件读取成功: config\csv\relation.csv, 共21行
2025-10-25 23:58:15,233 - src.business.relation_validator - INFO - 关系数据加载成功
2025-10-25 23:58:15,251 - DNCSystem - INFO - DNC Python 系统初始化成功
2025-10-25 23:58:25,829 - DNCSystem - ERROR - 系统启动失败: 'NamedPipeServer' object has no attribute 'stop_server'
2025-10-26 00:03:49,554 - DNCSystem - INFO - DNC Python 系统启动
2025-10-26 00:03:49,563 - src.core.config - INFO - 配置加载成功
2025-10-26 00:03:49,565 - src.data.csv_processor - INFO - CSV文件读取成功: config\csv\type_define.csv, 共4行
2025-10-26 00:03:49,567 - src.data.csv_processor - INFO - CSV文件读取成功: config\csv\type_prg.csv, 共4行
2025-10-26 00:03:49,568 - src.business.program_matcher - INFO - 程序匹配数据加载成功
2025-10-26 00:03:49,568 - src.data.csv_processor - INFO - CSV文件读取成功: config\csv\load.csv, 共5行
2025-10-26 00:03:49,570 - src.data.csv_processor - INFO - CSV文件读取成功: config\csv\define.csv, 共3行
2025-10-26 00:03:49,570 - src.data.csv_processor - INFO - CSV文件读取成功: config\csv\chngValue.csv, 共37行
2025-10-26 00:03:49,577 - src.data.csv_processor - INFO - CSV文件读取成功: config\csv\calc.csv, 共22行
2025-10-26 00:03:49,580 - src.business.calculation_engine - INFO - 计算数据加载成功
2025-10-26 00:03:49,581 - src.data.csv_processor - INFO - CSV文件读取成功: config\csv\relation.csv, 共21行
2025-10-26 00:03:49,581 - src.business.relation_validator - INFO - 关系数据加载成功
2025-10-26 00:03:49,589 - DNCSystem - INFO - DNC Python 系统初始化成功
2025-10-26 00:14:56,543 - src.communication.named_pipe - WARNING - 命名管道服务器未在运行
2025-10-26 00:14:56,543 - DNCSystem - ERROR - 系统启动失败: 'FileManager' object has no attribute 'close_all_files'
2025-10-26 00:15:13,324 - DNCSystem - INFO - DNC Python 系统启动
2025-10-26 00:15:13,324 - src.core.config - INFO - 配置加载成功
2025-10-26 00:15:13,324 - src.data.csv_processor - INFO - CSV文件读取成功: config\csv\type_define.csv, 共4行
2025-10-26 00:15:13,324 - src.data.csv_processor - INFO - CSV文件读取成功: config\csv\type_prg.csv, 共4行
2025-10-26 00:15:13,324 - src.business.program_matcher - INFO - 程序匹配数据加载成功
2025-10-26 00:15:13,324 - src.data.csv_processor - INFO - CSV文件读取成功: config\csv\load.csv, 共5行
2025-10-26 00:15:13,324 - src.data.csv_processor - INFO - CSV文件读取成功: config\csv\define.csv, 共3行
2025-10-26 00:15:13,332 - src.data.csv_processor - INFO - CSV文件读取成功: config\csv\chngValue.csv, 共37行
2025-10-26 00:15:13,333 - src.data.csv_processor - INFO - CSV文件读取成功: config\csv\calc.csv, 共22行
2025-10-26 00:15:13,333 - src.business.calculation_engine - INFO - 计算数据加载成功
2025-10-26 00:15:13,333 - src.data.csv_processor - INFO - CSV文件读取成功: config\csv\relation.csv, 共21行
2025-10-26 00:15:13,333 - src.business.relation_validator - INFO - 关系数据加载成功
2025-10-26 00:15:13,340 - DNCSystem - INFO - DNC Python 系统初始化成功
2025-10-26 00:15:16,876 - src.communication.named_pipe - WARNING - 命名管道服务器未在运行
2025-10-26 00:15:16,877 - DNCSystem - ERROR - 系统启动失败: 'FileManager' object has no attribute 'close_all_files'
2025-10-26 00:19:38,867 - DNCSystem - INFO - DNC Python 系统启动
2025-10-26 00:19:38,874 - src.core.config - INFO - 配置加载成功
2025-10-26 00:19:38,874 - src.data.csv_processor - INFO - CSV文件读取成功: config\csv\type_define.csv, 共4行
2025-10-26 00:19:38,874 - src.data.csv_processor - INFO - CSV文件读取成功: config\csv\type_prg.csv, 共4行
2025-10-26 00:19:38,874 - src.business.program_matcher - INFO - 程序匹配数据加载成功
2025-10-26 00:19:38,874 - src.data.csv_processor - INFO - CSV文件读取成功: config\csv\load.csv, 共5行
2025-10-26 00:19:38,874 - src.data.csv_processor - INFO - CSV文件读取成功: config\csv\define.csv, 共3行
2025-10-26 00:19:38,876 - src.data.csv_processor - INFO - CSV文件读取成功: config\csv\chngValue.csv, 共37行
2025-10-26 00:19:38,876 - src.data.csv_processor - INFO - CSV文件读取成功: config\csv\calc.csv, 共22行
2025-10-26 00:19:38,877 - src.business.calculation_engine - INFO - 计算数据加载成功
2025-10-26 00:19:38,877 - src.data.csv_processor - INFO - CSV文件读取成功: config\csv\relation.csv, 共21行
2025-10-26 00:19:38,877 - src.business.relation_validator - INFO - 关系数据加载成功
2025-10-26 00:19:38,883 - DNCSystem - INFO - DNC Python 系统初始化成功
2025-10-26 00:22:20,553 - src.communication.named_pipe - WARNING - 命名管道服务器未在运行
2025-10-26 00:22:20,554 - src.data.file_manager - INFO - 所有文件已关闭
2025-10-26 00:22:27,180 - DNCSystem - INFO - DNC Python 系统启动
2025-10-26 00:22:27,180 - src.core.config - INFO - 配置加载成功
2025-10-26 00:22:27,180 - src.data.csv_processor - INFO - CSV文件读取成功: config\csv\type_define.csv, 共4行
2025-10-26 00:22:27,180 - src.data.csv_processor - INFO - CSV文件读取成功: config\csv\type_prg.csv, 共4行
2025-10-26 00:22:27,180 - src.business.program_matcher - INFO - 程序匹配数据加载成功
2025-10-26 00:22:27,180 - src.data.csv_processor - INFO - CSV文件读取成功: config\csv\load.csv, 共5行
2025-10-26 00:22:27,180 - src.data.csv_processor - INFO - CSV文件读取成功: config\csv\define.csv, 共3行
2025-10-26 00:22:27,180 - src.data.csv_processor - INFO - CSV文件读取成功: config\csv\chngValue.csv, 共37行
2025-10-26 00:22:27,180 - src.data.csv_processor - INFO - CSV文件读取成功: config\csv\calc.csv, 共22行
2025-10-26 00:22:27,180 - src.business.calculation_engine - INFO - 计算数据加载成功
2025-10-26 00:22:27,185 - src.data.csv_processor - INFO - CSV文件读取成功: config\csv\relation.csv, 共21行
2025-10-26 00:22:27,185 - src.business.relation_validator - INFO - 关系数据加载成功
2025-10-26 00:22:27,190 - DNCSystem - INFO - DNC Python 系统初始化成功
2025-10-26 00:28:52,489 - DNCSystem - INFO - DNC Python 系统启动
2025-10-26 00:28:52,489 - src.core.config - INFO - 配置加载成功
2025-10-26 00:28:52,489 - src.data.csv_processor - INFO - CSV文件读取成功: config\csv\type_define.csv, 共4行
2025-10-26 00:28:52,489 - src.data.csv_processor - INFO - CSV文件读取成功: config\csv\type_prg.csv, 共4行
2025-10-26 00:28:52,489 - src.business.program_matcher - INFO - 程序匹配数据加载成功
2025-10-26 00:28:52,489 - src.data.csv_processor - INFO - CSV文件读取成功: config\csv\load.csv, 共5行
2025-10-26 00:28:52,497 - src.data.csv_processor - INFO - CSV文件读取成功: config\csv\define.csv, 共3行
2025-10-26 00:28:52,497 - src.data.csv_processor - INFO - CSV文件读取成功: config\csv\chngValue.csv, 共37行
2025-10-26 00:28:52,497 - src.data.csv_processor - INFO - CSV文件读取成功: config\csv\calc.csv, 共22行
2025-10-26 00:28:52,497 - src.business.calculation_engine - INFO - 计算数据加载成功
2025-10-26 00:28:52,498 - src.data.csv_processor - INFO - CSV文件读取成功: config\csv\relation.csv, 共21行
2025-10-26 00:28:52,498 - src.business.relation_validator - INFO - 关系数据加载成功
2025-10-26 00:28:52,503 - DNCSystem - INFO - DNC Python 系统初始化成功
2025-10-26 00:28:57,215 - src.communication.named_pipe - WARNING - 命名管道服务器未在运行
2025-10-26 00:28:57,215 - src.data.file_manager - INFO - 所有文件已关闭
2025-10-26 00:31:06,923 - DNCSystem - INFO - DNC Python 系统启动
2025-10-26 00:31:06,923 - src.core.config - INFO - 配置加载成功
2025-10-26 00:31:06,923 - src.data.csv_processor - INFO - CSV文件读取成功: config\csv\type_define.csv, 共4行
2025-10-26 00:31:06,923 - src.data.csv_processor - INFO - CSV文件读取成功: config\csv\type_prg.csv, 共4行
2025-10-26 00:31:06,923 - src.business.program_matcher - INFO - 程序匹配数据加载成功
2025-10-26 00:31:06,928 - src.data.csv_processor - INFO - CSV文件读取成功: config\csv\load.csv, 共5行
2025-10-26 00:31:06,928 - src.data.csv_processor - INFO - CSV文件读取成功: config\csv\define.csv, 共3行
2025-10-26 00:31:06,929 - src.data.csv_processor - INFO - CSV文件读取成功: config\csv\chngValue.csv, 共37行
2025-10-26 00:31:06,929 - src.data.csv_processor - INFO - CSV文件读取成功: config\csv\calc.csv, 共22行
2025-10-26 00:31:06,929 - src.business.calculation_engine - INFO - 计算数据加载成功
2025-10-26 00:31:06,930 - src.data.csv_processor - INFO - CSV文件读取成功: config\csv\relation.csv, 共21行
2025-10-26 00:31:06,930 - src.business.relation_validator - INFO - 关系数据加载成功
2025-10-26 00:31:06,934 - DNCSystem - INFO - DNC Python 系统初始化成功
2025-10-26 00:31:24,551 - src.ui.main_window - ERROR - 连接设备失败: 'DNCApplication' object has no attribute 'connect_to_device'
2025-10-26 00:31:28,049 - src.ui.main_window - ERROR - 断开设备失败: 'DNCApplication' object has no attribute 'disconnect_from_device'
2025-10-26 00:31:38,308 - src.ui.main_window - ERROR - 计算参数失败: 'DNCApplication' object has no attribute 'calculate_parameters'
2025-10-26 00:32:35,296 - src.ui.main_window - INFO - 参数已更新: {'basic': {'workpiece_name': '', 'workpiece_id': '', 'process_type': '铣削', 'precision': '普通'}, 'geometry': {'length': 0.0, 'width': 0.0, 'height': 0.0, 'diameter': 0.0, 'angle': 0.0}, 'process': {'spindle_speed': 0.0, 'feed_rate': 0.0, 'cut_depth': 0.0, 'cut_width': 0.0}, 'material': {'material_type': '碳钢', 'material_hardness': '软', 'material_strength': 0.0}, 'model': {'model_type': '自动识别', 'model_description': '请选择或输入型号', 'current_model': None}}
2025-10-26 00:35:49,580 - DNCSystem - INFO - DNC Python 系统启动
2025-10-26 00:35:49,580 - src.core.config - INFO - 配置加载成功
2025-10-26 00:35:49,590 - src.data.csv_processor - INFO - CSV文件读取成功: config\csv\type_define.csv, 共4行
2025-10-26 00:35:49,590 - src.data.csv_processor - INFO - CSV文件读取成功: config\csv\type_prg.csv, 共4行
2025-10-26 00:35:49,590 - src.business.program_matcher - INFO - 程序匹配数据加载成功
2025-10-26 00:35:49,590 - src.data.csv_processor - INFO - CSV文件读取成功: config\csv\load.csv, 共5行
2025-10-26 00:35:49,590 - src.data.csv_processor - INFO - CSV文件读取成功: config\csv\define.csv, 共3行
2025-10-26 00:35:49,592 - src.data.csv_processor - INFO - CSV文件读取成功: config\csv\chngValue.csv, 共37行
2025-10-26 00:35:49,593 - src.data.csv_processor - INFO - CSV文件读取成功: config\csv\calc.csv, 共22行
2025-10-26 00:35:49,593 - src.business.calculation_engine - INFO - 计算数据加载成功
2025-10-26 00:35:49,593 - src.data.csv_processor - INFO - CSV文件读取成功: config\csv\relation.csv, 共21行
2025-10-26 00:35:49,594 - src.business.relation_validator - INFO - 关系数据加载成功
2025-10-26 00:35:49,599 - DNCSystem - INFO - DNC Python 系统初始化成功
2025-10-26 00:36:49,554 - src.ui.main_window - INFO - 型号已更新: 手动选择
2025-10-26 00:40:16,543 - DNCSystem - INFO - DNC Python 系统启动
2025-10-26 00:40:16,559 - src.core.config - INFO - 配置加载成功
2025-10-26 00:40:16,559 - src.data.csv_processor - INFO - CSV文件读取成功: config\csv\type_define.csv, 共4行
2025-10-26 00:40:16,559 - src.data.csv_processor - INFO - CSV文件读取成功: config\csv\type_prg.csv, 共4行
2025-10-26 00:40:16,559 - src.business.program_matcher - INFO - 程序匹配数据加载成功
2025-10-26 00:40:16,559 - src.data.csv_processor - INFO - CSV文件读取成功: config\csv\load.csv, 共5行
2025-10-26 00:40:16,559 - src.data.csv_processor - INFO - CSV文件读取成功: config\csv\define.csv, 共3行
2025-10-26 00:40:16,563 - src.data.csv_processor - INFO - CSV文件读取成功: config\csv\chngValue.csv, 共37行
2025-10-26 00:40:16,563 - src.data.csv_processor - INFO - CSV文件读取成功: config\csv\calc.csv, 共22行
2025-10-26 00:40:16,564 - src.business.calculation_engine - INFO - 计算数据加载成功
2025-10-26 00:40:16,564 - src.data.csv_processor - INFO - CSV文件读取成功: config\csv\relation.csv, 共21行
2025-10-26 00:40:16,564 - src.business.relation_validator - INFO - 关系数据加载成功
2025-10-26 00:40:16,570 - DNCSystem - INFO - DNC Python 系统初始化成功
2025-10-26 00:41:28,589 - src.ui.main_window - INFO - 参数已更新: {'basic': {'workpiece_name': '', 'workpiece_id': '', 'process_type': '铣削', 'precision': '普通'}, 'geometry': {'length': 0.0, 'width': 0.0, 'height': 0.0, 'diameter': 0.0, 'angle': 0.0}, 'process': {'spindle_speed': 0.0, 'feed_rate': 0.0, 'cut_depth': 0.0, 'cut_width': 0.0}, 'material': {'material_type': '碳钢', 'material_hardness': '软', 'material_strength': 0.0}, 'model': {'model_type': '自动识别', 'model_description': '123@rtert@3\n', 'current_model': None}}
2025-10-26 00:46:40,286 - DNCSystem - INFO - DNC Python 系统启动
2025-10-26 00:46:40,288 - src.core.config - INFO - 配置加载成功
2025-10-26 00:46:40,288 - src.data.csv_processor - INFO - CSV文件读取成功: config\csv\type_define.csv, 共4行
2025-10-26 00:46:40,288 - src.data.csv_processor - INFO - CSV文件读取成功: config\csv\type_prg.csv, 共4行
2025-10-26 00:46:40,288 - src.business.program_matcher - INFO - 程序匹配数据加载成功
2025-10-26 00:46:40,288 - src.data.csv_processor - INFO - CSV文件读取成功: config\csv\load.csv, 共5行
2025-10-26 00:46:40,288 - src.data.csv_processor - INFO - CSV文件读取成功: config\csv\define.csv, 共3行
2025-10-26 00:46:40,288 - src.data.csv_processor - INFO - CSV文件读取成功: config\csv\chngValue.csv, 共37行
2025-10-26 00:46:40,292 - src.data.csv_processor - INFO - CSV文件读取成功: config\csv\calc.csv, 共22行
2025-10-26 00:46:40,292 - src.business.calculation_engine - INFO - 计算数据加载成功
2025-10-26 00:46:40,293 - src.data.csv_processor - INFO - CSV文件读取成功: config\csv\relation.csv, 共21行
2025-10-26 00:46:40,293 - src.business.relation_validator - INFO - 关系数据加载成功
2025-10-26 00:46:40,297 - DNCSystem - INFO - DNC Python 系统初始化成功
2025-10-26 00:46:43,974 - src.ui.main_window - INFO - 参数已更新: {'basic': {'workpiece_name': '', 'workpiece_id': '', 'process_type': '铣削', 'precision': '普通'}, 'geometry': {'length': 0.0, 'width': 0.0, 'height': 0.0, 'diameter': 0.0, 'angle': 0.0}, 'process': {'spindle_speed': 0.0, 'feed_rate': 0.0, 'cut_depth': 0.0, 'cut_width': 0.0}, 'material': {'material_type': '碳钢', 'material_hardness': '软', 'material_strength': 0.0}, 'model': {'model_type': '自动识别', 'model_description': '', 'current_model': None}}
2025-10-26 00:46:57,896 - src.ui.main_window - INFO - 参数已更新: {'basic': {'workpiece_name': '', 'workpiece_id': '', 'process_type': '铣削', 'precision': '普通'}, 'geometry': {'length': 0.0, 'width': 0.0, 'height': 0.0, 'diameter': 0.0, 'angle': 0.0}, 'process': {'spindle_speed': 0.0, 'feed_rate': 0.0, 'cut_depth': 0.0, 'cut_width': 0.0}, 'material': {'material_type': '碳钢', 'material_hardness': '软', 'material_strength': 0.0}, 'model': {'model_type': '自动识别', 'model_description': '123@asdf@#', 'current_model': None}}
2025-10-26 00:46:57,896 - src.business.model_recognizer - INFO - 开始识别QR码: 123@asdf@#
2025-10-26 00:46:57,896 - src.business.model_recognizer - INFO - 型号识别完成: asdf, 置信度: 0.0
2025-10-26 00:47:29,031 - src.ui.main_window - INFO - 参数已更新: {'basic': {'workpiece_name': '', 'workpiece_id': '', 'process_type': '铣削', 'precision': '普通'}, 'geometry': {'length': 0.0, 'width': 0.0, 'height': 0.0, 'diameter': 0.0, 'angle': 0.0}, 'process': {'spindle_speed': 0.0, 'feed_rate': 0.0, 'cut_depth': 0.0, 'cut_width': 0.0}, 'material': {'material_type': '碳钢', 'material_hardness': '软', 'material_strength': 0.0}, 'model': {'model_type': '自动识别', 'model_description': '234@qerq@#', 'current_model': None}}
2025-10-26 00:47:29,034 - src.business.model_recognizer - INFO - 开始识别QR码: 234@qerq@#
2025-10-26 00:47:29,034 - src.business.model_recognizer - INFO - 型号识别完成: qerq, 置信度: 0.0
2025-10-26 00:50:36,897 - src.communication.named_pipe - WARNING - 命名管道服务器未在运行
2025-10-26 00:50:36,897 - src.data.file_manager - INFO - 所有文件已关闭
2025-10-26 07:04:33,647 - DNCSystem - INFO - DNC Python 系统启动
2025-10-26 07:04:33,647 - src.core.config - INFO - 配置加载成功
2025-10-26 07:04:33,647 - src.data.csv_processor - INFO - CSV文件读取成功: config\csv\type_define.csv, 共4行
2025-10-26 07:04:33,647 - src.data.csv_processor - INFO - CSV文件读取成功: config\csv\type_prg.csv, 共4行
2025-10-26 07:04:33,647 - src.business.program_matcher - INFO - 程序匹配数据加载成功
2025-10-26 07:04:33,647 - src.data.csv_processor - INFO - CSV文件读取成功: config\csv\load.csv, 共5行
2025-10-26 07:04:33,647 - src.data.csv_processor - INFO - CSV文件读取成功: config\csv\define.csv, 共3行
2025-10-26 07:04:33,654 - src.data.csv_processor - INFO - CSV文件读取成功: config\csv\chngValue.csv, 共37行
2025-10-26 07:04:33,654 - src.data.csv_processor - INFO - CSV文件读取成功: config\csv\calc.csv, 共22行
2025-10-26 07:04:33,654 - src.business.calculation_engine - INFO - 计算数据加载成功
2025-10-26 07:04:33,655 - src.data.csv_processor - INFO - CSV文件读取成功: config\csv\relation.csv, 共21行
2025-10-26 07:04:33,655 - src.business.relation_validator - INFO - 关系数据加载成功
2025-10-26 07:04:33,662 - DNCSystem - INFO - DNC Python 系统初始化成功
2025-10-26 07:05:29,860 - src.ui.main_window - INFO - 参数已更新: {'basic': {'workpiece_name': '', 'workpiece_id': '', 'process_type': '铣削', 'precision': '普通'}, 'geometry': {'length': 0.0, 'width': 0.0, 'height': 0.0, 'diameter': 0.0, 'angle': 0.0}, 'process': {'spindle_speed': 0.0, 'feed_rate': 0.0, 'cut_depth': 0.0, 'cut_width': 0.0}, 'material': {'material_type': '碳钢', 'material_hardness': '软', 'material_strength': 0.0}, 'model': {'model_type': '自动识别', 'model_description': '1234@AAA-c@3', 'current_model': None}}
2025-10-26 07:05:29,875 - src.business.model_recognizer - INFO - 开始识别QR码: 1234@AAA-c@3
2025-10-26 07:05:29,875 - src.business.model_recognizer - INFO - 型号识别完成: AAA-c, 置信度: 0.7
2025-10-26 07:05:29,875 - src.ui.main_window - INFO - 型号识别完成: {'model': 'AAA-c', 'qr_code': '1234@AAA-c@3', 'po': '1234', 'quantity': '3', 'recognition_mode': 'mode_1', 'confidence': 0.7, 'error_message': None}
2025-10-26 07:08:24,989 - src.ui.main_window - INFO - 参数已更新: {'basic': {'workpiece_name': '', 'workpiece_id': '', 'process_type': '铣削', 'precision': '普通'}, 'geometry': {'length': 0.0, 'width': 0.0, 'height': 0.0, 'diameter': 0.0, 'angle': 0.0}, 'process': {'spindle_speed': 0.0, 'feed_rate': 0.0, 'cut_depth': 0.0, 'cut_width': 0.0}, 'material': {'material_type': '碳钢', 'material_hardness': '软', 'material_strength': 0.0}, 'model': {'model_type': '自动识别', 'model_description': '123@C-CCC10-5', 'current_model': None}}
2025-10-26 07:08:24,989 - src.business.model_recognizer - INFO - 开始识别QR码: 123@C-CCC10-5
2025-10-26 07:08:24,989 - src.business.model_recognizer - INFO - 型号识别完成: C-CCC10-5, 置信度: 0.0
2025-10-26 07:08:24,989 - src.ui.main_window - INFO - 型号识别完成: {'model': 'C-CCC10-5', 'qr_code': '123@C-CCC10-5', 'po': '123', 'quantity': '', 'recognition_mode': 'mode_1', 'confidence': 0.0, 'error_message': '数量不能为空'}
2025-10-26 07:09:11,149 - src.ui.main_window - INFO - 参数已更新: {'basic': {'workpiece_name': '', 'workpiece_id': '', 'process_type': '铣削', 'precision': '普通'}, 'geometry': {'length': 0.0, 'width': 0.0, 'height': 0.0, 'diameter': 0.0, 'angle': 0.0}, 'process': {'spindle_speed': 0.0, 'feed_rate': 0.0, 'cut_depth': 0.0, 'cut_width': 0.0}, 'material': {'material_type': '碳钢', 'material_hardness': '软', 'material_strength': 0.0}, 'model': {'model_type': '自动识别', 'model_description': '123@C-CCC10-5', 'current_model': None}}
2025-10-26 07:09:11,149 - src.business.model_recognizer - INFO - 开始识别QR码: 123@C-CCC10-5
2025-10-26 07:09:11,149 - src.business.model_recognizer - INFO - 型号识别完成: C-CCC10-5, 置信度: 0.0
2025-10-26 07:09:11,149 - src.ui.main_window - INFO - 型号识别完成: {'model': 'C-CCC10-5', 'qr_code': '123@C-CCC10-5', 'po': '123', 'quantity': '', 'recognition_mode': 'mode_1', 'confidence': 0.0, 'error_message': '数量不能为空'}
2025-10-26 07:09:18,621 - src.ui.main_window - INFO - 参数已更新: {'basic': {'workpiece_name': '', 'workpiece_id': '', 'process_type': '铣削', 'precision': '普通'}, 'geometry': {'length': 0.0, 'width': 0.0, 'height': 0.0, 'diameter': 0.0, 'angle': 0.0}, 'process': {'spindle_speed': 0.0, 'feed_rate': 0.0, 'cut_depth': 0.0, 'cut_width': 0.0}, 'material': {'material_type': '碳钢', 'material_hardness': '软', 'material_strength': 0.0}, 'model': {'model_type': '自动识别', 'model_description': '123@C-CCC10-5', 'current_model': None}}
2025-10-26 07:09:18,623 - src.business.model_recognizer - INFO - 开始识别QR码: 123@C-CCC10-5
2025-10-26 07:09:18,623 - src.business.model_recognizer - INFO - 型号识别完成: C-CCC10-5, 置信度: 0.0
2025-10-26 07:09:18,623 - src.ui.main_window - INFO - 型号识别完成: {'model': 'C-CCC10-5', 'qr_code': '123@C-CCC10-5', 'po': '123', 'quantity': '', 'recognition_mode': 'mode_1', 'confidence': 0.0, 'error_message': '数量不能为空'}
2025-10-26 07:09:41,100 - src.ui.main_window - INFO - 参数已更新: {'basic': {'workpiece_name': '', 'workpiece_id': '', 'process_type': '铣削', 'precision': '普通'}, 'geometry': {'length': 0.0, 'width': 0.0, 'height': 0.0, 'diameter': 0.0, 'angle': 0.0}, 'process': {'spindle_speed': 0.0, 'feed_rate': 0.0, 'cut_depth': 0.0, 'cut_width': 0.0}, 'material': {'material_type': '碳钢', 'material_hardness': '软', 'material_strength': 0.0}, 'model': {'model_type': '自动识别', 'model_description': '123@C-CCC10@5', 'current_model': None}}
2025-10-26 07:09:41,100 - src.business.model_recognizer - INFO - 开始识别QR码: 123@C-CCC10@5
2025-10-26 07:09:41,100 - src.business.model_recognizer - INFO - 型号识别完成: C-CCC10, 置信度: 0.7
2025-10-26 07:09:41,100 - src.ui.main_window - INFO - 型号识别完成: {'model': 'C-CCC10', 'qr_code': '123@C-CCC10@5', 'po': '123', 'quantity': '5', 'recognition_mode': 'mode_1', 'confidence': 0.7, 'error_message': None}
2025-10-26 07:09:45,082 - src.ui.main_window - INFO - 参数已更新: {'basic': {'workpiece_name': '', 'workpiece_id': '', 'process_type': '铣削', 'precision': '普通'}, 'geometry': {'length': 0.0, 'width': 0.0, 'height': 0.0, 'diameter': 0.0, 'angle': 0.0}, 'process': {'spindle_speed': 0.0, 'feed_rate': 0.0, 'cut_depth': 0.0, 'cut_width': 0.0}, 'material': {'material_type': '碳钢', 'material_hardness': '软', 'material_strength': 0.0}, 'model': {'model_type': '自动识别', 'model_description': '123@C-CCC10@5', 'current_model': None}}
2025-10-26 07:09:45,082 - src.business.model_recognizer - INFO - 开始识别QR码: 123@C-CCC10@5
2025-10-26 07:09:45,082 - src.business.model_recognizer - INFO - 型号识别完成: C-CCC10, 置信度: 0.7
2025-10-26 07:09:45,082 - src.ui.main_window - INFO - 型号识别完成: {'model': 'C-CCC10', 'qr_code': '123@C-CCC10@5', 'po': '123', 'quantity': '5', 'recognition_mode': 'mode_1', 'confidence': 0.7, 'error_message': None}
2025-10-26 07:09:47,549 - src.ui.main_window - INFO - 参数已更新: {'basic': {'workpiece_name': '', 'workpiece_id': '', 'process_type': '铣削', 'precision': '普通'}, 'geometry': {'length': 0.0, 'width': 0.0, 'height': 0.0, 'diameter': 0.0, 'angle': 0.0}, 'process': {'spindle_speed': 0.0, 'feed_rate': 0.0, 'cut_depth': 0.0, 'cut_width': 0.0}, 'material': {'material_type': '碳钢', 'material_hardness': '软', 'material_strength': 0.0}, 'model': {'model_type': '自动识别', 'model_description': '123@C-CCC10@5', 'current_model': None}}
2025-10-26 07:09:47,549 - src.business.model_recognizer - INFO - 开始识别QR码: 123@C-CCC10@5
2025-10-26 07:09:47,549 - src.business.model_recognizer - INFO - 型号识别完成: C-CCC10, 置信度: 0.7
2025-10-26 07:09:47,549 - src.ui.main_window - INFO - 型号识别完成: {'model': 'C-CCC10', 'qr_code': '123@C-CCC10@5', 'po': '123', 'quantity': '5', 'recognition_mode': 'mode_1', 'confidence': 0.7, 'error_message': None}
2025-10-26 07:13:24,797 - src.communication.named_pipe - WARNING - 命名管道服务器未在运行
2025-10-26 07:13:24,797 - src.data.file_manager - INFO - 所有文件已关闭
2025-10-26 07:13:39,517 - DNCSystem - INFO - DNC Python 系统启动
2025-10-26 07:13:39,517 - src.core.config - INFO - 配置加载成功
2025-10-26 07:13:39,517 - src.data.csv_processor - INFO - CSV文件读取成功: config\csv\type_define.csv, 共4行
2025-10-26 07:13:39,536 - src.data.csv_processor - INFO - CSV文件读取成功: config\csv\type_prg.csv, 共4行
2025-10-26 07:13:39,536 - src.business.program_matcher - INFO - 程序匹配数据加载成功
2025-10-26 07:13:39,547 - src.data.csv_processor - INFO - CSV文件读取成功: config\csv\load.csv, 共5行
2025-10-26 07:13:39,556 - src.data.csv_processor - INFO - CSV文件读取成功: config\csv\define.csv, 共3行
2025-10-26 07:13:39,556 - src.data.csv_processor - INFO - CSV文件读取成功: config\csv\chngValue.csv, 共37行
2025-10-26 07:13:39,577 - src.data.csv_processor - INFO - CSV文件读取成功: config\csv\calc.csv, 共22行
2025-10-26 07:13:39,577 - src.business.calculation_engine - INFO - 计算数据加载成功
2025-10-26 07:13:39,590 - src.data.csv_processor - INFO - CSV文件读取成功: config\csv\relation.csv, 共21行
2025-10-26 07:13:39,591 - src.business.relation_validator - INFO - 关系数据加载成功
2025-10-26 07:13:39,594 - DNCSystem - INFO - DNC Python 系统初始化成功
2025-10-26 07:14:51,077 - src.ui.main_window - INFO - 参数已更新: {'basic': {'workpiece_name': '', 'workpiece_id': '', 'process_type': '铣削', 'precision': '普通'}, 'geometry': {'length': 0.0, 'width': 0.0, 'height': 0.0, 'diameter': 0.0, 'angle': 0.0}, 'process': {'spindle_speed': 0.0, 'feed_rate': 0.0, 'cut_depth': 0.0, 'cut_width': 0.0}, 'material': {'material_type': '碳钢', 'material_hardness': '软', 'material_strength': 0.0}, 'model': {'model_type': '自动识别', 'model_description': '1234@C-CCC10@10', 'current_model': None}}
2025-10-26 07:14:51,077 - src.business.model_recognizer - INFO - 开始识别QR码: 1234@C-CCC10@10
2025-10-26 07:14:51,077 - src.business.model_recognizer - INFO - 型号识别完成: C-CCC10, 置信度: 0.7
2025-10-26 07:14:51,077 - src.ui.main_window - INFO - 型号识别完成: {'model': 'C-CCC10', 'qr_code': '1234@C-CCC10@10', 'po': '1234', 'quantity': '10', 'recognition_mode': 'mode_1', 'confidence': 0.7, 'error_message': None}
2025-10-26 07:42:57,154 - src.communication.named_pipe - WARNING - 命名管道服务器未在运行
2025-10-26 07:42:57,155 - src.data.file_manager - INFO - 所有文件已关闭
2025-10-26 07:43:01,314 - DNCSystem - INFO - DNC Python 系统启动
2025-10-26 07:43:01,314 - src.core.config - INFO - 配置加载成功
2025-10-26 07:43:01,314 - src.data.csv_processor - INFO - CSV文件读取成功: config\csv\type_define.csv, 共4行
2025-10-26 07:43:01,314 - src.data.csv_processor - INFO - CSV文件读取成功: config\csv\type_prg.csv, 共4行
2025-10-26 07:43:01,314 - src.business.program_matcher - INFO - 程序匹配数据加载成功
2025-10-26 07:43:01,314 - src.data.csv_processor - INFO - CSV文件读取成功: config\csv\load.csv, 共5行
2025-10-26 07:43:01,314 - src.data.csv_processor - INFO - CSV文件读取成功: config\csv\define.csv, 共3行
2025-10-26 07:43:01,323 - src.data.csv_processor - INFO - CSV文件读取成功: config\csv\chngValue.csv, 共37行
2025-10-26 07:43:01,324 - src.data.csv_processor - INFO - CSV文件读取成功: config\csv\calc.csv, 共22行
2025-10-26 07:43:01,324 - src.business.calculation_engine - INFO - 计算数据加载成功
2025-10-26 07:43:01,325 - src.data.csv_processor - INFO - CSV文件读取成功: config\csv\relation.csv, 共21行
2025-10-26 07:43:01,325 - src.business.relation_validator - INFO - 关系数据加载成功
2025-10-26 07:43:01,327 - DNCSystem - INFO - DNC Python 系统初始化成功
2025-10-26 07:43:22,058 - src.ui.main_window - INFO - 参数已更新: {'basic': {'workpiece_name': '', 'workpiece_id': '', 'process_type': '铣削', 'precision': '普通'}, 'geometry': {'length': 0.0, 'width': 0.0, 'height': 0.0, 'diameter': 0.0, 'angle': 0.0}, 'process': {'spindle_speed': 0.0, 'feed_rate': 0.0, 'cut_depth': 0.0, 'cut_width': 0.0}, 'material': {'material_type': '碳钢', 'material_hardness': '软', 'material_strength': 0.0}, 'model': {'model_type': '自动识别', 'model_description': '123@CCC-10@5', 'current_model': None}}
2025-10-26 07:43:22,058 - src.business.model_recognizer - INFO - 开始识别QR码: 123@CCC-10@5
2025-10-26 07:43:22,058 - src.business.model_recognizer - INFO - 型号识别完成: CCC-10, 置信度: 0.7
2025-10-26 07:43:22,058 - src.ui.main_window - INFO - 型号识别完成: {'model': 'CCC-10', 'qr_code': '123@CCC-10@5', 'po': '123', 'quantity': '5', 'recognition_mode': 'mode_1', 'confidence': 0.7, 'error_message': None}
2025-10-26 07:52:54,009 - src.communication.named_pipe - WARNING - 命名管道服务器未在运行
2025-10-26 07:52:54,009 - src.data.file_manager - INFO - 所有文件已关闭
2025-10-26 07:52:59,893 - DNCSystem - INFO - DNC Python 系统启动
2025-10-26 07:52:59,893 - src.core.config - INFO - 配置加载成功
2025-10-26 07:52:59,907 - src.data.csv_processor - INFO - CSV文件读取成功: config\csv\type_define.csv, 共4行
2025-10-26 07:52:59,907 - src.data.csv_processor - INFO - CSV文件读取成功: config\csv\type_prg.csv, 共4行
2025-10-26 07:52:59,907 - src.business.program_matcher - INFO - 程序匹配数据加载成功
2025-10-26 07:52:59,907 - src.data.csv_processor - INFO - CSV文件读取成功: config\csv\load.csv, 共5行
2025-10-26 07:52:59,907 - src.data.csv_processor - INFO - CSV文件读取成功: config\csv\define.csv, 共3行
2025-10-26 07:52:59,907 - src.data.csv_processor - INFO - CSV文件读取成功: config\csv\chngValue.csv, 共37行
2025-10-26 07:52:59,907 - src.data.csv_processor - INFO - CSV文件读取成功: config\csv\calc.csv, 共22行
2025-10-26 07:52:59,907 - src.business.calculation_engine - INFO - 计算数据加载成功
2025-10-26 07:52:59,907 - src.data.csv_processor - INFO - CSV文件读取成功: config\csv\relation.csv, 共21行
2025-10-26 07:52:59,910 - src.business.relation_validator - INFO - 关系数据加载成功
2025-10-26 07:52:59,915 - DNCSystem - INFO - DNC Python 系统初始化成功
2025-10-26 07:53:20,715 - src.ui.main_window - INFO - 参数已更新: {'basic': {'workpiece_name': '', 'workpiece_id': '', 'process_type': '铣削', 'precision': '普通'}, 'geometry': {'length': 0.0, 'width': 0.0, 'height': 0.0, 'diameter': 0.0, 'angle': 0.0}, 'process': {'spindle_speed': 0.0, 'feed_rate': 0.0, 'cut_depth': 0.0, 'cut_width': 0.0}, 'material': {'material_type': '碳钢', 'material_hardness': '软', 'material_strength': 0.0}, 'model': {'model_type': '自动识别', 'model_description': '123@CCC-10@3', 'current_model': None}}
2025-10-26 07:53:20,718 - src.business.model_recognizer - INFO - 开始识别QR码: 123@CCC-10@3
2025-10-26 07:53:20,719 - src.business.model_recognizer - INFO - 型号识别完成: CCC-10, 置信度: 0.7
2025-10-26 07:53:20,719 - src.ui.main_window - INFO - 型号识别完成: {'model': 'CCC-10', 'qr_code': '123@CCC-10@3', 'po': '123', 'quantity': '3', 'recognition_mode': 'mode_1', 'confidence': 0.7, 'error_message': None}
2025-10-26 07:56:05,368 - src.ui.main_window - INFO - 参数已更新: {'basic': {'workpiece_name': '', 'workpiece_id': '', 'process_type': '铣削', 'precision': '普通'}, 'geometry': {'length': 0.0, 'width': 0.0, 'height': 0.0, 'diameter': 0.0, 'angle': 0.0}, 'process': {'spindle_speed': 0.0, 'feed_rate': 0.0, 'cut_depth': 0.0, 'cut_width': 0.0}, 'material': {'material_type': '碳钢', 'material_hardness': '软', 'material_strength': 0.0}, 'model': {'model_type': '自动识别', 'model_description': '123@CCC-10@3', 'current_model': None}}
2025-10-26 07:56:05,374 - src.business.model_recognizer - INFO - 开始识别QR码: 123@CCC-10@3
2025-10-26 07:56:05,374 - src.business.model_recognizer - INFO - 型号识别完成: CCC-10, 置信度: 0.7
2025-10-26 07:56:05,374 - src.ui.main_window - INFO - 型号识别完成: {'model': 'CCC-10', 'qr_code': '123@CCC-10@3', 'po': '123', 'quantity': '3', 'recognition_mode': 'mode_1', 'confidence': 0.7, 'error_message': None}
2025-10-26 08:04:48,943 - DNCSystem - INFO - DNC Python 系统启动
2025-10-26 08:04:48,943 - src.core.config - INFO - 配置加载成功
2025-10-26 08:04:48,943 - src.data.csv_processor - WARNING - CSV文件不存在: config\csv\type_define.csv
2025-10-26 08:04:48,943 - src.data.csv_processor - WARNING - CSV文件不存在: config\csv\type_prg.csv
2025-10-26 08:04:48,943 - src.business.program_matcher - INFO - 程序匹配数据加载成功
2025-10-26 08:04:48,943 - src.data.csv_processor - WARNING - CSV文件不存在: config\csv\load.csv
2025-10-26 08:04:48,943 - src.data.csv_processor - WARNING - CSV文件不存在: config\csv\define.csv
2025-10-26 08:04:48,943 - src.data.csv_processor - WARNING - CSV文件不存在: config\csv\chngValue.csv
2025-10-26 08:04:48,943 - src.data.csv_processor - WARNING - CSV文件不存在: config\csv\calc.csv
2025-10-26 08:04:48,943 - src.business.calculation_engine - INFO - 计算数据加载成功
2025-10-26 08:04:48,943 - src.data.csv_processor - WARNING - CSV文件不存在: config\csv\relation.csv
2025-10-26 08:04:48,943 - src.business.relation_validator - INFO - 关系数据加载成功
2025-10-26 08:04:48,956 - DNCSystem - INFO - DNC Python 系统初始化成功
2025-10-26 08:05:10,388 - src.communication.named_pipe - WARNING - 命名管道服务器未在运行
2025-10-26 08:05:10,389 - src.data.file_manager - INFO - 所有文件已关闭
2025-10-26 08:05:22,643 - DNCSystem - INFO - DNC Python 系统启动
2025-10-26 08:05:22,643 - src.core.config - INFO - 配置加载成功
2025-10-26 08:05:22,654 - src.data.csv_processor - WARNING - CSV文件不存在: config\csv\type_define.csv
2025-10-26 08:05:22,654 - src.data.csv_processor - WARNING - CSV文件不存在: config\csv\type_prg.csv
2025-10-26 08:05:22,654 - src.business.program_matcher - INFO - 程序匹配数据加载成功
2025-10-26 08:05:22,654 - src.data.csv_processor - WARNING - CSV文件不存在: config\csv\load.csv
2025-10-26 08:05:22,654 - src.data.csv_processor - WARNING - CSV文件不存在: config\csv\define.csv
2025-10-26 08:05:22,654 - src.data.csv_processor - WARNING - CSV文件不存在: config\csv\chngValue.csv
2025-10-26 08:05:22,656 - src.data.csv_processor - WARNING - CSV文件不存在: config\csv\calc.csv
2025-10-26 08:05:22,656 - src.business.calculation_engine - INFO - 计算数据加载成功
2025-10-26 08:05:22,656 - src.data.csv_processor - WARNING - CSV文件不存在: config\csv\relation.csv
2025-10-26 08:05:22,656 - src.business.relation_validator - INFO - 关系数据加载成功
2025-10-26 08:05:22,663 - DNCSystem - INFO - DNC Python 系统初始化成功
2025-10-26 08:05:51,724 - src.communication.named_pipe - WARNING - 命名管道服务器未在运行
2025-10-26 08:05:51,726 - src.data.file_manager - INFO - 所有文件已关闭
2025-10-26 10:08:32,107 - DNCSystem - INFO - DNC Python 系统启动
2025-10-26 10:08:32,122 - src.core.config - INFO - 配置加载成功
2025-10-26 10:08:32,122 - src.data.csv_processor - WARNING - CSV文件不存在: config\csv\type_define.csv
2025-10-26 10:08:32,123 - src.data.csv_processor - WARNING - CSV文件不存在: config\csv\type_prg.csv
2025-10-26 10:08:32,123 - src.business.program_matcher - INFO - 程序匹配数据加载成功
2025-10-26 10:08:32,123 - src.data.csv_processor - WARNING - CSV文件不存在: config\csv\load.csv
2025-10-26 10:08:32,123 - src.data.csv_processor - WARNING - CSV文件不存在: config\csv\define.csv
2025-10-26 10:08:32,124 - src.data.csv_processor - WARNING - CSV文件不存在: config\csv\chngValue.csv
2025-10-26 10:08:32,124 - src.data.csv_processor - WARNING - CSV文件不存在: config\csv\calc.csv
2025-10-26 10:08:32,124 - src.business.calculation_engine - INFO - 计算数据加载成功
2025-10-26 10:08:32,124 - src.data.csv_processor - WARNING - CSV文件不存在: config\csv\relation.csv
2025-10-26 10:08:32,124 - src.business.relation_validator - INFO - 关系数据加载成功
2025-10-26 10:08:32,143 - DNCSystem - INFO - DNC Python 系统初始化成功
2025-10-26 10:09:55,225 - src.communication.named_pipe - WARNING - 命名管道服务器未在运行
2025-10-26 10:09:55,225 - src.data.file_manager - INFO - 所有文件已关闭
2025-10-26 10:10:01,436 - DNCSystem - INFO - DNC Python 系统启动
2025-10-26 10:10:01,441 - src.core.config - INFO - 配置加载成功
2025-10-26 10:10:01,442 - src.data.csv_processor - WARNING - CSV文件不存在: config\csv\type_define.csv
2025-10-26 10:10:01,442 - src.data.csv_processor - WARNING - CSV文件不存在: config\csv\type_prg.csv
2025-10-26 10:10:01,442 - src.business.program_matcher - INFO - 程序匹配数据加载成功
2025-10-26 10:10:01,443 - src.data.csv_processor - WARNING - CSV文件不存在: config\csv\load.csv
2025-10-26 10:10:01,443 - src.data.csv_processor - WARNING - CSV文件不存在: config\csv\define.csv
2025-10-26 10:10:01,444 - src.data.csv_processor - WARNING - CSV文件不存在: config\csv\chngValue.csv
2025-10-26 10:10:01,444 - src.data.csv_processor - WARNING - CSV文件不存在: config\csv\calc.csv
2025-10-26 10:10:01,444 - src.business.calculation_engine - INFO - 计算数据加载成功
2025-10-26 10:10:01,444 - src.data.csv_processor - WARNING - CSV文件不存在: config\csv\relation.csv
2025-10-26 10:10:01,445 - src.business.relation_validator - INFO - 关系数据加载成功
2025-10-26 10:10:01,450 - DNCSystem - INFO - DNC Python 系统初始化成功
2025-10-26 10:10:22,312 - src.communication.named_pipe - WARNING - 命名管道服务器未在运行
2025-10-26 10:10:22,312 - src.data.file_manager - INFO - 所有文件已关闭
2025-10-26 10:17:08,704 - DNCSystem - INFO - DNC Python 系统启动
2025-10-26 10:17:08,709 - src.core.config - INFO - 配置加载成功
2025-10-26 10:17:08,709 - src.data.csv_processor - INFO - CSV文件读取成功: config\master\type_define.csv, 共10行
2025-10-26 10:17:08,731 - src.data.csv_processor - INFO - CSV文件读取成功: config\master\type_prg.csv, 共10行
2025-10-26 10:17:08,732 - src.business.program_matcher - INFO - 程序匹配数据加载成功
2025-10-26 10:17:08,732 - src.data.csv_processor - WARNING - CSV文件不存在: config\master\load.csv
2025-10-26 10:17:08,732 - src.data.csv_processor - WARNING - CSV文件不存在: config\master\define.csv
2025-10-26 10:17:08,733 - src.data.csv_processor - WARNING - CSV文件不存在: config\master\chngValue.csv
2025-10-26 10:17:08,733 - src.data.csv_processor - WARNING - CSV文件不存在: config\master\calc.csv
2025-10-26 10:17:08,733 - src.business.calculation_engine - INFO - 计算数据加载成功
2025-10-26 10:17:08,733 - src.data.csv_processor - WARNING - CSV文件不存在: config\master\relation.csv
2025-10-26 10:17:08,733 - src.business.relation_validator - INFO - 关系数据加载成功
2025-10-26 10:17:08,740 - DNCSystem - INFO - DNC Python 系统初始化成功
2025-10-26 10:17:31,929 - src.communication.named_pipe - WARNING - 命名管道服务器未在运行
2025-10-26 10:17:31,929 - src.data.file_manager - INFO - 所有文件已关闭
2025-10-26 10:17:40,927 - DNCSystem - INFO - DNC Python 系统启动
2025-10-26 10:17:40,927 - src.core.config - INFO - 配置加载成功
2025-10-26 10:17:40,927 - src.data.csv_processor - INFO - CSV文件读取成功: config\master\type_define.csv, 共10行
2025-10-26 10:17:40,927 - src.data.csv_processor - INFO - CSV文件读取成功: config\master\type_prg.csv, 共10行
2025-10-26 10:17:40,927 - src.business.program_matcher - INFO - 程序匹配数据加载成功
2025-10-26 10:17:40,927 - src.data.csv_processor - WARNING - CSV文件不存在: config\master\load.csv
2025-10-26 10:17:40,927 - src.data.csv_processor - WARNING - CSV文件不存在: config\master\define.csv
2025-10-26 10:17:40,937 - src.data.csv_processor - WARNING - CSV文件不存在: config\master\chngValue.csv
2025-10-26 10:17:40,937 - src.data.csv_processor - WARNING - CSV文件不存在: config\master\calc.csv
2025-10-26 10:17:40,937 - src.business.calculation_engine - INFO - 计算数据加载成功
2025-10-26 10:17:40,937 - src.data.csv_processor - WARNING - CSV文件不存在: config\master\relation.csv
2025-10-26 10:17:40,938 - src.business.relation_validator - INFO - 关系数据加载成功
2025-10-26 10:17:40,942 - DNCSystem - INFO - DNC Python 系统初始化成功
2025-10-26 10:23:32,668 - src.communication.named_pipe - WARNING - 命名管道服务器未在运行
2025-10-26 10:23:32,668 - src.data.file_manager - INFO - 所有文件已关闭
2025-10-26 10:59:25,848 - DNCSystem - INFO - DNC Python 系统启动
2025-10-26 10:59:25,849 - src.core.config - INFO - 配置加载成功
2025-10-26 10:59:25,849 - src.data.csv_processor - INFO - CSV文件读取成功: config\master\type_define.csv, 共10行
2025-10-26 10:59:25,849 - src.data.csv_processor - INFO - CSV文件读取成功: config\master\type_prg.csv, 共10行
2025-10-26 10:59:25,849 - src.business.program_matcher - INFO - 程序匹配数据加载成功
2025-10-26 10:59:25,849 - src.data.csv_processor - WARNING - CSV文件不存在: config\master\load.csv
2025-10-26 10:59:25,849 - src.data.csv_processor - WARNING - CSV文件不存在: config\master\define.csv
2025-10-26 10:59:25,849 - src.data.csv_processor - WARNING - CSV文件不存在: config\master\chngValue.csv
2025-10-26 10:59:25,853 - src.data.csv_processor - WARNING - CSV文件不存在: config\master\calc.csv
2025-10-26 10:59:25,853 - src.business.calculation_engine - INFO - 计算数据加载成功
2025-10-26 10:59:25,853 - src.data.csv_processor - WARNING - CSV文件不存在: config\master\relation.csv
2025-10-26 10:59:25,853 - src.business.relation_validator - INFO - 关系数据加载成功
2025-10-26 10:59:25,859 - DNCSystem - INFO - DNC Python 系统初始化成功
2025-10-26 11:24:03,669 - src.communication.named_pipe - WARNING - 命名管道服务器未在运行
2025-10-26 11:24:03,675 - src.data.file_manager - INFO - 所有文件已关闭
2025-10-26 11:59:51,422 - DNCSystem - INFO - DNC Python 系统启动
2025-10-26 11:59:51,440 - src.core.config - INFO - 配置加载成功
2025-10-26 11:59:51,440 - src.data.csv_processor - ERROR - 配置管理器未设置，无法使用动态路径查找
2025-10-26 11:59:51,440 - src.data.csv_processor - ERROR - 配置管理器未设置，无法使用动态路径查找
2025-10-26 11:59:51,440 - src.business.program_matcher - INFO - 程序匹配数据加载成功
2025-10-26 11:59:51,440 - src.data.csv_processor - ERROR - 配置管理器未设置，无法使用动态路径查找
2025-10-26 11:59:51,440 - src.data.csv_processor - ERROR - 配置管理器未设置，无法使用动态路径查找
2025-10-26 11:59:51,443 - src.data.csv_processor - ERROR - 配置管理器未设置，无法使用动态路径查找
2025-10-26 11:59:51,443 - src.data.csv_processor - ERROR - 配置管理器未设置，无法使用动态路径查找
2025-10-26 11:59:51,443 - src.business.calculation_engine - INFO - 计算数据加载成功
2025-10-26 11:59:51,443 - src.data.csv_processor - ERROR - 配置管理器未设置，无法使用动态路径查找
2025-10-26 11:59:51,443 - src.business.relation_validator - INFO - 关系数据加载成功
2025-10-26 11:59:51,500 - DNCSystem - INFO - DNC Python 系统初始化成功
2025-10-26 12:00:53,869 - src.ui.main_window - INFO - 参数已更新: {'basic': {'workpiece_name': '', 'workpiece_id': '', 'process_type': '铣削', 'precision': '普通'}, 'geometry': {'length': 0.0, 'width': 0.0, 'height': 0.0, 'diameter': 0.0, 'angle': 0.0}, 'process': {'spindle_speed': 0.0, 'feed_rate': 0.0, 'cut_depth': 0.0, 'cut_width': 0.0}, 'material': {'material_type': '碳钢', 'material_hardness': '软', 'material_strength': 0.0}, 'model': {'model_type': '自动识别', 'model_description': '123@GPA30GT15040_B@3', 'current_model': None}}
2025-10-26 12:00:53,874 - src.business.model_recognizer - INFO - 开始识别QR码: 123@GPA30GT15040_B@3
2025-10-26 12:00:53,874 - src.business.model_recognizer - INFO - 型号识别完成: GPA30GT15040_B, 置信度: 0.7
2025-10-26 12:00:53,874 - src.ui.main_window - INFO - 型号识别完成: {'model': 'GPA30GT15040_B', 'qr_code': '123@GPA30GT15040_B@3', 'po': '123', 'quantity': '3', 'recognition_mode': 'mode_1', 'confidence': 0.7, 'error_message': None}
2025-10-26 13:09:49,690 - src.communication.named_pipe - WARNING - 命名管道服务器未在运行
2025-10-26 13:09:49,690 - src.data.file_manager - INFO - 所有文件已关闭
2025-10-26 13:11:16,946 - DNCSystem - INFO - DNC Python 系统启动
2025-10-26 13:11:16,946 - src.core.config - INFO - 配置加载成功
2025-10-26 13:11:16,946 - src.data.csv_processor - INFO - CSV文件读取成功: config\master\type_define.csv, 共10行
2025-10-26 13:11:16,946 - src.data.csv_processor - INFO - CSV文件读取成功: config\master\type_prg.csv, 共10行
2025-10-26 13:11:16,946 - src.business.program_matcher - INFO - 程序匹配数据加载成功
2025-10-26 13:11:16,946 - src.data.csv_processor - WARNING - CSV文件不存在: config\master\load.csv
2025-10-26 13:11:16,956 - src.data.csv_processor - WARNING - CSV文件不存在: config\master\define.csv
2025-10-26 13:11:16,956 - src.data.csv_processor - WARNING - CSV文件不存在: config\master\chngValue.csv
2025-10-26 13:11:16,957 - src.data.csv_processor - WARNING - CSV文件不存在: config\master\calc.csv
2025-10-26 13:11:16,958 - src.business.calculation_engine - INFO - 计算数据加载成功
2025-10-26 13:11:16,958 - src.data.csv_processor - WARNING - CSV文件不存在: config\master\relation.csv
2025-10-26 13:11:16,958 - src.business.relation_validator - INFO - 关系数据加载成功
2025-10-26 13:11:16,963 - DNCSystem - INFO - DNC Python 系统初始化成功
2025-10-26 13:12:03,243 - src.ui.main_window - INFO - 参数已更新: {'basic': {'workpiece_name': '', 'workpiece_id': '', 'process_type': '铣削', 'precision': '普通'}, 'geometry': {'length': 0.0, 'width': 0.0, 'height': 0.0, 'diameter': 0.0, 'angle': 0.0}, 'process': {'spindle_speed': 0.0, 'feed_rate': 0.0, 'cut_depth': 0.0, 'cut_width': 0.0}, 'material': {'material_type': '碳钢', 'material_hardness': '软', 'material_strength': 0.0}, 'model': {'model_type': '自动识别', 'model_description': '1232@sdfas@3', 'current_model': None}}
2025-10-26 13:12:03,249 - src.business.model_recognizer - INFO - 开始识别QR码: 1232@sdfas@3
2025-10-26 13:12:03,249 - src.business.model_recognizer - INFO - 型号识别完成: sdfas, 置信度: 0.7
2025-10-26 13:12:03,249 - src.ui.main_window - INFO - 型号识别完成: {'model': 'sdfas', 'qr_code': '1232@sdfas@3', 'po': '1232', 'quantity': '3', 'recognition_mode': 'mode_1', 'confidence': 0.7, 'error_message': None}
2025-10-26 13:13:50,171 - src.communication.named_pipe - WARNING - 命名管道服务器未在运行
2025-10-26 13:13:50,171 - src.data.file_manager - INFO - 所有文件已关闭
2025-10-26 13:14:18,093 - DNCSystem - INFO - DNC Python 系统启动
2025-10-26 13:14:18,093 - src.core.config - INFO - 配置加载成功
2025-10-26 13:14:18,093 - src.data.csv_processor - INFO - CSV文件读取成功: config\master\type_define.csv, 共10行
2025-10-26 13:14:18,093 - src.data.csv_processor - INFO - CSV文件读取成功: config\master\type_prg.csv, 共10行
2025-10-26 13:14:18,093 - src.business.program_matcher - INFO - 程序匹配数据加载成功
2025-10-26 13:14:18,093 - src.data.csv_processor - WARNING - CSV文件不存在: config\master\load.csv
2025-10-26 13:14:18,093 - src.data.csv_processor - WARNING - CSV文件不存在: config\master\define.csv
2025-10-26 13:14:18,093 - src.data.csv_processor - WARNING - CSV文件不存在: config\master\chngValue.csv
2025-10-26 13:14:18,093 - src.data.csv_processor - WARNING - CSV文件不存在: config\master\calc.csv
2025-10-26 13:14:18,099 - src.business.calculation_engine - INFO - 计算数据加载成功
2025-10-26 13:14:18,099 - src.data.csv_processor - WARNING - CSV文件不存在: config\master\relation.csv
2025-10-26 13:14:18,099 - src.business.relation_validator - INFO - 关系数据加载成功
2025-10-26 13:14:18,104 - DNCSystem - INFO - DNC Python 系统初始化成功
2025-10-26 13:16:36,680 - src.communication.named_pipe - WARNING - 命名管道服务器未在运行
2025-10-26 13:16:36,680 - src.data.file_manager - INFO - 所有文件已关闭
2025-10-26 13:16:42,777 - DNCSystem - INFO - DNC Python 系统启动
2025-10-26 13:16:42,777 - src.core.config - INFO - 配置加载成功
2025-10-26 13:16:42,785 - src.data.csv_processor - INFO - CSV文件读取成功: config\master\type_define.csv, 共10行
2025-10-26 13:16:42,785 - src.data.csv_processor - INFO - CSV文件读取成功: config\master\type_prg.csv, 共10行
2025-10-26 13:16:42,785 - src.business.program_matcher - INFO - 程序匹配数据加载成功
2025-10-26 13:16:42,785 - src.data.csv_processor - WARNING - CSV文件不存在: config\master\load.csv
2025-10-26 13:16:42,785 - src.data.csv_processor - WARNING - CSV文件不存在: config\master\define.csv
2025-10-26 13:16:42,785 - src.data.csv_processor - WARNING - CSV文件不存在: config\master\chngValue.csv
2025-10-26 13:16:42,787 - src.data.csv_processor - WARNING - CSV文件不存在: config\master\calc.csv
2025-10-26 13:16:42,787 - src.business.calculation_engine - INFO - 计算数据加载成功
2025-10-26 13:16:42,787 - src.data.csv_processor - WARNING - CSV文件不存在: config\master\relation.csv
2025-10-26 13:16:42,788 - src.business.relation_validator - INFO - 关系数据加载成功
2025-10-26 13:16:42,793 - DNCSystem - INFO - DNC Python 系统初始化成功
2025-10-26 13:17:55,788 - src.ui.main_window - INFO - 参数已更新: {'basic': {'workpiece_name': '', 'workpiece_id': '', 'process_type': '铣削', 'precision': '普通'}, 'geometry': {'length': 0.0, 'width': 0.0, 'height': 0.0, 'diameter': 0.0, 'angle': 0.0}, 'process': {'spindle_speed': 0.0, 'feed_rate': 0.0, 'cut_depth': 0.0, 'cut_width': 0.0}, 'material': {'material_type': '碳钢', 'material_hardness': '软', 'material_strength': 0.0}, 'model': {'model_type': '自动识别', 'model_description': '123@GPA30GT15040_B@4\n12312@GPA30GT15040_B@3', 'current_model': None}}
2025-10-26 13:17:55,788 - src.business.model_recognizer - INFO - 开始识别QR码: 123@GPA30GT15040_B@4
12312@GPA30GT15040_B@3
2025-10-26 13:17:55,793 - src.business.model_recognizer - INFO - 型号识别完成: GPA30GT15040_B, 置信度: 0.0
2025-10-26 13:17:55,793 - src.ui.main_window - INFO - 型号识别完成: {'model': 'GPA30GT15040_B', 'qr_code': '123@GPA30GT15040_B@4\n12312@GPA30GT15040_B@3', 'po': '123', 'quantity': '4\n12312', 'recognition_mode': 'mode_1', 'confidence': 0.0, 'error_message': '数量必须是数字'}
2025-10-26 13:46:51,230 - src.communication.named_pipe - WARNING - 命名管道服务器未在运行
2025-10-26 13:46:51,230 - src.data.file_manager - INFO - 所有文件已关闭
2025-10-26 14:06:50,814 - DNCSystem - INFO - DNC Python 系统启动
2025-10-26 14:06:50,814 - src.core.config - INFO - 配置加载成功
2025-10-26 14:06:50,830 - src.data.csv_processor - INFO - CSV文件读取成功: config\master\type_define.csv, 共10行
2025-10-26 14:06:50,831 - src.data.csv_processor - INFO - CSV文件读取成功: config\master\type_prg.csv, 共10行
2025-10-26 14:06:50,831 - src.business.program_matcher - INFO - 程序匹配数据加载成功
2025-10-26 14:06:50,831 - DNCSystem - INFO - DNC Python 系统初始化成功
2025-10-26 14:07:32,653 - src.ui.main_window - INFO - 参数已更新: {'basic': {'workpiece_name': '', 'workpiece_id': '', 'process_type': '铣削', 'precision': '普通'}, 'geometry': {'length': 0.0, 'width': 0.0, 'height': 0.0, 'diameter': 0.0, 'angle': 0.0}, 'process': {'spindle_speed': 0.0, 'feed_rate': 0.0, 'cut_depth': 0.0, 'cut_width': 0.0}, 'material': {'material_type': '碳钢', 'material_hardness': '软', 'material_strength': 0.0}, 'model': {'model_type': '自动识别', 'model_description': '123@GPA24GT15040_A@5', 'current_model': None}}
2025-10-26 14:07:32,653 - src.business.model_recognizer - INFO - 开始识别QR码: 123@GPA24GT15040_A@5
2025-10-26 14:07:32,653 - src.business.model_recognizer - INFO - 型号识别完成: GPA24GT15040_A, 置信度: 0.7
2025-10-26 14:07:32,653 - src.ui.main_window - INFO - 型号识别完成: {'model': 'GPA24GT15040_A', 'qr_code': '123@GPA24GT15040_A@5', 'po': '123', 'quantity': '5', 'recognition_mode': 'mode_1', 'confidence': 0.7, 'error_message': None}
2025-10-26 14:08:17,968 - src.ui.main_window - INFO - 参数已更新: {'basic': {'workpiece_name': '', 'workpiece_id': '', 'process_type': '铣削', 'precision': '普通'}, 'geometry': {'length': 0.0, 'width': 0.0, 'height': 0.0, 'diameter': 0.0, 'angle': 0.0}, 'process': {'spindle_speed': 0.0, 'feed_rate': 0.0, 'cut_depth': 0.0, 'cut_width': 0.0}, 'material': {'material_type': '碳钢', 'material_hardness': '软', 'material_strength': 0.0}, 'model': {'model_type': '自动识别', 'model_description': '123@GPA24GT15040_A@5', 'current_model': None}}
2025-10-26 14:08:17,968 - src.business.model_recognizer - INFO - 开始识别QR码: 123@GPA24GT15040_A@5
2025-10-26 14:08:17,968 - src.business.model_recognizer - INFO - 型号识别完成: GPA24GT15040_A, 置信度: 0.7
2025-10-26 14:08:17,968 - src.ui.main_window - INFO - 型号识别完成: {'model': 'GPA24GT15040_A', 'qr_code': '123@GPA24GT15040_A@5', 'po': '123', 'quantity': '5', 'recognition_mode': 'mode_1', 'confidence': 0.7, 'error_message': None}
2025-10-26 14:10:06,704 - src.ui.main_window - INFO - 参数已更新: {'basic': {'workpiece_name': '', 'workpiece_id': '', 'process_type': '铣削', 'precision': '普通'}, 'geometry': {'length': 0.0, 'width': 0.0, 'height': 0.0, 'diameter': 0.0, 'angle': 0.0}, 'process': {'spindle_speed': 0.0, 'feed_rate': 0.0, 'cut_depth': 0.0, 'cut_width': 0.0}, 'material': {'material_type': '碳钢', 'material_hardness': '软', 'material_strength': 0.0}, 'model': {'model_type': '自动识别', 'model_description': '2143@GPA24GT15040_A-6@3', 'current_model': None}}
2025-10-26 14:10:06,704 - src.business.model_recognizer - INFO - 开始识别QR码: 2143@GPA24GT15040_A-6@3
2025-10-26 14:10:06,704 - src.business.model_recognizer - INFO - 型号识别完成: GPA24GT15040_A-6, 置信度: 0.7
2025-10-26 14:10:06,704 - src.ui.main_window - INFO - 型号识别完成: {'model': 'GPA24GT15040_A-6', 'qr_code': '2143@GPA24GT15040_A-6@3', 'po': '2143', 'quantity': '3', 'recognition_mode': 'mode_1', 'confidence': 0.7, 'error_message': None}
2025-10-26 14:10:28,859 - src.communication.named_pipe - WARNING - 命名管道服务器未在运行
2025-10-26 14:10:28,860 - src.data.file_manager - INFO - 所有文件已关闭
2025-10-26 15:23:22,600 - DNCSystem - INFO - DNC Python 系统启动
2025-10-26 15:23:22,602 - src.core.config - INFO - 配置加载成功
2025-10-26 15:23:22,606 - src.data.csv_processor - INFO - CSV文件读取成功: config\master\type_define.csv, 共10行
2025-10-26 15:23:22,607 - src.data.csv_processor - INFO - CSV文件读取成功: config\master\type_prg.csv, 共10行
2025-10-26 15:23:22,607 - src.business.program_matcher - INFO - 程序匹配数据加载成功
2025-10-26 15:23:22,621 - DNCSystem - INFO - DNC Python 系统初始化成功
2025-10-26 17:37:30,460 - src.ui.main_window - INFO - 参数已更新: {'basic': {'workpiece_name': '', 'workpiece_id': '', 'process_type': '铣削', 'precision': '普通'}, 'geometry': {'length': 0.0, 'width': 0.0, 'height': 0.0, 'diameter': 0.0, 'angle': 0.0}, 'process': {'spindle_speed': 0.0, 'feed_rate': 0.0, 'cut_depth': 0.0, 'cut_width': 0.0}, 'material': {'material_type': '碳钢', 'material_hardness': '软', 'material_strength': 0.0}, 'model': {'model_type': '自动识别', 'model_description': '123@GPA30GT15040_B@3\n123@GPA30GT15040_B@3', 'current_model': None}}
2025-10-26 17:37:30,460 - src.business.model_recognizer - INFO - 开始识别QR码: 123@GPA30GT15040_B@3
123@GPA30GT15040_B@3
2025-10-26 17:37:30,468 - src.business.model_recognizer - INFO - 型号识别完成: GPA30GT15040_B, 置信度: 0.0
2025-10-26 17:37:30,468 - src.ui.main_window - INFO - 型号识别完成: {'model': 'GPA30GT15040_B', 'qr_code': '123@GPA30GT15040_B@3\n123@GPA30GT15040_B@3', 'po': '123', 'quantity': '3\n123', 'recognition_mode': 'mode_1', 'confidence': 0.0, 'error_message': '数量必须是数字'}
2025-10-26 17:38:15,418 - src.ui.main_window - INFO - 参数已更新: {'basic': {'workpiece_name': '', 'workpiece_id': '', 'process_type': '铣削', 'precision': '普通'}, 'geometry': {'length': 0.0, 'width': 0.0, 'height': 0.0, 'diameter': 0.0, 'angle': 0.0}, 'process': {'spindle_speed': 0.0, 'feed_rate': 0.0, 'cut_depth': 0.0, 'cut_width': 0.0}, 'material': {'material_type': '碳钢', 'material_hardness': '软', 'material_strength': 0.0}, 'model': {'model_type': '自动识别', 'model_description': '123@GPA30GT15040_B@3\n123@GPA30GT15040_B@4', 'current_model': None}}
2025-10-26 17:38:15,423 - src.business.model_recognizer - INFO - 开始识别QR码: 123@GPA30GT15040_B@3
123@GPA30GT15040_B@4
2025-10-26 17:38:15,423 - src.business.model_recognizer - INFO - 型号识别完成: GPA30GT15040_B, 置信度: 0.0
2025-10-26 17:38:15,423 - src.ui.main_window - INFO - 型号识别完成: {'model': 'GPA30GT15040_B', 'qr_code': '123@GPA30GT15040_B@3\n123@GPA30GT15040_B@4', 'po': '123', 'quantity': '3\n123', 'recognition_mode': 'mode_1', 'confidence': 0.0, 'error_message': '数量必须是数字'}
2025-10-26 17:38:26,247 - src.ui.main_window - INFO - 参数已更新: {'basic': {'workpiece_name': '', 'workpiece_id': '', 'process_type': '铣削', 'precision': '普通'}, 'geometry': {'length': 0.0, 'width': 0.0, 'height': 0.0, 'diameter': 0.0, 'angle': 0.0}, 'process': {'spindle_speed': 0.0, 'feed_rate': 0.0, 'cut_depth': 0.0, 'cut_width': 0.0}, 'material': {'material_type': '碳钢', 'material_hardness': '软', 'material_strength': 0.0}, 'model': {'model_type': '自动识别', 'model_description': '123@GPA30GT15040_B@3\n123@GPA30GT15040_B@4', 'current_model': None}}
2025-10-26 17:38:26,247 - src.business.model_recognizer - INFO - 开始识别QR码: 123@GPA30GT15040_B@3
123@GPA30GT15040_B@4
2025-10-26 17:38:26,247 - src.business.model_recognizer - INFO - 型号识别完成: GPA30GT15040_B, 置信度: 0.0
2025-10-26 17:38:26,247 - src.ui.main_window - INFO - 型号识别完成: {'model': 'GPA30GT15040_B', 'qr_code': '123@GPA30GT15040_B@3\n123@GPA30GT15040_B@4', 'po': '123', 'quantity': '3\n123', 'recognition_mode': 'mode_1', 'confidence': 0.0, 'error_message': '数量必须是数字'}
2025-10-26 17:38:29,076 - src.ui.main_window - INFO - 参数已更新: {'basic': {'workpiece_name': '', 'workpiece_id': '', 'process_type': '铣削', 'precision': '普通'}, 'geometry': {'length': 0.0, 'width': 0.0, 'height': 0.0, 'diameter': 0.0, 'angle': 0.0}, 'process': {'spindle_speed': 0.0, 'feed_rate': 0.0, 'cut_depth': 0.0, 'cut_width': 0.0}, 'material': {'material_type': '碳钢', 'material_hardness': '软', 'material_strength': 0.0}, 'model': {'model_type': '自动识别', 'model_description': '123@GPA30GT15040_B@3\n123@GPA30GT15040_B@4', 'current_model': None}}
2025-10-26 17:38:29,076 - src.business.model_recognizer - INFO - 开始识别QR码: 123@GPA30GT15040_B@3
123@GPA30GT15040_B@4
2025-10-26 17:38:29,076 - src.business.model_recognizer - INFO - 型号识别完成: GPA30GT15040_B, 置信度: 0.0
2025-10-26 17:38:29,076 - src.ui.main_window - INFO - 型号识别完成: {'model': 'GPA30GT15040_B', 'qr_code': '123@GPA30GT15040_B@3\n123@GPA30GT15040_B@4', 'po': '123', 'quantity': '3\n123', 'recognition_mode': 'mode_1', 'confidence': 0.0, 'error_message': '数量必须是数字'}
2025-10-26 17:39:15,366 - src.ui.main_window - INFO - 参数已更新: {'basic': {'workpiece_name': '', 'workpiece_id': '', 'process_type': '铣削', 'precision': '普通'}, 'geometry': {'length': 0.0, 'width': 0.0, 'height': 0.0, 'diameter': 0.0, 'angle': 0.0}, 'process': {'spindle_speed': 0.0, 'feed_rate': 0.0, 'cut_depth': 0.0, 'cut_width': 0.0}, 'material': {'material_type': '碳钢', 'material_hardness': '软', 'material_strength': 0.0}, 'model': {'model_type': '自动识别', 'model_description': '89@GPA20GT15040_A@5', 'current_model': None}}
2025-10-26 17:39:15,366 - src.business.model_recognizer - INFO - 开始识别QR码: 89@GPA20GT15040_A@5
2025-10-26 17:39:15,366 - src.business.model_recognizer - INFO - 型号识别完成: GPA20GT15040_A, 置信度: 0.7
2025-10-26 17:39:15,366 - src.ui.main_window - INFO - 型号识别完成: {'model': 'GPA20GT15040_A', 'qr_code': '89@GPA20GT15040_A@5', 'po': '89', 'quantity': '5', 'recognition_mode': 'mode_1', 'confidence': 0.7, 'error_message': None}
2025-10-26 17:39:18,605 - src.ui.main_window - INFO - 参数已更新: {'basic': {'workpiece_name': '', 'workpiece_id': '', 'process_type': '铣削', 'precision': '普通'}, 'geometry': {'length': 0.0, 'width': 0.0, 'height': 0.0, 'diameter': 0.0, 'angle': 0.0}, 'process': {'spindle_speed': 0.0, 'feed_rate': 0.0, 'cut_depth': 0.0, 'cut_width': 0.0}, 'material': {'material_type': '碳钢', 'material_hardness': '软', 'material_strength': 0.0}, 'model': {'model_type': '自动识别', 'model_description': '89@GPA20GT15040_A@5', 'current_model': None}}
2025-10-26 17:39:18,608 - src.business.model_recognizer - INFO - 开始识别QR码: 89@GPA20GT15040_A@5
2025-10-26 17:39:18,608 - src.business.model_recognizer - INFO - 型号识别完成: GPA20GT15040_A, 置信度: 0.7
2025-10-26 17:39:18,608 - src.ui.main_window - INFO - 型号识别完成: {'model': 'GPA20GT15040_A', 'qr_code': '89@GPA20GT15040_A@5', 'po': '89', 'quantity': '5', 'recognition_mode': 'mode_1', 'confidence': 0.7, 'error_message': None}
2025-10-26 17:47:46,693 - src.ui.main_window - INFO - 参数已更新: {'basic': {'workpiece_name': '', 'workpiece_id': '', 'process_type': '铣削', 'precision': '普通'}, 'geometry': {'length': 0.0, 'width': 0.0, 'height': 0.0, 'diameter': 0.0, 'angle': 0.0}, 'process': {'spindle_speed': 0.0, 'feed_rate': 0.0, 'cut_depth': 0.0, 'cut_width': 0.0}, 'material': {'material_type': '碳钢', 'material_hardness': '软', 'material_strength': 0.0}, 'model': {'model_type': '自动识别', 'model_description': '89@GPA20GT15040_A@5', 'current_model': None}}
2025-10-26 17:47:46,696 - src.business.model_recognizer - INFO - 开始识别QR码: 89@GPA20GT15040_A@5
2025-10-26 17:47:46,696 - src.business.model_recognizer - INFO - 型号识别完成: GPA20GT15040_A, 置信度: 0.7
2025-10-26 17:47:46,696 - src.ui.main_window - INFO - 型号识别完成: {'model': 'GPA20GT15040_A', 'qr_code': '89@GPA20GT15040_A@5', 'po': '89', 'quantity': '5', 'recognition_mode': 'mode_1', 'confidence': 0.7, 'error_message': None}
2025-10-26 17:47:51,325 - src.ui.main_window - INFO - 参数已更新: {'basic': {'workpiece_name': '', 'workpiece_id': '', 'process_type': '铣削', 'precision': '普通'}, 'geometry': {'length': 0.0, 'width': 0.0, 'height': 0.0, 'diameter': 0.0, 'angle': 0.0}, 'process': {'spindle_speed': 0.0, 'feed_rate': 0.0, 'cut_depth': 0.0, 'cut_width': 0.0}, 'material': {'material_type': '碳钢', 'material_hardness': '软', 'material_strength': 0.0}, 'model': {'model_type': '自动识别', 'model_description': '89@GPA20GT15040_A@5', 'current_model': None}}
2025-10-26 17:47:51,329 - src.business.model_recognizer - INFO - 开始识别QR码: 89@GPA20GT15040_A@5
2025-10-26 17:47:51,329 - src.business.model_recognizer - INFO - 型号识别完成: GPA20GT15040_A, 置信度: 0.7
2025-10-26 17:47:51,329 - src.ui.main_window - INFO - 型号识别完成: {'model': 'GPA20GT15040_A', 'qr_code': '89@GPA20GT15040_A@5', 'po': '89', 'quantity': '5', 'recognition_mode': 'mode_1', 'confidence': 0.7, 'error_message': None}
2025-10-26 17:47:53,402 - src.ui.main_window - INFO - 转让按钮点击，参数: {'input_#500': '', 'relation_#503': '关系1', 'relation_#504': '关系1', 'input_#505': '', 'input_#506': '', 'select_#508': '选项1', 'relation_#509': '关系1', 'relation_#510': '关系1', 'relation_#513': '关系1', 'relation_#516': '关系1', 'relation_#522': '关系1', 'relation_#528': '关系1', 'relation_#545': '关系1', 'relation_#546': '关系1', 'relation_#547': '关系1'}
2025-10-26 17:49:40,043 - src.ui.main_window - INFO - 转让按钮点击，参数: {'input_#500': '', 'relation_#503': '关系1', 'relation_#504': '关系1', 'input_#505': '', 'input_#506': '', 'select_#508': '选项1', 'relation_#509': '关系1', 'relation_#510': '关系1', 'relation_#513': '关系1', 'relation_#516': '关系1', 'relation_#522': '关系1', 'relation_#528': '关系1', 'relation_#545': '关系1', 'relation_#546': '关系1', 'relation_#547': '关系1'}
2025-10-26 17:49:56,352 - src.communication.named_pipe - WARNING - 命名管道服务器未在运行
2025-10-26 17:49:56,353 - src.data.file_manager - INFO - 所有文件已关闭
2025-10-27 18:15:43,871 - DNCSystem - INFO - DNC Python 系统启动
2025-10-27 18:15:43,880 - src.core.config - INFO - 配置加载成功
2025-10-27 18:15:43,892 - src.data.csv_processor - INFO - CSV文件读取成功: config\master\type_define.csv, 共10行
2025-10-27 18:15:43,900 - src.data.csv_processor - INFO - CSV文件读取成功: config\master\type_prg.csv, 共10行
2025-10-27 18:15:43,900 - src.business.program_matcher - INFO - 程序匹配数据加载成功
2025-10-27 18:15:43,908 - DNCSystem - INFO - DNC Python 系统初始化成功
2025-10-27 18:39:28,192 - src.communication.named_pipe - WARNING - 命名管道服务器未在运行
2025-10-27 18:39:28,192 - src.data.file_manager - INFO - 所有文件已关闭
2025-10-27 18:39:40,580 - DNCSystem - INFO - DNC Python 系统启动
2025-10-27 18:39:40,580 - src.core.config - INFO - 配置加载成功
2025-10-27 18:39:40,580 - src.data.csv_processor - INFO - CSV文件读取成功: config\master\type_define.csv, 共10行
2025-10-27 18:39:40,580 - src.data.csv_processor - INFO - CSV文件读取成功: config\master\type_prg.csv, 共10行
2025-10-27 18:39:40,580 - src.business.program_matcher - INFO - 程序匹配数据加载成功
2025-10-27 18:39:40,594 - DNCSystem - INFO - DNC Python 系统初始化成功
2025-10-27 18:40:13,645 - src.ui.main_window - INFO - 参数已更新: {'basic': {'workpiece_name': '', 'workpiece_id': '', 'process_type': '铣削', 'precision': '普通'}, 'geometry': {'length': 0.0, 'width': 0.0, 'height': 0.0, 'diameter': 0.0, 'angle': 0.0}, 'process': {'spindle_speed': 0.0, 'feed_rate': 0.0, 'cut_depth': 0.0, 'cut_width': 0.0}, 'material': {'material_type': '碳钢', 'material_hardness': '软', 'material_strength': 0.0}, 'model': {'model_type': '自动识别', 'model_description': '1234@GPA20GT15040-A-H8@5', 'current_model': None}}
2025-10-27 18:40:13,645 - src.business.model_recognizer - INFO - 开始识别QR码: 1234@GPA20GT15040-A-H8@5
2025-10-27 18:40:13,645 - src.business.model_recognizer - INFO - 自定义格式解析成功: GPA20GT15040-A-H8
2025-10-27 18:40:13,645 - src.ui.main_window - INFO - 型号识别完成: {'model': 'GPA20GT15040-A-H8', 'qr_code': '1234@GPA20GT15040-A-H8@5', 'po': '1234', 'quantity': '5', 'recognition_mode': 'custom_format', 'confidence': 1.0, 'error_message': None}
2025-10-27 18:40:26,999 - src.ui.main_window - INFO - 转让按钮点击，参数: {'input_#500': '', 'relation_#503': '关系1', 'relation_#504': '关系1', 'input_#505': '', 'input_#506': '', 'select_#508': '选项1', 'relation_#509': '关系1', 'relation_#510': '关系1', 'relation_#513': '关系1', 'relation_#516': '关系1', 'relation_#522': '关系1', 'relation_#528': '关系1', 'relation_#545': '关系1', 'relation_#546': '关系1', 'relation_#547': '关系1'}
2025-10-27 18:50:32,878 - src.communication.named_pipe - WARNING - 命名管道服务器未在运行
2025-10-27 18:50:32,878 - src.data.file_manager - INFO - 所有文件已关闭
2025-10-27 18:50:57,546 - DNCSystem - INFO - DNC Python 系统启动
2025-10-27 18:50:57,546 - src.core.config - INFO - 配置加载成功
2025-10-27 18:50:57,546 - src.data.csv_processor - INFO - CSV文件读取成功: config\master\type_define.csv, 共10行
2025-10-27 18:50:57,546 - src.data.csv_processor - INFO - CSV文件读取成功: config\master\type_prg.csv, 共10行
2025-10-27 18:50:57,546 - src.business.program_matcher - INFO - 程序匹配数据加载成功
2025-10-27 18:50:57,546 - DNCSystem - INFO - DNC Python 系统初始化成功
2025-10-27 18:51:37,991 - src.ui.main_window - INFO - 参数已更新: {'basic': {'workpiece_name': '', 'workpiece_id': '', 'process_type': '铣削', 'precision': '普通'}, 'geometry': {'length': 0.0, 'width': 0.0, 'height': 0.0, 'diameter': 0.0, 'angle': 0.0}, 'process': {'spindle_speed': 0.0, 'feed_rate': 0.0, 'cut_depth': 0.0, 'cut_width': 0.0}, 'material': {'material_type': '碳钢', 'material_hardness': '软', 'material_strength': 0.0}, 'model': {'model_type': '自动识别', 'model_description': '123@GPA20GT15040-A-H8@3', 'current_model': None}}
2025-10-27 18:51:37,994 - src.business.model_recognizer - INFO - 开始识别QR码: 123@GPA20GT15040-A-H8@3
2025-10-27 18:51:37,994 - src.business.model_recognizer - INFO - 自定义格式解析成功: GPA20GT15040-A-H8
2025-10-27 18:51:37,994 - src.ui.main_window - INFO - 型号识别完成: {'model': 'GPA20GT15040-A-H8', 'qr_code': '123@GPA20GT15040-A-H8@3', 'po': '123', 'quantity': '3', 'recognition_mode': 'custom_format', 'confidence': 1.0, 'error_message': None}
2025-10-27 18:51:51,683 - src.ui.main_window - INFO - 转让按钮点击，参数: {'input_#500': '', 'relation_#503': '关系1', 'relation_#504': '关系1', 'input_#505': '', 'input_#506': '', 'select_#508': '选项1', 'relation_#509': '关系1', 'relation_#510': '关系1', 'relation_#513': '关系1', 'relation_#516': '关系1', 'relation_#522': '关系1', 'relation_#528': '关系1', 'relation_#545': '关系1', 'relation_#546': '关系1', 'relation_#547': '关系1'}
2025-10-27 18:53:30,369 - src.communication.named_pipe - WARNING - 命名管道服务器未在运行
2025-10-27 18:53:30,370 - src.data.file_manager - INFO - 所有文件已关闭
2025-10-27 19:45:20,168 - DNCSystem - INFO - DNC Python 系统启动
2025-10-27 19:45:20,180 - src.core.config - INFO - 配置加载成功
2025-10-27 19:45:20,180 - src.data.csv_processor - INFO - CSV文件读取成功: config\master\type_define.csv, 共10行
2025-10-27 19:45:20,180 - src.data.csv_processor - INFO - CSV文件读取成功: config\master\type_prg.csv, 共10行
2025-10-27 19:45:20,180 - src.business.program_matcher - INFO - 程序匹配数据加载成功
2025-10-27 19:45:20,188 - DNCSystem - INFO - DNC Python 系统初始化成功
2025-10-27 19:45:56,713 - src.ui.main_window - INFO - 参数已更新: {'basic': {'workpiece_name': '', 'workpiece_id': '', 'process_type': '铣削', 'precision': '普通'}, 'geometry': {'length': 0.0, 'width': 0.0, 'height': 0.0, 'diameter': 0.0, 'angle': 0.0}, 'process': {'spindle_speed': 0.0, 'feed_rate': 0.0, 'cut_depth': 0.0, 'cut_width': 0.0}, 'material': {'material_type': '碳钢', 'material_hardness': '软', 'material_strength': 0.0}, 'model': {'model_type': '自动识别', 'model_description': '123@GPA20GT15040-A-H8@6', 'current_model': None}}
2025-10-27 19:45:56,713 - src.business.model_recognizer - ERROR - 型号识别失败: 123@GPA20GT15040-A-H8@6, 错误: 'dict' object has no attribute 'model'
2025-10-27 19:45:56,713 - src.ui.main_window - INFO - 型号识别完成: {'model': '', 'qr_code': '123@GPA20GT15040-A-H8@6', 'po': '', 'quantity': '', 'recognition_mode': 'error', 'confidence': 0.0, 'error_message': "'dict' object has no attribute 'model'"}
2025-10-27 19:46:11,951 - src.ui.main_window - INFO - 转让按钮点击，参数: {'input_#500': '', 'relation_#503': '关系1', 'relation_#504': '关系1', 'input_#505': '', 'input_#506': '', 'select_#508': '选项1', 'relation_#509': '关系1', 'relation_#510': '关系1', 'relation_#513': '关系1', 'relation_#516': '关系1', 'relation_#522': '关系1', 'relation_#528': '关系1', 'relation_#545': '关系1', 'relation_#546': '关系1', 'relation_#547': '关系1'}
2025-10-27 19:48:03,278 - src.communication.named_pipe - WARNING - 命名管道服务器未在运行
2025-10-27 19:48:03,278 - src.data.file_manager - INFO - 所有文件已关闭
2025-10-27 20:09:53,431 - DNCSystem - INFO - DNC Python 系统启动
2025-10-27 20:09:53,431 - src.core.config - INFO - 配置加载成功
2025-10-27 20:09:53,431 - src.data.csv_processor - INFO - CSV文件读取成功: config\master\type_define.csv, 共10行
2025-10-27 20:09:53,431 - src.data.csv_processor - INFO - CSV文件读取成功: config\master\type_prg.csv, 共10行
2025-10-27 20:09:53,431 - src.business.program_matcher - INFO - 程序匹配数据加载成功
2025-10-27 20:09:53,441 - DNCSystem - INFO - DNC Python 系统初始化成功
2025-10-27 20:10:11,738 - src.ui.main_window - INFO - 参数已更新: {'basic': {'workpiece_name': '', 'workpiece_id': '', 'process_type': '铣削', 'precision': '普通'}, 'geometry': {'length': 0.0, 'width': 0.0, 'height': 0.0, 'diameter': 0.0, 'angle': 0.0}, 'process': {'spindle_speed': 0.0, 'feed_rate': 0.0, 'cut_depth': 0.0, 'cut_width': 0.0}, 'material': {'material_type': '碳钢', 'material_hardness': '软', 'material_strength': 0.0}, 'model': {'model_type': '自动识别', 'model_description': '123@GPA20GT15040-A-H8@6', 'current_model': None}}
2025-10-27 20:10:11,738 - src.business.model_recognizer - INFO - 自定义格式解析成功: GPA20GT15040-A-H8
2025-10-27 20:10:11,738 - src.ui.main_window - INFO - 型号识别完成: {'model': 'GPA20GT15040-A-H8', 'qr_code': '123@GPA20GT15040-A-H8@6', 'po': '123', 'quantity': '6', 'recognition_mode': 'custom_format', 'confidence': 0.9, 'error_message': None}
2025-10-27 20:10:20,975 - src.ui.main_window - INFO - 转让按钮点击，参数: {'input_#500': '', 'relation_#503': '关系1', 'relation_#504': '关系1', 'input_#505': '', 'input_#506': '', 'select_#508': '选项1', 'relation_#509': '关系1', 'relation_#510': '关系1', 'relation_#513': '关系1', 'relation_#516': '关系1', 'relation_#522': '关系1', 'relation_#528': '关系1', 'relation_#545': '关系1', 'relation_#546': '关系1', 'relation_#547': '关系1'}
2025-10-27 20:26:35,010 - src.communication.named_pipe - WARNING - 命名管道服务器未在运行
2025-10-27 20:26:35,010 - src.data.file_manager - INFO - 所有文件已关闭
2025-10-27 21:08:11,409 - DNCSystem - INFO - DNC Python 系统启动
2025-10-27 21:08:11,412 - src.core.config - INFO - 配置加载成功
2025-10-27 21:08:53,799 - DNCSystem - INFO - DNC Python 系统启动
2025-10-27 21:08:53,804 - src.core.config - INFO - 配置加载成功
2025-10-27 21:28:51,299 - DNCSystem - INFO - DNC Python 系统启动
2025-10-27 21:28:51,317 - src.core.config - INFO - 配置加载成功
2025-10-27 21:28:51,318 - src.business.model_recognizer - WARNING - PatternBasedRecognizer不可用，部分功能可能受限
2025-10-27 21:28:51,320 - src.data.csv_processor - INFO - CSV文件读取成功: config\master\type_define.csv, 共10行
2025-10-27 21:28:51,321 - src.data.csv_processor - INFO - CSV文件读取成功: config\master\type_prg.csv, 共10行
2025-10-27 21:28:51,321 - src.business.program_matcher - INFO - 程序匹配数据加载成功
2025-10-27 21:28:51,343 - DNCSystem - INFO - DNC Python 系统初始化成功
2025-10-27 21:29:22,130 - src.ui.main_window - INFO - 参数已更新: {'basic': {'workpiece_name': '', 'workpiece_id': '', 'process_type': '铣削', 'precision': '普通'}, 'geometry': {'length': 0.0, 'width': 0.0, 'height': 0.0, 'diameter': 0.0, 'angle': 0.0}, 'process': {'spindle_speed': 0.0, 'feed_rate': 0.0, 'cut_depth': 0.0, 'cut_width': 0.0}, 'material': {'material_type': '碳钢', 'material_hardness': '软', 'material_strength': 0.0}, 'model': {'model_type': '自动识别', 'model_description': '134@GPA20GT15040-A-H8@5', 'current_model': None}}
2025-10-27 21:29:22,130 - src.business.model_recognizer - INFO - 自定义格式解析成功: GPA20GT15040-A-H8
2025-10-27 21:29:22,130 - src.ui.main_window - INFO - 型号识别完成: {'model': 'GPA20GT15040-A-H8', 'qr_code': '134@GPA20GT15040-A-H8@5', 'po': '134', 'quantity': '5', 'recognition_mode': 'custom_format', 'confidence': 0.9, 'error_message': None}
2025-10-27 21:29:28,263 - src.ui.main_window - INFO - 转让按钮点击，参数: {'input_#500': '', 'relation_#503': '关系1', 'relation_#504': '关系1', 'input_#505': '', 'input_#506': '', 'select_#508': '选项1', 'relation_#509': '关系1', 'relation_#510': '关系1', 'relation_#513': '关系1', 'relation_#516': '关系1', 'relation_#522': '关系1', 'relation_#528': '关系1', 'relation_#545': '关系1', 'relation_#546': '关系1', 'relation_#547': '关系1'}
2025-10-27 21:31:13,180 - src.communication.named_pipe - WARNING - 命名管道服务器未在运行
2025-10-27 21:31:13,180 - src.data.file_manager - INFO - 所有文件已关闭
2025-10-27 21:31:17,513 - DNCSystem - INFO - DNC Python 系统启动
2025-10-27 21:31:17,513 - src.core.config - INFO - 配置加载成功
2025-10-27 21:31:17,513 - src.business.model_recognizer - WARNING - PatternBasedRecognizer不可用，部分功能可能受限
2025-10-27 21:31:17,513 - src.data.csv_processor - INFO - CSV文件读取成功: config\master\type_define.csv, 共10行
2025-10-27 21:31:17,513 - src.data.csv_processor - INFO - CSV文件读取成功: config\master\type_prg.csv, 共10行
2025-10-27 21:31:17,513 - src.business.program_matcher - INFO - 程序匹配数据加载成功
2025-10-27 21:31:17,525 - DNCSystem - INFO - DNC Python 系统初始化成功
2025-10-27 21:31:23,749 - src.ui.main_window - INFO - 参数已更新: {'basic': {'workpiece_name': '', 'workpiece_id': '', 'process_type': '铣削', 'precision': '普通'}, 'geometry': {'length': 0.0, 'width': 0.0, 'height': 0.0, 'diameter': 0.0, 'angle': 0.0}, 'process': {'spindle_speed': 0.0, 'feed_rate': 0.0, 'cut_depth': 0.0, 'cut_width': 0.0}, 'material': {'material_type': '碳钢', 'material_hardness': '软', 'material_strength': 0.0}, 'model': {'model_type': '自动识别', 'model_description': '134@GPA20GT15040-A-H8@5', 'current_model': None}}
2025-10-27 21:31:23,765 - src.business.model_recognizer - INFO - 自定义格式解析成功: GPA20GT15040-A-H8
2025-10-27 21:31:23,765 - src.ui.main_window - INFO - 型号识别完成: {'model': 'GPA20GT15040-A-H8', 'qr_code': '134@GPA20GT15040-A-H8@5', 'po': '134', 'quantity': '5', 'recognition_mode': 'custom_format', 'confidence': 0.9, 'error_message': None}
2025-10-27 21:31:28,770 - src.ui.main_window - INFO - 转让按钮点击，参数: {'input_#500': '', 'relation_#503': '关系1', 'relation_#504': '关系1', 'input_#505': '', 'input_#506': '', 'select_#508': '选项1', 'relation_#509': '关系1', 'relation_#510': '关系1', 'relation_#513': '关系1', 'relation_#516': '关系1', 'relation_#522': '关系1', 'relation_#528': '关系1', 'relation_#545': '关系1', 'relation_#546': '关系1', 'relation_#547': '关系1'}
2025-10-27 21:31:49,554 - src.communication.named_pipe - WARNING - 命名管道服务器未在运行
2025-10-27 21:31:49,555 - src.data.file_manager - INFO - 所有文件已关闭
2025-10-27 21:39:44,631 - DNCSystem - INFO - DNC Python 系统启动
2025-10-27 21:39:44,631 - src.core.config - INFO - 配置加载成功
2025-10-27 21:39:44,631 - src.business.model_recognizer - WARNING - PatternBasedRecognizer不可用，部分功能可能受限
2025-10-27 21:39:44,631 - src.data.csv_processor - INFO - CSV文件读取成功: config\master\type_define.csv, 共10行
2025-10-27 21:39:44,631 - src.data.csv_processor - INFO - CSV文件读取成功: config\master\type_prg.csv, 共10行
2025-10-27 21:39:44,631 - src.business.program_matcher - INFO - 程序匹配数据加载成功
2025-10-27 21:39:44,647 - DNCSystem - INFO - DNC Python 系统初始化成功
2025-10-27 21:40:32,163 - src.ui.main_window - INFO - 参数已更新: {'basic': {'workpiece_name': '', 'workpiece_id': '', 'process_type': '铣削', 'precision': '普通'}, 'geometry': {'length': 0.0, 'width': 0.0, 'height': 0.0, 'diameter': 0.0, 'angle': 0.0}, 'process': {'spindle_speed': 0.0, 'feed_rate': 0.0, 'cut_depth': 0.0, 'cut_width': 0.0}, 'material': {'material_type': '碳钢', 'material_hardness': '软', 'material_strength': 0.0}, 'model': {'model_type': '自动识别', 'model_description': '123@GPA20GT15040-A-H5@3', 'current_model': None}}
2025-10-27 21:40:32,163 - src.business.model_recognizer - INFO - 自定义格式解析成功: GPA20GT15040-A-H5
2025-10-27 21:40:32,163 - src.ui.main_window - INFO - 型号识别完成: {'model': 'GPA20GT15040-A-H5', 'qr_code': '123@GPA20GT15040-A-H5@3', 'po': '123', 'quantity': '3', 'recognition_mode': 'custom_format', 'confidence': 0.9, 'error_message': None}
2025-10-27 21:40:39,563 - src.ui.main_window - INFO - 转让按钮点击，参数: {'input_#500': '', 'relation_#503': '关系1', 'relation_#504': '关系1', 'input_#505': '', 'input_#506': '', 'select_#508': '选项1', 'relation_#509': '关系1', 'relation_#510': '关系1', 'relation_#513': '关系1', 'relation_#516': '关系1', 'relation_#522': '关系1', 'relation_#528': '关系1', 'relation_#545': '关系1', 'relation_#546': '关系1', 'relation_#547': '关系1'}
2025-10-27 22:23:54,810 - src.communication.named_pipe - WARNING - 命名管道服务器未在运行
2025-10-27 22:23:54,810 - src.data.file_manager - INFO - 所有文件已关闭
2025-10-27 22:24:00,696 - DNCSystem - INFO - DNC Python 系统启动
2025-10-27 22:24:00,696 - src.core.config - INFO - 配置加载成功
2025-10-27 22:24:00,696 - src.business.model_recognizer - WARNING - PatternBasedRecognizer不可用，部分功能可能受限
2025-10-27 22:24:00,696 - src.data.csv_processor - INFO - CSV文件读取成功: config\master\type_define.csv, 共10行
2025-10-27 22:24:00,696 - src.data.csv_processor - INFO - CSV文件读取成功: config\master\type_prg.csv, 共10行
2025-10-27 22:24:00,696 - src.business.program_matcher - INFO - 程序匹配数据加载成功
2025-10-27 22:24:00,706 - DNCSystem - INFO - DNC Python 系统初始化成功
2025-10-27 22:24:24,207 - src.ui.main_window - INFO - 参数已更新: {'basic': {'workpiece_name': '', 'workpiece_id': '', 'process_type': '铣削', 'precision': '普通'}, 'geometry': {'length': 0.0, 'width': 0.0, 'height': 0.0, 'diameter': 0.0, 'angle': 0.0}, 'process': {'spindle_speed': 0.0, 'feed_rate': 0.0, 'cut_depth': 0.0, 'cut_width': 0.0}, 'material': {'material_type': '碳钢', 'material_hardness': '软', 'material_strength': 0.0}, 'model': {'model_type': '自动识别', 'model_description': '123@GPA20GT15040-A-H8@5', 'current_model': None}}
2025-10-27 22:24:24,210 - src.business.model_recognizer - INFO - 自定义格式解析成功: GPA20GT15040-A-H8
2025-10-27 22:24:24,210 - src.ui.main_window - INFO - 型号识别完成: {'model': 'GPA20GT15040-A-H8', 'qr_code': '123@GPA20GT15040-A-H8@5', 'po': '123', 'quantity': '5', 'recognition_mode': 'custom_format', 'confidence': 0.9, 'error_message': None}
2025-10-27 22:24:29,547 - src.ui.main_window - INFO - 转让按钮点击，参数: {'input_#500': '', 'relation_#503': '关系1', 'relation_#504': '关系1', 'input_#505': '', 'input_#506': '', 'select_#508': '选项1', 'relation_#509': '关系1', 'relation_#510': '关系1', 'relation_#513': '关系1', 'relation_#516': '关系1', 'relation_#522': '关系1', 'relation_#528': '关系1', 'relation_#545': '关系1', 'relation_#546': '关系1', 'relation_#547': '关系1'}
2025-10-27 22:27:42,922 - src.communication.named_pipe - WARNING - 命名管道服务器未在运行
2025-10-27 22:27:42,923 - src.data.file_manager - INFO - 所有文件已关闭
2025-10-27 22:58:42,972 - DNCSystem - INFO - DNC Python 系统启动
2025-10-27 22:58:42,984 - src.core.config - INFO - 配置加载成功
2025-10-27 22:58:42,985 - src.business.model_recognizer - WARNING - PatternBasedRecognizer不可用，部分功能可能受限
2025-10-27 22:58:42,986 - src.data.csv_processor - INFO - CSV文件读取成功: config\master\type_define.csv, 共10行
2025-10-27 22:58:42,986 - src.data.csv_processor - INFO - CSV文件读取成功: config\master\type_prg.csv, 共10行
2025-10-27 22:58:42,987 - src.business.program_matcher - INFO - 程序匹配数据加载成功
2025-10-27 22:58:42,991 - DNCSystem - INFO - DNC Python 系统初始化成功
2025-10-27 22:59:16,197 - src.ui.main_window - INFO - 参数已更新: {'basic': {'workpiece_name': '', 'workpiece_id': '', 'process_type': '铣削', 'precision': '普通'}, 'geometry': {'length': 0.0, 'width': 0.0, 'height': 0.0, 'diameter': 0.0, 'angle': 0.0}, 'process': {'spindle_speed': 0.0, 'feed_rate': 0.0, 'cut_depth': 0.0, 'cut_width': 0.0}, 'material': {'material_type': '碳钢', 'material_hardness': '软', 'material_strength': 0.0}, 'model': {'model_type': '自动识别', 'model_description': '1234@GPA20GT15040-A-H8@5', 'current_model': None}}
2025-10-27 22:59:16,197 - src.business.model_recognizer - INFO - 自定义格式解析成功: GPA20GT15040-A-H8
2025-10-27 22:59:16,197 - src.ui.main_window - INFO - 型号识别完成: {'model': 'GPA20GT15040-A-H8', 'qr_code': '1234@GPA20GT15040-A-H8@5', 'po': '1234', 'quantity': '5', 'recognition_mode': 'custom_format', 'confidence': 0.9, 'error_message': None}
2025-10-27 22:59:22,807 - src.ui.main_window - INFO - 转让按钮点击，参数: {'input_#500': '', 'relation_#503': '关系1', 'relation_#504': '关系1', 'input_#505': '', 'input_#506': '', 'select_#508': '选项1', 'relation_#509': '关系1', 'relation_#510': '关系1', 'relation_#513': '关系1', 'relation_#516': '关系1', 'relation_#522': '关系1', 'relation_#528': '关系1', 'relation_#545': '关系1', 'relation_#546': '关系1', 'relation_#547': '关系1'}
2025-10-27 22:59:22,818 - src.ui.main_window - INFO - 计算结果显示:
2025-10-27 22:59:22,818 - src.ui.main_window - INFO - ##500 = 0.0
2025-10-27 22:59:22,818 - src.ui.main_window - INFO - ##503 = 0
2025-10-27 22:59:22,819 - src.ui.main_window - INFO - ##504 = 0
2025-10-27 22:59:22,820 - src.ui.main_window - INFO - ##505 = 0.0
2025-10-27 22:59:22,820 - src.ui.main_window - INFO - ##506 = 0.0
2025-10-27 22:59:22,820 - src.ui.main_window - INFO - ##508 = 1
2025-10-27 22:59:22,820 - src.ui.main_window - INFO - ##509 = 0
2025-10-27 22:59:22,820 - src.ui.main_window - INFO - ##510 = 0
2025-10-27 22:59:22,820 - src.ui.main_window - INFO - ##513 = 0
2025-10-27 22:59:22,820 - src.ui.main_window - INFO - ##516 = 0
2025-10-27 22:59:22,822 - src.ui.main_window - INFO - ##522 = 0
2025-10-27 22:59:22,822 - src.ui.main_window - INFO - ##528 = 0
2025-10-27 22:59:22,822 - src.ui.main_window - INFO - ##545 = 0
2025-10-27 22:59:22,822 - src.ui.main_window - INFO - ##546 = 0
2025-10-27 22:59:22,822 - src.ui.main_window - INFO - ##547 = 0
2025-10-27 23:15:07,667 - src.communication.named_pipe - WARNING - 命名管道服务器未在运行
2025-10-27 23:15:07,667 - src.data.file_manager - INFO - 所有文件已关闭
2025-10-27 23:15:17,768 - DNCSystem - INFO - DNC Python 系统启动
2025-10-27 23:15:17,768 - src.core.config - INFO - 配置加载成功
2025-10-27 23:15:17,768 - src.business.model_recognizer - WARNING - PatternBasedRecognizer不可用，部分功能可能受限
2025-10-27 23:15:17,768 - src.data.csv_processor - INFO - CSV文件读取成功: config\master\type_define.csv, 共10行
2025-10-27 23:15:17,768 - src.data.csv_processor - INFO - CSV文件读取成功: config\master\type_prg.csv, 共10行
2025-10-27 23:15:17,768 - src.business.program_matcher - INFO - 程序匹配数据加载成功
2025-10-27 23:15:17,781 - DNCSystem - INFO - DNC Python 系统初始化成功
2025-10-27 23:15:41,256 - src.ui.main_window - INFO - 参数已更新: {'basic': {'workpiece_name': '', 'workpiece_id': '', 'process_type': '铣削', 'precision': '普通'}, 'geometry': {'length': 0.0, 'width': 0.0, 'height': 0.0, 'diameter': 0.0, 'angle': 0.0}, 'process': {'spindle_speed': 0.0, 'feed_rate': 0.0, 'cut_depth': 0.0, 'cut_width': 0.0}, 'material': {'material_type': '碳钢', 'material_hardness': '软', 'material_strength': 0.0}, 'model': {'model_type': '自动识别', 'model_description': '1234@GPA20GT15040-A-H8@3', 'current_model': None}}
2025-10-27 23:15:41,256 - src.business.model_recognizer - INFO - 自定义格式解析成功: GPA20GT15040-A-H8
2025-10-27 23:15:41,256 - src.ui.main_window - INFO - 型号识别完成: {'model': 'GPA20GT15040-A-H8', 'qr_code': '1234@GPA20GT15040-A-H8@3', 'po': '1234', 'quantity': '3', 'recognition_mode': 'custom_format', 'confidence': 0.9, 'error_message': None}
2025-10-27 23:15:46,604 - src.ui.main_window - INFO - 转让按钮点击，参数: {'input_#500': '', 'relation_#503': '关系1', 'relation_#504': '关系1', 'input_#505': '', 'input_#506': '', 'select_#508': '选项1', 'relation_#509': '关系1', 'relation_#510': '关系1', 'relation_#513': '关系1', 'relation_#516': '关系1', 'relation_#522': '关系1', 'relation_#528': '关系1', 'relation_#545': '关系1', 'relation_#546': '关系1', 'relation_#547': '关系1'}
2025-10-27 23:15:46,623 - src.ui.main_window - INFO - 计算结果显示:
2025-10-27 23:15:46,624 - src.ui.main_window - INFO - ##500 = 0.0
2025-10-27 23:15:46,624 - src.ui.main_window - INFO - ##503 = 0
2025-10-27 23:15:46,624 - src.ui.main_window - INFO - ##504 = 0
2025-10-27 23:15:46,624 - src.ui.main_window - INFO - ##505 = 0.0
2025-10-27 23:15:46,625 - src.ui.main_window - INFO - ##506 = 0.0
2025-10-27 23:15:46,625 - src.ui.main_window - INFO - ##508 = 1
2025-10-27 23:15:46,625 - src.ui.main_window - INFO - ##509 = 0
2025-10-27 23:15:46,625 - src.ui.main_window - INFO - ##510 = 0
2025-10-27 23:15:46,625 - src.ui.main_window - INFO - ##513 = 0
2025-10-27 23:15:46,626 - src.ui.main_window - INFO - ##516 = 0
2025-10-27 23:15:46,626 - src.ui.main_window - INFO - ##522 = 0
2025-10-27 23:15:46,626 - src.ui.main_window - INFO - ##528 = 0
2025-10-27 23:15:46,626 - src.ui.main_window - INFO - ##545 = 0
2025-10-27 23:15:46,626 - src.ui.main_window - INFO - ##546 = 0
2025-10-27 23:15:46,626 - src.ui.main_window - INFO - ##547 = 0
2025-10-27 23:15:46,626 - src.ui.main_window - INFO - #ABC = 0
2025-10-27 23:15:46,627 - src.ui.main_window - INFO - #ABCD = 0
2025-10-27 23:15:46,627 - src.ui.main_window - INFO - #L = 0
2025-10-27 23:15:46,627 - src.ui.main_window - INFO - #L1 = 0
2025-10-27 23:15:46,627 - src.ui.main_window - INFO - #L2 = 0
2025-10-27 23:15:46,627 - src.ui.main_window - INFO - #L11 = 0
2025-10-27 23:15:46,628 - src.ui.main_window - INFO - #L22 = 0
2025-10-27 23:15:46,628 - src.ui.main_window - INFO - #1 = 0
2025-10-27 23:15:46,628 - src.ui.main_window - INFO - #2 = 0
2025-10-28 18:19:30,497 - DNCSystem - INFO - DNC Python 系统启动
2025-10-28 18:19:30,506 - src.core.config - INFO - 配置加载成功
2025-10-28 18:19:30,506 - src.business.model_recognizer - WARNING - PatternBasedRecognizer不可用，部分功能可能受限
2025-10-28 18:19:30,516 - src.data.csv_processor - INFO - CSV文件读取成功: config\master\type_define.csv, 共10行
2025-10-28 18:19:30,527 - src.data.csv_processor - INFO - CSV文件读取成功: config\master\type_prg.csv, 共10行
2025-10-28 18:19:30,527 - src.business.program_matcher - INFO - 程序匹配数据加载成功
2025-10-28 18:19:30,543 - DNCSystem - INFO - DNC Python 系统初始化成功
2025-10-28 18:20:50,697 - src.ui.main_window - INFO - 参数已更新: {'basic': {'workpiece_name': '', 'workpiece_id': '', 'process_type': '铣削', 'precision': '普通'}, 'geometry': {'length': 0.0, 'width': 0.0, 'height': 0.0, 'diameter': 0.0, 'angle': 0.0}, 'process': {'spindle_speed': 0.0, 'feed_rate': 0.0, 'cut_depth': 0.0, 'cut_width': 0.0}, 'material': {'material_type': '碳钢', 'material_hardness': '软', 'material_strength': 0.0}, 'model': {'model_type': '自动识别', 'model_description': '134@GPA20GT15040-A-H8@5', 'current_model': None}}
2025-10-28 18:20:50,702 - src.business.model_recognizer - INFO - 自定义格式解析成功: GPA20GT15040-A-H8
2025-10-28 18:20:50,702 - src.ui.main_window - INFO - 型号识别完成: {'model': 'GPA20GT15040-A-H8', 'qr_code': '134@GPA20GT15040-A-H8@5', 'po': '134', 'quantity': '5', 'recognition_mode': 'custom_format', 'confidence': 0.9, 'error_message': None}
2025-10-28 18:20:54,602 - src.ui.main_window - INFO - 转让按钮点击，参数: {'input_#500': '', 'relation_#503': '关系1', 'relation_#504': '关系1', 'input_#505': '', 'input_#506': '', 'select_#508': '选项1', 'relation_#509': '关系1', 'relation_#510': '关系1', 'relation_#513': '关系1', 'relation_#516': '关系1', 'relation_#522': '关系1', 'relation_#528': '关系1', 'relation_#545': '关系1', 'relation_#546': '关系1', 'relation_#547': '关系1'}
2025-10-28 18:20:54,677 - src.ui.main_window - INFO - 计算结果显示:
2025-10-28 18:20:54,677 - src.ui.main_window - INFO - #500 = 0.0
2025-10-28 18:20:54,677 - src.ui.main_window - INFO - #503 = 0
2025-10-28 18:20:54,677 - src.ui.main_window - INFO - #504 = 0
2025-10-28 18:20:54,677 - src.ui.main_window - INFO - #505 = 0.0
2025-10-28 18:20:54,677 - src.ui.main_window - INFO - #506 = 0.0
2025-10-28 18:20:54,677 - src.ui.main_window - INFO - #508 = 1
2025-10-28 18:20:54,677 - src.ui.main_window - INFO - #509 = 0
2025-10-28 18:20:54,680 - src.ui.main_window - INFO - #510 = 0
2025-10-28 18:20:54,680 - src.ui.main_window - INFO - #513 = 0
2025-10-28 18:20:54,680 - src.ui.main_window - INFO - #516 = 0
2025-10-28 18:20:54,680 - src.ui.main_window - INFO - #522 = 0
2025-10-28 18:20:54,680 - src.ui.main_window - INFO - #528 = 0
2025-10-28 18:20:54,680 - src.ui.main_window - INFO - #545 = 0
2025-10-28 18:20:54,681 - src.ui.main_window - INFO - #546 = 0
2025-10-28 18:20:54,681 - src.ui.main_window - INFO - #547 = 0
2025-10-28 18:47:09,812 - src.communication.named_pipe - WARNING - 命名管道服务器未在运行
2025-10-28 18:47:09,813 - src.data.file_manager - INFO - 所有文件已关闭
2025-10-28 18:47:14,939 - DNCSystem - INFO - DNC Python 系统启动
2025-10-28 18:47:14,941 - src.core.config - INFO - 配置加载成功
2025-10-28 18:47:14,941 - src.business.model_recognizer - WARNING - PatternBasedRecognizer不可用，部分功能可能受限
2025-10-28 18:47:14,951 - src.data.csv_processor - INFO - CSV文件读取成功: config\master\type_define.csv, 共10行
2025-10-28 18:47:14,953 - src.data.csv_processor - INFO - CSV文件读取成功: config\master\type_prg.csv, 共10行
2025-10-28 18:47:14,953 - src.business.program_matcher - INFO - 程序匹配数据加载成功
2025-10-28 18:47:14,960 - DNCSystem - INFO - DNC Python 系统初始化成功
2025-10-28 18:50:29,252 - src.ui.main_window - INFO - 参数已更新: {'basic': {'workpiece_name': '', 'workpiece_id': '', 'process_type': '铣削', 'precision': '普通'}, 'geometry': {'length': 0.0, 'width': 0.0, 'height': 0.0, 'diameter': 0.0, 'angle': 0.0}, 'process': {'spindle_speed': 0.0, 'feed_rate': 0.0, 'cut_depth': 0.0, 'cut_width': 0.0}, 'material': {'material_type': '碳钢', 'material_hardness': '软', 'material_strength': 0.0}, 'model': {'model_type': '自动识别', 'model_description': '123@GPA20GT15040-A-H8@3', 'current_model': None}}
2025-10-28 18:50:29,262 - src.business.model_recognizer - INFO - 自定义格式解析成功: GPA20GT15040-A-H8
2025-10-28 18:50:29,262 - src.ui.main_window - INFO - 型号识别完成: {'model': 'GPA20GT15040-A-H8', 'qr_code': '123@GPA20GT15040-A-H8@3', 'po': '123', 'quantity': '3', 'recognition_mode': 'custom_format', 'confidence': 0.9, 'error_message': None}
2025-10-28 18:50:33,204 - src.ui.main_window - INFO - 转让按钮点击，参数: {'input_#500': '', 'relation_#503': '关系1', 'relation_#504': '关系1', 'input_#505': '', 'input_#506': '', 'select_#508': '选项1', 'relation_#509': '关系1', 'relation_#510': '关系1', 'relation_#513': '关系1', 'relation_#516': '关系1', 'relation_#522': '关系1', 'relation_#528': '关系1', 'relation_#545': '关系1', 'relation_#546': '关系1', 'relation_#547': '关系1'}
2025-10-28 18:50:33,246 - src.ui.main_window - INFO - 计算结果显示:
2025-10-28 18:50:33,246 - src.ui.main_window - INFO - #500 = 0.0
2025-10-28 18:50:33,247 - src.ui.main_window - INFO - #503 = 0
2025-10-28 18:50:33,247 - src.ui.main_window - INFO - #504 = 0
2025-10-28 18:50:33,247 - src.ui.main_window - INFO - #505 = 0.0
2025-10-28 18:50:33,247 - src.ui.main_window - INFO - #506 = 0.0
2025-10-28 18:50:33,247 - src.ui.main_window - INFO - #508 = 1
2025-10-28 18:50:33,248 - src.ui.main_window - INFO - #509 = 0
2025-10-28 18:50:33,248 - src.ui.main_window - INFO - #510 = 0
2025-10-28 18:50:33,248 - src.ui.main_window - INFO - #513 = 0
2025-10-28 18:50:33,248 - src.ui.main_window - INFO - #516 = 0
2025-10-28 18:50:33,249 - src.ui.main_window - INFO - #522 = 0
2025-10-28 18:50:33,249 - src.ui.main_window - INFO - #528 = 0
2025-10-28 18:50:33,249 - src.ui.main_window - INFO - #545 = 0
2025-10-28 18:50:33,249 - src.ui.main_window - INFO - #546 = 0
2025-10-28 18:50:33,249 - src.ui.main_window - INFO - #547 = 0
2025-10-28 18:53:22,330 - src.ui.main_window - INFO - 转让按钮点击，参数: {'input_#500': '', 'relation_#503': '关系1', 'relation_#504': '关系1', 'input_#505': '', 'input_#506': '', 'select_#508': '选项1', 'relation_#509': '关系1', 'relation_#510': '关系1', 'relation_#513': '关系1', 'relation_#516': '关系1', 'relation_#522': '关系1', 'relation_#528': '关系1', 'relation_#545': '关系1', 'relation_#546': '关系1', 'relation_#547': '关系1'}
2025-10-28 18:53:22,344 - src.ui.main_window - INFO - 计算结果显示:
2025-10-28 18:53:22,344 - src.ui.main_window - INFO - #500 = 0.0
2025-10-28 18:53:22,344 - src.ui.main_window - INFO - #503 = 0
2025-10-28 18:53:22,344 - src.ui.main_window - INFO - #504 = 0
2025-10-28 18:53:22,345 - src.ui.main_window - INFO - #505 = 0.0
2025-10-28 18:53:22,345 - src.ui.main_window - INFO - #506 = 0.0
2025-10-28 18:53:22,345 - src.ui.main_window - INFO - #508 = 1
2025-10-28 18:53:22,345 - src.ui.main_window - INFO - #509 = 0
2025-10-28 18:53:22,345 - src.ui.main_window - INFO - #510 = 0
2025-10-28 18:53:22,345 - src.ui.main_window - INFO - #513 = 0
2025-10-28 18:53:22,345 - src.ui.main_window - INFO - #516 = 0
2025-10-28 18:53:22,346 - src.ui.main_window - INFO - #522 = 0
2025-10-28 18:53:22,346 - src.ui.main_window - INFO - #528 = 0
2025-10-28 18:53:22,346 - src.ui.main_window - INFO - #545 = 0
2025-10-28 18:53:22,346 - src.ui.main_window - INFO - #546 = 0
2025-10-28 18:53:22,346 - src.ui.main_window - INFO - #547 = 0
2025-10-28 18:55:28,727 - src.communication.named_pipe - WARNING - 命名管道服务器未在运行
2025-10-28 18:55:28,727 - src.data.file_manager - INFO - 所有文件已关闭
2025-10-28 19:16:13,210 - DNCSystem - INFO - DNC Python 系统启动
2025-10-28 19:16:13,210 - src.core.config - INFO - 配置加载成功
2025-10-28 19:16:13,210 - src.business.model_recognizer - WARNING - PatternBasedRecognizer不可用，部分功能可能受限
2025-10-28 19:16:13,210 - src.data.csv_processor - INFO - CSV文件读取成功: config\master\type_define.csv, 共10行
2025-10-28 19:16:13,210 - src.data.csv_processor - INFO - CSV文件读取成功: config\master\type_prg.csv, 共10行
2025-10-28 19:16:13,210 - src.business.program_matcher - INFO - 程序匹配数据加载成功
2025-10-28 19:16:13,219 - DNCSystem - INFO - DNC Python 系统初始化成功
2025-10-28 19:16:40,842 - src.ui.main_window - INFO - 参数已更新: {'basic': {'workpiece_name': '', 'workpiece_id': '', 'process_type': '铣削', 'precision': '普通'}, 'geometry': {'length': 0.0, 'width': 0.0, 'height': 0.0, 'diameter': 0.0, 'angle': 0.0}, 'process': {'spindle_speed': 0.0, 'feed_rate': 0.0, 'cut_depth': 0.0, 'cut_width': 0.0}, 'material': {'material_type': '碳钢', 'material_hardness': '软', 'material_strength': 0.0}, 'model': {'model_type': '自动识别', 'model_description': '123@GPA20GT15040-A-H8@3', 'current_model': None}}
2025-10-28 19:16:40,852 - src.business.model_recognizer - INFO - 自定义格式解析成功: GPA20GT15040-A-H8
2025-10-28 19:16:40,852 - src.ui.main_window - INFO - 型号识别完成: {'model': 'GPA20GT15040-A-H8', 'qr_code': '123@GPA20GT15040-A-H8@3', 'po': '123', 'quantity': '3', 'recognition_mode': 'custom_format', 'confidence': 0.9, 'error_message': None}
2025-10-28 19:16:56,321 - src.ui.main_window - INFO - 转让按钮点击，参数: {'input_#500': '', 'relation_#503': '关系1', 'relation_#504': '关系1', 'input_#505': '', 'input_#506': '', 'select_#508': '选项1', 'relation_#509': '关系1', 'relation_#510': '关系1', 'relation_#513': '关系1', 'relation_#516': '关系1', 'relation_#522': '关系1', 'relation_#528': '关系1', 'relation_#545': '关系1', 'relation_#546': '关系1', 'relation_#547': '关系1'}
2025-10-28 19:16:56,340 - src.ui.main_window - INFO - 计算结果显示:
2025-10-28 19:31:01,061 - src.communication.named_pipe - WARNING - 命名管道服务器未在运行
2025-10-28 19:31:01,061 - src.data.file_manager - INFO - 所有文件已关闭
2025-10-28 19:31:16,916 - DNCSystem - INFO - DNC Python 系统启动
2025-10-28 19:31:16,916 - src.core.config - INFO - 配置加载成功
2025-10-28 19:31:16,916 - src.business.model_recognizer - WARNING - PatternBasedRecognizer不可用，部分功能可能受限
2025-10-28 19:31:16,924 - src.data.csv_processor - INFO - CSV文件读取成功: config\master\type_define.csv, 共10行
2025-10-28 19:31:16,924 - src.data.csv_processor - INFO - CSV文件读取成功: config\master\type_prg.csv, 共10行
2025-10-28 19:31:16,924 - src.business.program_matcher - INFO - 程序匹配数据加载成功
2025-10-28 19:31:16,928 - DNCSystem - INFO - DNC Python 系统初始化成功
2025-10-28 19:31:47,624 - src.ui.main_window - INFO - 参数已更新: {'basic': {'workpiece_name': '', 'workpiece_id': '', 'process_type': '铣削', 'precision': '普通'}, 'geometry': {'length': 0.0, 'width': 0.0, 'height': 0.0, 'diameter': 0.0, 'angle': 0.0}, 'process': {'spindle_speed': 0.0, 'feed_rate': 0.0, 'cut_depth': 0.0, 'cut_width': 0.0}, 'material': {'material_type': '碳钢', 'material_hardness': '软', 'material_strength': 0.0}, 'model': {'model_type': '自动识别', 'model_description': '123@GPA20GT15040-A-H8@2', 'current_model': None}}
2025-10-28 19:31:47,624 - src.business.model_recognizer - INFO - 自定义格式解析成功: GPA20GT15040-A-H8
2025-10-28 19:31:47,624 - src.ui.main_window - INFO - 型号识别完成: {'model': 'GPA20GT15040-A-H8', 'qr_code': '123@GPA20GT15040-A-H8@2', 'po': '123', 'quantity': '2', 'recognition_mode': 'custom_format', 'confidence': 0.9, 'error_message': None}
2025-10-28 19:31:52,365 - src.ui.main_window - INFO - 转让按钮点击，参数: {'input_#500': '', 'relation_#503': '关系1', 'relation_#504': '关系1', 'input_#505': '', 'input_#506': '', 'select_#508': '选项1', 'relation_#509': '关系1', 'relation_#510': '关系1', 'relation_#513': '关系1', 'relation_#516': '关系1', 'relation_#522': '关系1', 'relation_#528': '关系1', 'relation_#545': '关系1', 'relation_#546': '关系1', 'relation_#547': '关系1'}
2025-10-28 19:31:52,371 - src.ui.main_window - INFO - 计算结果显示:
2025-10-28 19:37:02,658 - src.communication.named_pipe - WARNING - 命名管道服务器未在运行
2025-10-28 19:37:02,658 - src.data.file_manager - INFO - 所有文件已关闭
2025-10-28 19:47:02,778 - DNCSystem - INFO - DNC Python 系统启动
2025-10-28 19:47:02,778 - src.core.config - INFO - 配置加载成功
2025-10-28 19:47:02,778 - src.business.model_recognizer - WARNING - PatternBasedRecognizer不可用，部分功能可能受限
2025-10-28 19:47:02,778 - src.data.csv_processor - INFO - CSV文件读取成功: config\master\type_define.csv, 共10行
2025-10-28 19:47:02,778 - src.data.csv_processor - INFO - CSV文件读取成功: config\master\type_prg.csv, 共10行
2025-10-28 19:47:02,778 - src.business.program_matcher - INFO - 程序匹配数据加载成功
2025-10-28 19:47:02,798 - DNCSystem - INFO - DNC Python 系统初始化成功
2025-10-28 19:48:17,535 - src.ui.main_window - INFO - 参数已更新: {'basic': {'workpiece_name': '', 'workpiece_id': '', 'process_type': '铣削', 'precision': '普通'}, 'geometry': {'length': 0.0, 'width': 0.0, 'height': 0.0, 'diameter': 0.0, 'angle': 0.0}, 'process': {'spindle_speed': 0.0, 'feed_rate': 0.0, 'cut_depth': 0.0, 'cut_width': 0.0}, 'material': {'material_type': '碳钢', 'material_hardness': '软', 'material_strength': 0.0}, 'model': {'model_type': '自动识别', 'model_description': '123@GPA20GT15040-A-H8@5\n', 'current_model': None}}
2025-10-28 19:48:17,536 - src.business.model_recognizer - INFO - 自定义格式解析成功: GPA20GT15040-A-H8
2025-10-28 19:48:17,536 - src.ui.main_window - INFO - 型号识别完成: {'model': 'GPA20GT15040-A-H8', 'qr_code': '123@GPA20GT15040-A-H8@5\n', 'po': '123', 'quantity': '5', 'recognition_mode': 'custom_format', 'confidence': 0.9, 'error_message': None}
2025-10-28 19:48:25,828 - src.ui.main_window - INFO - 转让按钮点击，参数: {'input_#500': '', 'relation_#503': '关系1', 'relation_#504': '关系1', 'input_#505': '', 'input_#506': '', 'select_#508': '选项1', 'relation_#509': '关系1', 'relation_#510': '关系1', 'relation_#513': '关系1', 'relation_#516': '关系1', 'relation_#522': '关系1', 'relation_#528': '关系1', 'relation_#545': '关系1', 'relation_#546': '关系1', 'relation_#547': '关系1'}
2025-10-28 19:48:25,849 - src.ui.main_window - INFO - 计算结果显示:
2025-10-28 19:48:25,849 - src.ui.main_window - INFO - 500 = 0.0
2025-10-28 19:48:25,849 - src.ui.main_window - INFO - 503 = 0
2025-10-28 19:48:25,849 - src.ui.main_window - INFO - 504 = 0
2025-10-28 19:48:25,849 - src.ui.main_window - INFO - 505 = 0.0
2025-10-28 19:48:25,849 - src.ui.main_window - INFO - 506 = 0.0
2025-10-28 19:48:25,850 - src.ui.main_window - INFO - 508 = 1
2025-10-28 19:48:25,850 - src.ui.main_window - INFO - 509 = 0
2025-10-28 19:48:25,850 - src.ui.main_window - INFO - 510 = 0
2025-10-28 19:48:25,851 - src.ui.main_window - INFO - 513 = 0
2025-10-28 19:48:25,851 - src.ui.main_window - INFO - 516 = 0
2025-10-28 19:48:25,851 - src.ui.main_window - INFO - 522 = 0
2025-10-28 19:48:25,851 - src.ui.main_window - INFO - 528 = 0
2025-10-28 19:48:25,852 - src.ui.main_window - INFO - 545 = 0
2025-10-28 19:48:25,852 - src.ui.main_window - INFO - 546 = 0
2025-10-28 19:48:25,852 - src.ui.main_window - INFO - 547 = 0
2025-10-28 20:13:59,979 - src.communication.named_pipe - WARNING - 命名管道服务器未在运行
2025-10-28 20:13:59,979 - src.data.file_manager - INFO - 所有文件已关闭
2025-10-28 20:14:05,517 - DNCSystem - INFO - DNC Python 系统启动
2025-10-28 20:14:05,517 - src.core.config - INFO - 配置加载成功
2025-10-28 20:14:05,517 - src.business.model_recognizer - WARNING - PatternBasedRecognizer不可用，部分功能可能受限
2025-10-28 20:14:05,517 - src.data.csv_processor - INFO - CSV文件读取成功: config\master\type_define.csv, 共10行
2025-10-28 20:14:05,522 - src.data.csv_processor - INFO - CSV文件读取成功: config\master\type_prg.csv, 共10行
2025-10-28 20:14:05,522 - src.business.program_matcher - INFO - 程序匹配数据加载成功
2025-10-28 20:14:05,522 - DNCSystem - INFO - DNC Python 系统初始化成功
2025-10-28 20:14:44,139 - src.ui.main_window - INFO - 参数已更新: {'basic': {'workpiece_name': '', 'workpiece_id': '', 'process_type': '铣削', 'precision': '普通'}, 'geometry': {'length': 0.0, 'width': 0.0, 'height': 0.0, 'diameter': 0.0, 'angle': 0.0}, 'process': {'spindle_speed': 0.0, 'feed_rate': 0.0, 'cut_depth': 0.0, 'cut_width': 0.0}, 'material': {'material_type': '碳钢', 'material_hardness': '软', 'material_strength': 0.0}, 'model': {'model_type': '自动识别', 'model_description': '123@GPA20GT15040-A-H8@4', 'current_model': None}}
2025-10-28 20:14:44,139 - src.business.model_recognizer - INFO - 自定义格式解析成功: GPA20GT15040-A-H8
2025-10-28 20:14:44,139 - src.ui.main_window - INFO - 型号识别完成: {'model': 'GPA20GT15040-A-H8', 'qr_code': '123@GPA20GT15040-A-H8@4', 'po': '123', 'quantity': '4', 'recognition_mode': 'custom_format', 'confidence': 0.9, 'error_message': None}
2025-10-28 20:14:48,273 - src.ui.main_window - INFO - 转让按钮点击，参数: {'input_#500': '', 'relation_#503': '关系1', 'relation_#504': '关系1', 'input_#505': '', 'input_#506': '', 'select_#508': '选项1', 'relation_#509': '关系1', 'relation_#510': '关系1', 'relation_#513': '关系1', 'relation_#516': '关系1', 'relation_#522': '关系1', 'relation_#528': '关系1', 'relation_#545': '关系1', 'relation_#546': '关系1', 'relation_#547': '关系1'}
2025-10-28 20:14:48,273 - src.ui.main_window - INFO - 计算结果显示:
2025-10-28 20:14:48,273 - src.ui.main_window - INFO - 500 = 0.0
2025-10-28 20:14:48,273 - src.ui.main_window - INFO - 503 = 0
2025-10-28 20:14:48,273 - src.ui.main_window - INFO - 504 = 0
2025-10-28 20:14:48,273 - src.ui.main_window - INFO - 505 = 0.0
2025-10-28 20:14:48,273 - src.ui.main_window - INFO - 506 = 0.0
2025-10-28 20:14:48,273 - src.ui.main_window - INFO - 508 = 1
2025-10-28 20:14:48,273 - src.ui.main_window - INFO - 509 = 0
2025-10-28 20:14:48,273 - src.ui.main_window - INFO - 510 = 0
2025-10-28 20:14:48,273 - src.ui.main_window - INFO - 513 = 0
2025-10-28 20:14:48,273 - src.ui.main_window - INFO - 516 = 0
2025-10-28 20:14:48,285 - src.ui.main_window - INFO - 522 = 0
2025-10-28 20:14:48,285 - src.ui.main_window - INFO - 528 = 0
2025-10-28 20:14:48,285 - src.ui.main_window - INFO - 545 = 0
2025-10-28 20:14:48,285 - src.ui.main_window - INFO - 546 = 0
2025-10-28 20:14:48,285 - src.ui.main_window - INFO - 547 = 0
2025-10-28 20:33:12,613 - src.communication.named_pipe - WARNING - 命名管道服务器未在运行
2025-10-28 20:33:12,613 - src.data.file_manager - INFO - 所有文件已关闭
2025-10-28 20:33:19,152 - DNCSystem - INFO - DNC Python 系统启动
2025-10-28 20:33:19,160 - src.core.config - INFO - 配置加载成功
2025-10-28 20:33:19,160 - src.business.model_recognizer - WARNING - PatternBasedRecognizer不可用，部分功能可能受限
2025-10-28 20:33:19,160 - src.data.csv_processor - INFO - CSV文件读取成功: config\master\type_define.csv, 共10行
2025-10-28 20:33:19,160 - src.data.csv_processor - INFO - CSV文件读取成功: config\master\type_prg.csv, 共10行
2025-10-28 20:33:19,160 - src.business.program_matcher - INFO - 程序匹配数据加载成功
2025-10-28 20:33:19,167 - DNCSystem - INFO - DNC Python 系统初始化成功
2025-10-28 20:34:20,796 - src.ui.main_window - INFO - 参数已更新: {'basic': {'workpiece_name': '', 'workpiece_id': '', 'process_type': '铣削', 'precision': '普通'}, 'geometry': {'length': 0.0, 'width': 0.0, 'height': 0.0, 'diameter': 0.0, 'angle': 0.0}, 'process': {'spindle_speed': 0.0, 'feed_rate': 0.0, 'cut_depth': 0.0, 'cut_width': 0.0}, 'material': {'material_type': '碳钢', 'material_hardness': '软', 'material_strength': 0.0}, 'model': {'model_type': '自动识别', 'model_description': '123@GPA20GT15040_A-H8@4', 'current_model': None}}
2025-10-28 20:34:20,796 - src.business.model_recognizer - INFO - 自定义格式解析成功: GPA20GT15040_A-H8
2025-10-28 20:34:20,796 - src.ui.main_window - INFO - 型号识别完成: {'model': 'GPA20GT15040_A-H8', 'qr_code': '123@GPA20GT15040_A-H8@4', 'po': '123', 'quantity': '4', 'recognition_mode': 'custom_format', 'confidence': 0.9, 'error_message': None}
2025-10-28 20:34:24,778 - src.ui.main_window - INFO - 转让按钮点击，参数: {'input_#500': '', 'relation_#503': '关系1', 'relation_#504': '关系1', 'input_#505': '', 'input_#506': '', 'select_#508': '选项1', 'relation_#509': '关系1', 'relation_#510': '关系1', 'relation_#513': '关系1', 'relation_#516': '关系1', 'relation_#522': '关系1', 'relation_#528': '关系1', 'relation_#545': '关系1', 'relation_#546': '关系1', 'relation_#547': '关系1'}
2025-10-28 20:34:24,803 - src.ui.main_window - INFO - 计算结果显示:
2025-10-28 20:57:16,808 - src.communication.named_pipe - WARNING - 命名管道服务器未在运行
2025-10-28 20:57:16,810 - src.data.file_manager - INFO - 所有文件已关闭
2025-10-28 20:57:26,302 - DNCSystem - INFO - DNC Python 系统启动
2025-10-28 20:57:26,302 - src.core.config - INFO - 配置加载成功
2025-10-28 20:57:26,302 - src.business.model_recognizer - WARNING - PatternBasedRecognizer不可用，部分功能可能受限
2025-10-28 20:57:26,302 - src.data.csv_processor - INFO - CSV文件读取成功: config\master\type_define.csv, 共10行
2025-10-28 20:57:26,302 - src.data.csv_processor - INFO - CSV文件读取成功: config\master\type_prg.csv, 共10行
2025-10-28 20:57:26,302 - src.business.program_matcher - INFO - 程序匹配数据加载成功
2025-10-28 20:57:26,302 - DNCSystem - INFO - DNC Python 系统初始化成功
2025-10-28 20:58:17,145 - src.ui.main_window - INFO - 参数已更新: {'basic': {'workpiece_name': '', 'workpiece_id': '', 'process_type': '铣削', 'precision': '普通'}, 'geometry': {'length': 0.0, 'width': 0.0, 'height': 0.0, 'diameter': 0.0, 'angle': 0.0}, 'process': {'spindle_speed': 0.0, 'feed_rate': 0.0, 'cut_depth': 0.0, 'cut_width': 0.0}, 'material': {'material_type': '碳钢', 'material_hardness': '软', 'material_strength': 0.0}, 'model': {'model_type': '自动识别', 'model_description': '123@GPA20GT15040_A-H8@3', 'current_model': None}}
2025-10-28 20:58:17,145 - src.business.model_recognizer - INFO - 自定义格式解析成功: GPA20GT15040_A-H8
2025-10-28 20:58:17,145 - src.ui.main_window - INFO - 型号识别完成: {'model': 'GPA20GT15040_A-H8', 'qr_code': '123@GPA20GT15040_A-H8@3', 'po': '123', 'quantity': '3', 'recognition_mode': 'custom_format', 'confidence': 0.9, 'error_message': None}
2025-10-28 20:58:21,830 - src.ui.main_window - INFO - 转让按钮点击，参数: {'input_#500': '', 'relation_#503': '关系1', 'relation_#504': '关系1', 'input_#505': '', 'input_#506': '', 'select_#508': '选项1', 'relation_#509': '关系1', 'relation_#510': '关系1', 'relation_#513': '关系1', 'relation_#516': '关系1', 'relation_#522': '关系1', 'relation_#528': '关系1', 'relation_#545': '关系1', 'relation_#546': '关系1', 'relation_#547': '关系1'}
2025-10-28 20:58:21,846 - src.ui.main_window - INFO - 计算结果显示:
2025-10-28 20:58:21,846 - src.ui.main_window - INFO - #500 = 0.0
2025-10-28 20:58:21,847 - src.ui.main_window - INFO - #503 = 0
2025-10-28 20:58:21,847 - src.ui.main_window - INFO - #504 = 0
2025-10-28 20:58:21,847 - src.ui.main_window - INFO - #505 = 0.0
2025-10-28 20:58:21,848 - src.ui.main_window - INFO - #506 = 0.0
2025-10-28 20:58:21,848 - src.ui.main_window - INFO - #508 = 1
2025-10-28 20:58:21,848 - src.ui.main_window - INFO - #509 = 0
2025-10-28 20:58:21,848 - src.ui.main_window - INFO - #510 = 0
2025-10-28 20:58:21,848 - src.ui.main_window - INFO - #513 = 0
2025-10-28 20:58:21,848 - src.ui.main_window - INFO - #516 = 0
2025-10-28 20:58:21,848 - src.ui.main_window - INFO - #522 = 0
2025-10-28 20:58:21,848 - src.ui.main_window - INFO - #528 = 0
2025-10-28 20:58:21,848 - src.ui.main_window - INFO - #545 = 0
2025-10-28 20:58:21,850 - src.ui.main_window - INFO - #546 = 0
2025-10-28 20:58:21,850 - src.ui.main_window - INFO - #547 = 0
2025-10-28 21:00:36,562 - src.communication.named_pipe - WARNING - 命名管道服务器未在运行
2025-10-28 21:00:36,562 - src.data.file_manager - INFO - 所有文件已关闭
2025-10-28 21:18:11,279 - DNCSystem - INFO - DNC Python 系统启动
2025-10-28 21:18:11,282 - src.core.config - INFO - 配置加载成功
2025-10-28 21:18:11,284 - src.business.model_recognizer - WARNING - PatternBasedRecognizer不可用，部分功能可能受限
2025-10-28 21:18:11,286 - src.data.csv_processor - INFO - CSV文件读取成功: config\master\type_define.csv, 共10行
2025-10-28 21:18:11,287 - src.data.csv_processor - INFO - CSV文件读取成功: config\master\type_prg.csv, 共10行
2025-10-28 21:18:11,288 - src.business.program_matcher - INFO - 程序匹配数据加载成功
2025-10-28 21:18:11,301 - DNCSystem - INFO - DNC Python 系统初始化成功
2025-10-28 21:18:42,342 - src.ui.main_window - INFO - 参数已更新: {'basic': {'workpiece_name': '', 'workpiece_id': '', 'process_type': '铣削', 'precision': '普通'}, 'geometry': {'length': 0.0, 'width': 0.0, 'height': 0.0, 'diameter': 0.0, 'angle': 0.0}, 'process': {'spindle_speed': 0.0, 'feed_rate': 0.0, 'cut_depth': 0.0, 'cut_width': 0.0}, 'material': {'material_type': '碳钢', 'material_hardness': '软', 'material_strength': 0.0}, 'model': {'model_type': '自动识别', 'model_description': '123@GPA20GT15040-A-H8@3', 'current_model': None}}
2025-10-28 21:18:42,345 - src.business.model_recognizer - INFO - 自定义格式解析成功: GPA20GT15040-A-H8
2025-10-28 21:18:42,345 - src.ui.main_window - INFO - 型号识别完成: {'model': 'GPA20GT15040-A-H8', 'qr_code': '123@GPA20GT15040-A-H8@3', 'po': '123', 'quantity': '3', 'recognition_mode': 'custom_format', 'confidence': 0.9, 'error_message': None}
2025-10-28 21:18:48,670 - src.ui.main_window - INFO - 转让按钮点击，参数: {'input_#500': '', 'relation_#503': '关系1', 'relation_#504': '关系1', 'input_#505': '', 'input_#506': '', 'select_#508': '选项1', 'relation_#509': '关系1', 'relation_#510': '关系1', 'relation_#513': '关系1', 'relation_#516': '关系1', 'relation_#522': '关系1', 'relation_#528': '关系1', 'relation_#545': '关系1', 'relation_#546': '关系1', 'relation_#547': '关系1'}
2025-10-28 21:18:48,681 - src.ui.main_window - INFO - 计算结果显示:
2025-10-28 21:18:48,682 - src.ui.main_window - INFO - 500 = 0.0
2025-10-28 21:18:48,682 - src.ui.main_window - INFO - 503 = 0
2025-10-28 21:18:48,682 - src.ui.main_window - INFO - 504 = 0
2025-10-28 21:18:48,682 - src.ui.main_window - INFO - 505 = 0.0
2025-10-28 21:18:48,682 - src.ui.main_window - INFO - 506 = 0.0
2025-10-28 21:18:48,682 - src.ui.main_window - INFO - 508 = 1
2025-10-28 21:18:48,683 - src.ui.main_window - INFO - 509 = 0
2025-10-28 21:18:48,683 - src.ui.main_window - INFO - 510 = 0
2025-10-28 21:18:48,684 - src.ui.main_window - INFO - 513 = 0
2025-10-28 21:18:48,684 - src.ui.main_window - INFO - 516 = 0
2025-10-28 21:18:48,684 - src.ui.main_window - INFO - 522 = 0
2025-10-28 21:18:48,684 - src.ui.main_window - INFO - 528 = 0
2025-10-28 21:18:48,684 - src.ui.main_window - INFO - 545 = 0
2025-10-28 21:18:48,684 - src.ui.main_window - INFO - 546 = 0
2025-10-28 21:18:48,685 - src.ui.main_window - INFO - 547 = 0
2025-10-28 21:35:35,540 - src.communication.named_pipe - WARNING - 命名管道服务器未在运行
2025-10-28 21:35:35,544 - src.data.file_manager - INFO - 所有文件已关闭
2025-10-28 21:35:41,283 - DNCSystem - INFO - DNC Python 系统启动
2025-10-28 21:35:41,283 - src.core.config - INFO - 配置加载成功
2025-10-28 21:35:41,283 - src.business.model_recognizer - WARNING - PatternBasedRecognizer不可用，部分功能可能受限
2025-10-28 21:35:41,283 - src.data.csv_processor - INFO - CSV文件读取成功: config\master\type_define.csv, 共10行
2025-10-28 21:35:41,283 - src.data.csv_processor - INFO - CSV文件读取成功: config\master\type_prg.csv, 共10行
2025-10-28 21:35:41,283 - src.business.program_matcher - INFO - 程序匹配数据加载成功
2025-10-28 21:35:41,293 - DNCSystem - INFO - DNC Python 系统初始化成功
2025-10-28 21:36:19,193 - src.ui.main_window - INFO - 参数已更新: {'basic': {'workpiece_name': '', 'workpiece_id': '', 'process_type': '铣削', 'precision': '普通'}, 'geometry': {'length': 0.0, 'width': 0.0, 'height': 0.0, 'diameter': 0.0, 'angle': 0.0}, 'process': {'spindle_speed': 0.0, 'feed_rate': 0.0, 'cut_depth': 0.0, 'cut_width': 0.0}, 'material': {'material_type': '碳钢', 'material_hardness': '软', 'material_strength': 0.0}, 'model': {'model_type': '自动识别', 'model_description': '123@GPA20GT15040_A-H8@5', 'current_model': None}}
2025-10-28 21:36:19,196 - src.business.model_recognizer - INFO - 自定义格式解析成功: GPA20GT15040_A-H8
2025-10-28 21:36:19,196 - src.ui.main_window - INFO - 型号识别完成: {'model': 'GPA20GT15040_A-H8', 'qr_code': '123@GPA20GT15040_A-H8@5', 'po': '123', 'quantity': '5', 'recognition_mode': 'custom_format', 'confidence': 0.9, 'error_message': None}
2025-10-28 21:36:24,592 - src.ui.main_window - INFO - 转让按钮点击，参数: {'input_#500': '', 'relation_#503': '关系1', 'relation_#504': '关系1', 'input_#505': '', 'input_#506': '', 'select_#508': '选项1', 'relation_#509': '关系1', 'relation_#510': '关系1', 'relation_#513': '关系1', 'relation_#516': '关系1', 'relation_#522': '关系1', 'relation_#528': '关系1', 'relation_#545': '关系1', 'relation_#546': '关系1', 'relation_#547': '关系1'}
2025-10-28 21:36:24,602 - src.ui.main_window - INFO - 计算结果显示:
2025-10-28 21:36:24,602 - src.ui.main_window - INFO - 500 = 0.0
2025-10-28 21:36:24,602 - src.ui.main_window - INFO - 503 = 0
2025-10-28 21:36:24,602 - src.ui.main_window - INFO - 504 = 0
2025-10-28 21:36:24,602 - src.ui.main_window - INFO - 505 = 0.0
2025-10-28 21:36:24,604 - src.ui.main_window - INFO - 506 = 0.0
2025-10-28 21:36:24,604 - src.ui.main_window - INFO - 508 = 1
2025-10-28 21:36:24,604 - src.ui.main_window - INFO - 509 = 0
2025-10-28 21:36:24,604 - src.ui.main_window - INFO - 510 = 0
2025-10-28 21:36:24,605 - src.ui.main_window - INFO - 513 = 0
2025-10-28 21:36:24,605 - src.ui.main_window - INFO - 516 = 0
2025-10-28 21:36:24,605 - src.ui.main_window - INFO - 522 = 0
2025-10-28 21:36:24,605 - src.ui.main_window - INFO - 528 = 0
2025-10-28 21:36:24,606 - src.ui.main_window - INFO - 545 = 0
2025-10-28 21:36:24,606 - src.ui.main_window - INFO - 546 = 0
2025-10-28 21:36:24,606 - src.ui.main_window - INFO - 547 = 0
2025-10-28 21:39:58,982 - src.ui.main_window - INFO - 参数已更新: {'basic': {'workpiece_name': '', 'workpiece_id': '', 'process_type': '铣削', 'precision': '普通'}, 'geometry': {'length': 0.0, 'width': 0.0, 'height': 0.0, 'diameter': 0.0, 'angle': 0.0}, 'process': {'spindle_speed': 0.0, 'feed_rate': 0.0, 'cut_depth': 0.0, 'cut_width': 0.0}, 'material': {'material_type': '碳钢', 'material_hardness': '软', 'material_strength': 0.0}, 'model': {'model_type': '自动识别', 'model_description': '123@GPA20GT15040_A-H8@5', 'current_model': None}}
2025-10-28 21:39:58,982 - src.business.model_recognizer - INFO - 自定义格式解析成功: GPA20GT15040_A-H8
2025-10-28 21:39:58,982 - src.ui.main_window - INFO - 型号识别完成: {'model': 'GPA20GT15040_A-H8', 'qr_code': '123@GPA20GT15040_A-H8@5', 'po': '123', 'quantity': '5', 'recognition_mode': 'custom_format', 'confidence': 0.9, 'error_message': None}
2025-10-28 21:40:18,239 - src.ui.main_window - INFO - 转让按钮点击，参数: {'input_#500': '', 'relation_#503': '关系1', 'relation_#504': '关系1', 'input_#505': '', 'input_#506': '', 'select_#508': '选项1', 'relation_#509': '关系1', 'relation_#510': '关系1', 'relation_#513': '关系1', 'relation_#516': '关系1', 'relation_#522': '关系1', 'relation_#528': '关系1', 'relation_#545': '关系1', 'relation_#546': '关系1', 'relation_#547': '关系1'}
2025-10-28 21:40:18,250 - src.ui.main_window - INFO - 计算结果显示:
2025-10-28 21:40:18,251 - src.ui.main_window - INFO - 500 = 0.0
2025-10-28 21:40:18,251 - src.ui.main_window - INFO - 503 = 0
2025-10-28 21:40:18,251 - src.ui.main_window - INFO - 504 = 0
2025-10-28 21:40:18,251 - src.ui.main_window - INFO - 505 = 0.0
2025-10-28 21:40:18,251 - src.ui.main_window - INFO - 506 = 0.0
2025-10-28 21:40:18,251 - src.ui.main_window - INFO - 508 = 1
2025-10-28 21:40:18,252 - src.ui.main_window - INFO - 509 = 0
2025-10-28 21:40:18,252 - src.ui.main_window - INFO - 510 = 0
2025-10-28 21:40:18,252 - src.ui.main_window - INFO - 513 = 0
2025-10-28 21:40:18,252 - src.ui.main_window - INFO - 516 = 0
2025-10-28 21:40:18,252 - src.ui.main_window - INFO - 522 = 0
2025-10-28 21:40:18,252 - src.ui.main_window - INFO - 528 = 0
2025-10-28 21:40:18,252 - src.ui.main_window - INFO - 545 = 0
2025-10-28 21:40:18,252 - src.ui.main_window - INFO - 546 = 0
2025-10-28 21:40:18,252 - src.ui.main_window - INFO - 547 = 0
2025-10-28 21:40:23,330 - src.communication.named_pipe - WARNING - 命名管道服务器未在运行
2025-10-28 21:40:23,330 - src.data.file_manager - INFO - 所有文件已关闭
2025-10-28 22:03:43,342 - DNCSystem - INFO - DNC Python 系统启动
2025-10-28 22:03:43,342 - src.core.config - INFO - 配置加载成功
2025-10-28 22:03:43,342 - src.business.model_recognizer - WARNING - PatternBasedRecognizer不可用，部分功能可能受限
2025-10-28 22:03:43,342 - src.data.csv_processor - INFO - CSV文件读取成功: config\master\type_define.csv, 共10行
2025-10-28 22:03:43,342 - src.data.csv_processor - INFO - CSV文件读取成功: config\master\type_prg.csv, 共10行
2025-10-28 22:03:43,342 - src.business.program_matcher - INFO - 程序匹配数据加载成功
2025-10-28 22:03:43,354 - DNCSystem - INFO - DNC Python 系统初始化成功
2025-10-28 22:04:14,728 - src.ui.main_window - INFO - 参数已更新: {'basic': {'workpiece_name': '', 'workpiece_id': '', 'process_type': '铣削', 'precision': '普通'}, 'geometry': {'length': 0.0, 'width': 0.0, 'height': 0.0, 'diameter': 0.0, 'angle': 0.0}, 'process': {'spindle_speed': 0.0, 'feed_rate': 0.0, 'cut_depth': 0.0, 'cut_width': 0.0}, 'material': {'material_type': '碳钢', 'material_hardness': '软', 'material_strength': 0.0}, 'model': {'model_type': '自动识别', 'model_description': '123@GPA20GT15040_A-H8@3', 'current_model': None}}
2025-10-28 22:04:14,731 - src.business.model_recognizer - INFO - 自定义格式解析成功: GPA20GT15040_A-H8
2025-10-28 22:04:14,732 - src.ui.main_window - INFO - 型号识别完成: {'model': 'GPA20GT15040_A-H8', 'qr_code': '123@GPA20GT15040_A-H8@3', 'po': '123', 'quantity': '3', 'recognition_mode': 'custom_format', 'confidence': 0.9, 'error_message': None}
2025-10-28 22:04:19,789 - src.ui.main_window - INFO - 转让按钮点击，参数: {'input_#500': '', 'relation_#503': '关系1', 'relation_#504': '关系1', 'input_#505': '', 'input_#506': '', 'select_#508': '选项1', 'relation_#509': '关系1', 'relation_#510': '关系1', 'relation_#513': '关系1', 'relation_#516': '关系1', 'relation_#522': '关系1', 'relation_#528': '关系1', 'relation_#545': '关系1', 'relation_#546': '关系1', 'relation_#547': '关系1'}
2025-10-28 22:04:19,809 - src.ui.main_window - INFO - 计算结果显示:
2025-10-28 22:04:19,809 - src.ui.main_window - INFO - 500 = 0.0
2025-10-28 22:04:19,810 - src.ui.main_window - INFO - 503 = 0
2025-10-28 22:04:19,810 - src.ui.main_window - INFO - 504 = 0
2025-10-28 22:04:19,810 - src.ui.main_window - INFO - 505 = 0.0
2025-10-28 22:04:19,810 - src.ui.main_window - INFO - 506 = 0.0
2025-10-28 22:04:19,810 - src.ui.main_window - INFO - 508 = 1
2025-10-28 22:04:19,810 - src.ui.main_window - INFO - 509 = 0
2025-10-28 22:04:19,810 - src.ui.main_window - INFO - 510 = 0
2025-10-28 22:04:19,811 - src.ui.main_window - INFO - 513 = 0
2025-10-28 22:04:19,811 - src.ui.main_window - INFO - 516 = 0
2025-10-28 22:04:19,811 - src.ui.main_window - INFO - 522 = 0
2025-10-28 22:04:19,811 - src.ui.main_window - INFO - 528 = 0
2025-10-28 22:04:19,811 - src.ui.main_window - INFO - 545 = 0
2025-10-28 22:04:19,811 - src.ui.main_window - INFO - 546 = 0
2025-10-28 22:04:19,811 - src.ui.main_window - INFO - 547 = 0
2025-10-28 22:05:02,314 - src.communication.named_pipe - WARNING - 命名管道服务器未在运行
2025-10-28 22:05:02,314 - src.data.file_manager - INFO - 所有文件已关闭
2025-10-29 21:21:08,120 - DNCSystem - INFO - DNC Python 系统启动
2025-10-29 21:21:08,133 - src.core.config - INFO - 配置加载成功
2025-10-29 21:21:08,133 - DNCSystem - ERROR - DNC Python 系统初始化失败
2025-10-29 21:29:24,931 - DNCSystem - INFO - DNC Python 系统启动
2025-10-29 21:29:24,931 - src.core.config - INFO - 配置加载成功
2025-10-29 21:29:24,938 - src.data.csv_processor - WARNING - CSV文件不存在: ini.csv
2025-10-29 21:29:24,939 - DNCSystem - ERROR - DNC Python 系统初始化失败
2025-10-29 21:35:13,813 - DNCSystem - INFO - DNC Python 系统启动
2025-10-29 21:35:13,815 - src.core.config - INFO - 配置加载成功
2025-10-29 21:35:13,818 - src.data.csv_processor - INFO - CSV文件读取为字典成功: config\master\ini.csv, 共46行
2025-10-29 21:35:13,820 - src.data.csv_processor - INFO - CSV文件读取为字典成功: config\master\ini.csv, 共46行
2025-10-29 21:35:13,820 - src.data.csv_processor - INFO - CSV文件读取为字典成功: config\master\header.csv, 共5行
2025-10-29 21:35:13,822 - src.data.csv_processor - INFO - CSV文件读取为字典成功: config\master\type_define.csv, 共9行
2025-10-29 21:35:13,822 - src.data.csv_processor - INFO - CSV文件读取为字典成功: config\master\type_relation.csv, 共0行
2025-10-29 21:35:13,824 - src.data.csv_processor - INFO - CSV文件读取为字典成功: config\master\type_chngvl.csv, 共0行
2025-10-29 21:35:13,825 - src.data.csv_processor - INFO - CSV文件读取为字典成功: config\master\type_prg.csv, 共9行
2025-10-29 21:35:13,825 - src.data.csv_processor - INFO - CSV文件读取为字典成功: config\master\prg.csv, 共2行
2025-10-29 21:35:13,828 - DNCSystem - ERROR - DNC Python 系统初始化失败
2025-10-29 21:39:54,349 - DNCSystem - INFO - DNC Python 系统启动
2025-10-29 21:39:54,349 - src.core.config - INFO - 配置加载成功
2025-10-29 21:39:54,349 - src.data.csv_processor - INFO - CSV文件读取为字典成功: config\master\ini.csv, 共46行
2025-10-29 21:39:54,355 - src.data.csv_processor - INFO - CSV文件读取为字典成功: config\master\ini.csv, 共46行
2025-10-29 21:39:54,355 - src.data.csv_processor - INFO - CSV文件读取为字典成功: config\master\header.csv, 共5行
2025-10-29 21:39:54,357 - src.data.csv_processor - INFO - CSV文件读取为字典成功: config\master\type_define.csv, 共9行
2025-10-29 21:39:54,357 - src.data.csv_processor - INFO - CSV文件读取为字典成功: config\master\type_relation.csv, 共0行
2025-10-29 21:39:54,358 - src.data.csv_processor - INFO - CSV文件读取为字典成功: config\master\type_chngvl.csv, 共0行
2025-10-29 21:39:54,359 - src.data.csv_processor - INFO - CSV文件读取为字典成功: config\master\type_prg.csv, 共9行
2025-10-29 21:39:54,359 - src.data.csv_processor - INFO - CSV文件读取为字典成功: config\master\prg.csv, 共2行
2025-10-29 21:39:54,384 - DNCSystem - INFO - DNC Python 系统初始化成功
2025-10-29 21:40:00,558 - src.communication.named_pipe - WARNING - 命名管道服务器未在运行
2025-10-29 21:40:00,558 - src.data.file_manager - INFO - 所有文件已关闭
2025-10-29 21:53:42,549 - DNCSystem - INFO - DNC Python 系统启动
2025-10-29 21:53:42,549 - src.core.config - INFO - 配置加载成功
2025-10-29 21:53:42,549 - src.data.csv_processor - INFO - CSV文件读取为字典成功: config\master\ini.csv, 共46行
2025-10-29 21:53:42,561 - src.data.csv_processor - INFO - CSV文件读取为字典成功: config\master\ini.csv, 共46行
2025-10-29 21:53:42,561 - src.data.csv_processor - INFO - CSV文件读取为字典成功: config\master\header.csv, 共5行
2025-10-29 21:53:42,562 - src.data.csv_processor - INFO - CSV文件读取为字典成功: config\master\type_define.csv, 共9行
2025-10-29 21:53:42,563 - src.data.csv_processor - INFO - CSV文件读取为字典成功: config\master\type_relation.csv, 共0行
2025-10-29 21:53:42,563 - src.data.csv_processor - INFO - CSV文件读取为字典成功: config\master\type_chngvl.csv, 共0行
2025-10-29 21:53:42,564 - src.data.csv_processor - INFO - CSV文件读取为字典成功: config\master\type_prg.csv, 共9行
2025-10-29 21:53:42,565 - src.data.csv_processor - INFO - CSV文件读取为字典成功: config\master\prg.csv, 共2行
2025-10-29 21:53:42,577 - DNCSystem - INFO - DNC Python 系统初始化成功
2025-10-29 21:53:43,315 - src.ui.main_window - INFO - 宏文件生成器初始化成功
2025-10-29 21:54:27,921 - src.ui.main_window - INFO - 参数已更新: {'basic': {'workpiece_name': '', 'workpiece_id': '', 'process_type': '铣削', 'precision': '普通'}, 'geometry': {'length': 0.0, 'width': 0.0, 'height': 0.0, 'diameter': 0.0, 'angle': 0.0}, 'process': {'spindle_speed': 0.0, 'feed_rate': 0.0, 'cut_depth': 0.0, 'cut_width': 0.0}, 'material': {'material_type': '碳钢', 'material_hardness': '软', 'material_strength': 0.0}, 'model': {'model_type': '自动识别', 'model_description': '123@GPA20GT15040_A-H8@3', 'current_model': None}}
2025-10-29 21:54:27,930 - src.ui.main_window - INFO - 型号识别完成: {'model': '', 'qr_code': '', 'po': '', 'quantity': '', 'recognition_mode': '', 'confidence': 0.0, 'error_message': "二维码处理失败: QR配置加载失败: 'ConfigManager' object has no attribute 'get_config'"}
2025-10-29 21:54:35,423 - src.ui.main_window - INFO - 转让按钮点击，参数: {'input_#500': '', 'relation_#503': '关系1', 'relation_#504': '关系1', 'input_#505': '', 'input_#506': '', 'select_#508': '选项1', 'relation_#509': '关系1', 'relation_#510': '关系1', 'relation_#513': '关系1', 'relation_#516': '关系1', 'relation_#522': '关系1', 'relation_#528': '关系1', 'relation_#545': '关系1', 'relation_#546': '关系1', 'relation_#547': '关系1'}
2025-10-29 21:54:35,423 - src.ui.main_window - ERROR - 生成macro.txt文件失败: 'MacroGenerator' object has no attribute 'generate_macro_file'
2025-10-29 21:55:01,696 - src.communication.named_pipe - WARNING - 命名管道服务器未在运行
2025-10-29 21:55:01,696 - src.data.file_manager - INFO - 所有文件已关闭
2025-10-29 22:04:41,240 - DNCSystem - INFO - DNC Python 系统启动
2025-10-29 22:04:41,240 - src.core.config - INFO - 配置加载成功
2025-10-29 22:04:41,240 - src.data.csv_processor - INFO - CSV文件读取为字典成功: config\master\ini.csv, 共46行
2025-10-29 22:04:41,248 - src.data.csv_processor - INFO - CSV文件读取为字典成功: config\master\ini.csv, 共46行
2025-10-29 22:04:41,248 - src.data.csv_processor - INFO - CSV文件读取为字典成功: config\master\header.csv, 共5行
2025-10-29 22:04:41,248 - src.data.csv_processor - INFO - CSV文件读取为字典成功: config\master\type_define.csv, 共9行
2025-10-29 22:04:41,249 - src.data.csv_processor - INFO - CSV文件读取为字典成功: config\master\type_relation.csv, 共0行
2025-10-29 22:04:41,250 - src.data.csv_processor - INFO - CSV文件读取为字典成功: config\master\type_chngvl.csv, 共0行
2025-10-29 22:04:41,251 - src.data.csv_processor - INFO - CSV文件读取为字典成功: config\master\type_prg.csv, 共9行
2025-10-29 22:04:41,252 - src.data.csv_processor - INFO - CSV文件读取为字典成功: config\master\prg.csv, 共2行
2025-10-29 22:04:41,261 - DNCSystem - INFO - DNC Python 系统初始化成功
2025-10-29 22:04:41,925 - src.ui.main_window - INFO - 宏文件生成器初始化成功
2025-10-29 22:05:26,844 - src.ui.main_window - INFO - 参数已更新: {'basic': {'workpiece_name': '', 'workpiece_id': '', 'process_type': '铣削', 'precision': '普通'}, 'geometry': {'length': 0.0, 'width': 0.0, 'height': 0.0, 'diameter': 0.0, 'angle': 0.0}, 'process': {'spindle_speed': 0.0, 'feed_rate': 0.0, 'cut_depth': 0.0, 'cut_width': 0.0}, 'material': {'material_type': '碳钢', 'material_hardness': '软', 'material_strength': 0.0}, 'model': {'model_type': '自动识别', 'model_description': '123@GPA20GT15040_A-H8@4', 'current_model': None}}
2025-10-29 22:05:26,848 - src.ui.main_window - INFO - 型号识别完成: {'model': '', 'qr_code': '', 'po': '', 'quantity': '', 'recognition_mode': '', 'confidence': 0.0, 'error_message': "二维码处理失败: QR配置加载失败: 'ConfigManager' object has no attribute 'get_config'"}
2025-10-29 22:11:21,432 - src.communication.named_pipe - WARNING - 命名管道服务器未在运行
2025-10-29 22:11:21,432 - src.data.file_manager - INFO - 所有文件已关闭
2025-10-29 22:29:45,933 - DNCSystem - INFO - DNC Python 系统启动
2025-10-29 22:29:45,933 - src.core.config - INFO - 配置加载成功
2025-10-29 22:29:45,933 - src.data.csv_processor - INFO - CSV文件读取为字典成功: config\master\ini.csv, 共46行
2025-10-29 22:29:45,941 - src.data.csv_processor - INFO - CSV文件读取为字典成功: config\master\ini.csv, 共46行
2025-10-29 22:29:45,941 - src.data.csv_processor - INFO - CSV文件读取为字典成功: config\master\header.csv, 共5行
2025-10-29 22:29:45,942 - src.data.csv_processor - INFO - CSV文件读取为字典成功: config\master\type_define.csv, 共9行
2025-10-29 22:29:45,942 - src.data.csv_processor - INFO - CSV文件读取为字典成功: config\master\type_relation.csv, 共0行
2025-10-29 22:29:45,943 - src.data.csv_processor - INFO - CSV文件读取为字典成功: config\master\type_chngvl.csv, 共0行
2025-10-29 22:29:45,944 - src.data.csv_processor - INFO - CSV文件读取为字典成功: config\master\type_prg.csv, 共9行
2025-10-29 22:29:45,944 - src.data.csv_processor - INFO - CSV文件读取为字典成功: config\master\prg.csv, 共2行
2025-10-29 22:29:45,955 - DNCSystem - INFO - DNC Python 系统初始化成功
2025-10-29 22:29:46,615 - src.ui.main_window - INFO - 宏文件生成器初始化成功
2025-10-29 22:30:20,876 - src.ui.main_window - INFO - 参数已更新: {'basic': {'workpiece_name': '', 'workpiece_id': '', 'process_type': '铣削', 'precision': '普通'}, 'geometry': {'length': 0.0, 'width': 0.0, 'height': 0.0, 'diameter': 0.0, 'angle': 0.0}, 'process': {'spindle_speed': 0.0, 'feed_rate': 0.0, 'cut_depth': 0.0, 'cut_width': 0.0}, 'material': {'material_type': '碳钢', 'material_hardness': '软', 'material_strength': 0.0}, 'model': {'model_type': '自动识别', 'model_description': '123@GPA20GT15040_A-H8@3', 'current_model': None}}
2025-10-29 22:30:20,880 - src.data.csv_processor - INFO - CSV文件读取为字典成功: config\master\ini.csv, 共46行
2025-10-29 22:30:20,881 - src.data.csv_processor - INFO - CSV文件读取为字典成功: config\master\header.csv, 共5行
2025-10-29 22:30:20,885 - src.ui.main_window - INFO - 型号识别完成: {'model': '123@GPA20GT15040_A-H8@3', 'qr_code': '123@GPA20GT15040_A-H8@3', 'po': '', 'quantity': '', 'recognition_mode': 'QR', 'confidence': 1.0, 'error_message': None}
2025-10-29 22:30:37,976 - src.ui.main_window - INFO - 转让按钮点击，参数: {'input_#500': '', 'relation_#503': '关系1', 'relation_#504': '关系1', 'input_#505': '', 'input_#506': '', 'select_#508': '选项1', 'relation_#509': '关系1', 'relation_#510': '关系1', 'relation_#513': '关系1', 'relation_#516': '关系1', 'relation_#522': '关系1', 'relation_#528': '关系1', 'relation_#545': '关系1', 'relation_#546': '关系1', 'relation_#547': '关系1'}
2025-10-29 22:30:37,993 - src.ui.main_window - INFO - 计算结果显示:
2025-10-29 22:30:37,993 - src.ui.main_window - INFO - # = ========================================
2025-10-29 22:30:37,993 - src.ui.main_window - INFO - # = ========================================
2025-10-29 22:30:37,993 - src.ui.main_window - INFO - input_#500 = 
2025-10-29 22:30:37,993 - src.ui.main_window - INFO - relation_#503 = 关系1
2025-10-29 22:30:37,993 - src.ui.main_window - INFO - relation_#504 = 关系1
2025-10-29 22:30:37,993 - src.ui.main_window - INFO - input_#505 = 
2025-10-29 22:30:37,993 - src.ui.main_window - INFO - input_#506 = 
2025-10-29 22:30:37,993 - src.ui.main_window - INFO - select_#508 = 选项1
2025-10-29 22:30:37,999 - src.ui.main_window - INFO - relation_#509 = 关系1
2025-10-29 22:30:37,999 - src.ui.main_window - INFO - relation_#510 = 关系1
2025-10-29 22:30:37,999 - src.ui.main_window - INFO - relation_#513 = 关系1
2025-10-29 22:30:37,999 - src.ui.main_window - INFO - relation_#516 = 关系1
2025-10-29 22:30:37,999 - src.ui.main_window - INFO - relation_#522 = 关系1
2025-10-29 22:30:37,999 - src.ui.main_window - INFO - relation_#528 = 关系1
2025-10-29 22:30:37,999 - src.ui.main_window - INFO - relation_#545 = 关系1
2025-10-29 22:30:37,999 - src.ui.main_window - INFO - relation_#546 = 关系1
2025-10-29 22:30:37,999 - src.ui.main_window - INFO - relation_#547 = 关系1
2025-10-30 18:03:10,663 - DNCSystem - INFO - DNC Python 系统启动
2025-10-30 18:03:10,673 - src.core.config - INFO - 配置加载成功
2025-10-30 18:03:10,683 - src.data.csv_processor - INFO - CSV文件读取为字典成功: config\master\ini.csv, 共46行
2025-10-30 18:03:10,685 - src.data.csv_processor - INFO - CSV文件读取为字典成功: config\master\ini.csv, 共46行
2025-10-30 18:03:10,694 - src.data.csv_processor - INFO - CSV文件读取为字典成功: config\master\header.csv, 共5行
2025-10-30 18:03:10,703 - src.data.csv_processor - INFO - CSV文件读取为字典成功: config\master\type_define.csv, 共9行
2025-10-30 18:03:10,710 - src.data.csv_processor - INFO - CSV文件读取为字典成功: config\master\type_relation.csv, 共0行
2025-10-30 18:03:10,720 - src.data.csv_processor - INFO - CSV文件读取为字典成功: config\master\type_chngvl.csv, 共0行
2025-10-30 18:03:10,731 - src.data.csv_processor - INFO - CSV文件读取为字典成功: config\master\type_prg.csv, 共9行
2025-10-30 18:03:10,736 - src.data.csv_processor - INFO - CSV文件读取为字典成功: config\master\prg.csv, 共2行
2025-10-30 18:03:10,753 - DNCSystem - INFO - DNC Python 系统初始化成功
2025-10-30 18:03:12,086 - src.ui.main_window - INFO - 宏文件生成器初始化成功
2025-10-30 18:03:20,215 - src.ui.main_window - INFO - 参数已更新: {'basic': {'workpiece_name': '', 'workpiece_id': '', 'process_type': '铣削', 'precision': '普通'}, 'geometry': {'length': 0.0, 'width': 0.0, 'height': 0.0, 'diameter': 0.0, 'angle': 0.0}, 'process': {'spindle_speed': 0.0, 'feed_rate': 0.0, 'cut_depth': 0.0, 'cut_width': 0.0}, 'material': {'material_type': '碳钢', 'material_hardness': '软', 'material_strength': 0.0}, 'model': {'model_type': '自动识别', 'model_description': '123@GPA20GT15040_A-H8@3', 'current_model': None}}
2025-10-30 18:03:20,221 - src.data.csv_processor - INFO - CSV文件读取为字典成功: config\master\ini.csv, 共46行
2025-10-30 18:03:20,221 - src.data.csv_processor - INFO - CSV文件读取为字典成功: config\master\header.csv, 共5行
2025-10-30 18:03:20,222 - src.ui.main_window - INFO - 型号识别完成: {'model': '123@GPA20GT15040_A-H8@3', 'qr_code': '123@GPA20GT15040_A-H8@3', 'po': '', 'quantity': '', 'recognition_mode': 'QR', 'confidence': 1.0, 'error_message': None}
2025-10-30 18:03:54,947 - src.ui.main_window - INFO - 转让按钮点击，参数: {'input_#500': '', 'relation_#503': '关系1', 'relation_#504': '关系1', 'input_#505': '', 'input_#506': '', 'select_#508': '选项1', 'relation_#509': '关系1', 'relation_#510': '关系1', 'relation_#513': '关系1', 'relation_#516': '关系1', 'relation_#522': '关系1', 'relation_#528': '关系1', 'relation_#545': '关系1', 'relation_#546': '关系1', 'relation_#547': '关系1'}
2025-10-30 18:03:54,960 - src.ui.main_window - INFO - 计算结果显示:
2025-10-30 18:03:54,960 - src.ui.main_window - INFO - # = ========================================
2025-10-30 18:03:54,960 - src.ui.main_window - INFO - # = ========================================
2025-10-30 18:03:54,960 - src.ui.main_window - INFO - input_#500 = 
2025-10-30 18:03:54,960 - src.ui.main_window - INFO - relation_#503 = 关系1
2025-10-30 18:03:54,960 - src.ui.main_window - INFO - relation_#504 = 关系1
2025-10-30 18:03:54,960 - src.ui.main_window - INFO - input_#505 = 
2025-10-30 18:03:54,960 - src.ui.main_window - INFO - input_#506 = 
2025-10-30 18:03:54,960 - src.ui.main_window - INFO - select_#508 = 选项1
2025-10-30 18:03:54,969 - src.ui.main_window - INFO - relation_#509 = 关系1
2025-10-30 18:03:54,969 - src.ui.main_window - INFO - relation_#510 = 关系1
2025-10-30 18:03:54,969 - src.ui.main_window - INFO - relation_#513 = 关系1
2025-10-30 18:03:54,969 - src.ui.main_window - INFO - relation_#516 = 关系1
2025-10-30 18:03:54,969 - src.ui.main_window - INFO - relation_#522 = 关系1
2025-10-30 18:03:54,969 - src.ui.main_window - INFO - relation_#528 = 关系1
2025-10-30 18:03:54,969 - src.ui.main_window - INFO - relation_#545 = 关系1
2025-10-30 18:03:54,970 - src.ui.main_window - INFO - relation_#546 = 关系1
2025-10-30 18:03:54,970 - src.ui.main_window - INFO - relation_#547 = 关系1
2025-10-30 18:16:46,864 - src.communication.named_pipe - WARNING - 命名管道服务器未在运行
2025-10-30 18:16:46,864 - src.data.file_manager - INFO - 所有文件已关闭
2025-10-30 18:17:03,765 - DNCSystem - INFO - DNC Python 系统启动
2025-10-30 18:17:03,768 - src.core.config - INFO - 配置加载成功
2025-10-30 18:17:03,769 - src.data.csv_processor - INFO - CSV文件读取为字典成功: config\master\ini.csv, 共46行
2025-10-30 18:17:03,770 - src.data.csv_processor - INFO - CSV文件读取为字典成功: config\master\ini.csv, 共46行
2025-10-30 18:17:03,770 - src.data.csv_processor - INFO - CSV文件读取为字典成功: config\master\header.csv, 共5行
2025-10-30 18:17:03,772 - src.data.csv_processor - INFO - CSV文件读取为字典成功: config\master\type_define.csv, 共9行
2025-10-30 18:17:03,772 - src.data.csv_processor - INFO - CSV文件读取为字典成功: config\master\type_relation.csv, 共0行
2025-10-30 18:17:03,773 - src.data.csv_processor - INFO - CSV文件读取为字典成功: config\master\type_chngvl.csv, 共0行
2025-10-30 18:17:03,775 - src.data.csv_processor - INFO - CSV文件读取为字典成功: config\master\type_prg.csv, 共9行
2025-10-30 18:17:03,775 - src.data.csv_processor - INFO - CSV文件读取为字典成功: config\master\prg.csv, 共2行
2025-10-30 18:17:03,789 - DNCSystem - INFO - DNC Python 系统初始化成功
2025-10-30 18:17:04,823 - src.ui.main_window - INFO - 宏文件生成器初始化成功
2025-10-30 18:17:10,618 - src.ui.main_window - INFO - 参数已更新: {'basic': {'workpiece_name': '', 'workpiece_id': '', 'process_type': '铣削', 'precision': '普通'}, 'geometry': {'length': 0.0, 'width': 0.0, 'height': 0.0, 'diameter': 0.0, 'angle': 0.0}, 'process': {'spindle_speed': 0.0, 'feed_rate': 0.0, 'cut_depth': 0.0, 'cut_width': 0.0}, 'material': {'material_type': '碳钢', 'material_hardness': '软', 'material_strength': 0.0}, 'model': {'model_type': '自动识别', 'model_description': '123@GPA20GT15040_A-H8@3', 'current_model': None}}
2025-10-30 18:17:10,622 - src.data.csv_processor - INFO - CSV文件读取为字典成功: config\master\ini.csv, 共46行
2025-10-30 18:17:10,623 - src.data.csv_processor - INFO - CSV文件读取为字典成功: config\master\header.csv, 共5行
2025-10-30 18:17:10,625 - src.ui.main_window - INFO - 型号识别完成: {'model': '123@GPA20GT15040_A-H8@3', 'qr_code': '123@GPA20GT15040_A-H8@3', 'po': '', 'quantity': '', 'recognition_mode': 'QR', 'confidence': 1.0, 'error_message': None}
2025-10-30 18:17:20,090 - src.ui.main_window - INFO - 转让按钮点击，参数: {'load_#1': 0.0, 'load_#2': 0.0, 'load_#3': 0.0, 'load_#4': 0.0, 'load_#5': 0.0, 'load_#6': 0.0, 'load_#7': 0.0, 'load_#8': 0.0, 'load_#9': 0.0, 'load_#10': 0.0, 'load_#11': 'defineBTC', 'load_#12': 'defineTL', 'load_#500': 'relationLWJ', 'load_#501': '1', 'load_#502': '1', 'load_#503': '0', 'load_#504': 'relationHPN', 'load_#505': 'relationTSR', 'load_#506': '0', 'load_#507': '', 'load_#508': '', 'load_#509': 'relationZJG', 'load_#510': '1.65', 'load_#511': '10.19', 'load_#512': '9.68', 'load_#513': '5', 'load_#514': '', 'load_#515': '', 'load_#516': '', 'load_#517': '', 'load_#518': '', 'load_#519': '7', 'load_#520': '', 'load_#521': '', 'load_#522': '', 'load_#523': '', 'load_#524': '', 'load_#525': '', 'load_#526': '', 'load_#527': '', 'load_#528': '8.3', 'load_#529': '', 'load_#530': '', 'load_#531': '', 'load_#532': '', 'load_#533': '', 'load_#534': '', 'load_#535': '', 'load_#536': '', 'load_#537': '', 'load_#538': '', 'load_#539': '', 'load_#540': '', 'load_#541': '', 'load_#542': '', 'load_#543': '', 'load_#544': '', 'load_#545': 'relationBTC', 'load_#546': 'relationTL', 'load_#547': 'relationBC', 'load_#548': '', 'load_#549': '', 'load_#550': '', 'load_#602': 'switchJD', 'load_#603': '0', 'load_#605': 'relationYSTA', 'input_#500': '', 'relation_#503': '关系1', 'relation_#504': '关系1', 'input_#505': '', 'input_#506': '', 'select_#508': '选项1', 'relation_#509': '关系1', 'relation_#510': '关系1', 'relation_#513': '关系1', 'relation_#516': '关系1', 'relation_#522': '关系1', 'relation_#528': '关系1', 'relation_#545': '关系1', 'relation_#546': '关系1', 'relation_#547': '关系1', 'switch_#602': False}
2025-10-30 18:34:12,389 - src.communication.named_pipe - WARNING - 命名管道服务器未在运行
2025-10-30 18:34:12,389 - src.data.file_manager - INFO - 所有文件已关闭
2025-10-30 18:34:17,629 - DNCSystem - INFO - DNC Python 系统启动
2025-10-30 18:34:17,629 - src.core.config - INFO - 配置加载成功
2025-10-30 18:34:17,629 - src.data.csv_processor - INFO - CSV文件读取为字典成功: config\master\ini.csv, 共46行
2025-10-30 18:34:17,646 - src.data.csv_processor - INFO - CSV文件读取为字典成功: config\master\ini.csv, 共46行
2025-10-30 18:34:17,647 - src.data.csv_processor - INFO - CSV文件读取为字典成功: config\master\header.csv, 共5行
2025-10-30 18:34:17,647 - src.data.csv_processor - INFO - CSV文件读取为字典成功: config\master\type_define.csv, 共9行
2025-10-30 18:34:17,647 - src.data.csv_processor - INFO - CSV文件读取为字典成功: config\master\type_relation.csv, 共0行
2025-10-30 18:34:17,648 - src.data.csv_processor - INFO - CSV文件读取为字典成功: config\master\type_chngvl.csv, 共0行
2025-10-30 18:34:17,650 - src.data.csv_processor - INFO - CSV文件读取为字典成功: config\master\type_prg.csv, 共9行
2025-10-30 18:34:17,650 - src.data.csv_processor - INFO - CSV文件读取为字典成功: config\master\prg.csv, 共2行
2025-10-30 18:34:17,661 - DNCSystem - INFO - DNC Python 系统初始化成功
2025-10-30 18:34:18,089 - src.ui.main_window - INFO - 宏文件生成器初始化成功
2025-10-30 18:34:41,829 - src.ui.main_window - INFO - 参数已更新: {'basic': {'workpiece_name': '', 'workpiece_id': '', 'process_type': '铣削', 'precision': '普通'}, 'geometry': {'length': 0.0, 'width': 0.0, 'height': 0.0, 'diameter': 0.0, 'angle': 0.0}, 'process': {'spindle_speed': 0.0, 'feed_rate': 0.0, 'cut_depth': 0.0, 'cut_width': 0.0}, 'material': {'material_type': '碳钢', 'material_hardness': '软', 'material_strength': 0.0}, 'model': {'model_type': '自动识别', 'model_description': '123@GPA20GT15040_A-H8@3', 'current_model': None}}
2025-10-30 18:34:41,829 - src.data.csv_processor - INFO - CSV文件读取为字典成功: config\master\ini.csv, 共46行
2025-10-30 18:34:41,829 - src.data.csv_processor - INFO - CSV文件读取为字典成功: config\master\header.csv, 共5行
2025-10-30 18:34:41,843 - src.ui.main_window - INFO - 型号识别完成: {'model': '123@GPA20GT15040_A-H8@3', 'qr_code': '123@GPA20GT15040_A-H8@3', 'po': '', 'quantity': '', 'recognition_mode': 'QR', 'confidence': 1.0, 'error_message': None}
2025-10-30 18:35:12,519 - src.ui.main_window - INFO - 转让按钮点击，参数: {'load_#1': 0.0, 'load_#2': 0.0, 'load_#3': 0.0, 'load_#4': 0.0, 'load_#5': 0.0, 'load_#6': 0.0, 'load_#7': 0.0, 'load_#8': 0.0, 'load_#9': 0.0, 'load_#10': 0.0, 'load_#11': 'defineBTC', 'load_#12': 'defineTL', 'load_#500': 'relationLWJ', 'load_#501': '1', 'load_#502': '1', 'load_#503': '0', 'load_#504': 'relationHPN', 'load_#505': 'relationTSR', 'load_#506': '0', 'load_#507': '', 'load_#508': '', 'load_#509': 'relationZJG', 'load_#510': '1.65', 'load_#511': '10.19', 'load_#512': '9.68', 'load_#513': '5', 'load_#514': '', 'load_#515': '', 'load_#516': '', 'load_#517': '', 'load_#518': '', 'load_#519': '7', 'load_#520': '', 'load_#521': '', 'load_#522': '', 'load_#523': '', 'load_#524': '', 'load_#525': '', 'load_#526': '', 'load_#527': '', 'load_#528': '8.3', 'load_#529': '', 'load_#530': '', 'load_#531': '', 'load_#532': '', 'load_#533': '', 'load_#534': '', 'load_#535': '', 'load_#536': '', 'load_#537': '', 'load_#538': '', 'load_#539': '', 'load_#540': '', 'load_#541': '', 'load_#542': '', 'load_#543': '', 'load_#544': '', 'load_#545': 'relationBTC', 'load_#546': 'relationTL', 'load_#547': 'relationBC', 'load_#548': '', 'load_#549': '', 'load_#550': '', 'load_#602': 'switchJD', 'load_#603': '0', 'load_#605': 'relationYSTA', 'input_#500': '', 'relation_#503': '关系1', 'relation_#504': '关系1', 'input_#505': '', 'input_#506': '', 'select_#508': '选项1', 'relation_#509': '关系1', 'relation_#510': '关系1', 'relation_#513': '关系1', 'relation_#516': '关系1', 'relation_#522': '关系1', 'relation_#528': '关系1', 'relation_#545': '关系1', 'relation_#546': '关系1', 'relation_#547': '关系1', 'switch_#602': False}
2025-10-30 18:35:12,519 - src.ui.main_window - WARNING - 从load.csv获取参数类型失败: 'NoneType' object has no attribute 'read_csv'
2025-10-30 18:35:12,519 - src.ui.main_window - WARNING - 从load.csv获取参数类型失败: 'NoneType' object has no attribute 'read_csv'
2025-10-30 18:35:12,519 - src.ui.main_window - WARNING - 从load.csv获取参数类型失败: 'NoneType' object has no attribute 'read_csv'
2025-10-30 18:35:12,519 - src.ui.main_window - WARNING - 从load.csv获取参数类型失败: 'NoneType' object has no attribute 'read_csv'
2025-10-30 18:35:12,519 - src.ui.main_window - WARNING - 从load.csv获取参数类型失败: 'NoneType' object has no attribute 'read_csv'
2025-10-30 18:35:12,519 - src.ui.main_window - WARNING - 从load.csv获取参数类型失败: 'NoneType' object has no attribute 'read_csv'
2025-10-30 18:35:12,519 - src.ui.main_window - WARNING - 从load.csv获取参数类型失败: 'NoneType' object has no attribute 'read_csv'
2025-10-30 18:35:12,519 - src.ui.main_window - WARNING - 从load.csv获取参数类型失败: 'NoneType' object has no attribute 'read_csv'
2025-10-30 18:35:12,519 - src.ui.main_window - WARNING - 从load.csv获取参数类型失败: 'NoneType' object has no attribute 'read_csv'
2025-10-30 18:35:12,519 - src.ui.main_window - WARNING - 从load.csv获取参数类型失败: 'NoneType' object has no attribute 'read_csv'
2025-10-30 18:35:12,519 - src.ui.main_window - WARNING - 从load.csv获取参数类型失败: 'NoneType' object has no attribute 'read_csv'
2025-10-30 18:35:12,519 - src.ui.main_window - WARNING - 参数 load_#11 类型转换失败: could not convert string to float: 'defineBTC'
2025-10-30 18:35:12,519 - src.ui.main_window - WARNING - 从load.csv获取参数类型失败: 'NoneType' object has no attribute 'read_csv'
2025-10-30 18:35:12,519 - src.ui.main_window - WARNING - 参数 load_#12 类型转换失败: could not convert string to float: 'defineTL'
2025-10-30 18:35:12,519 - src.ui.main_window - WARNING - 从load.csv获取参数类型失败: 'NoneType' object has no attribute 'read_csv'
2025-10-30 18:35:12,519 - src.ui.main_window - WARNING - 从load.csv获取参数类型失败: 'NoneType' object has no attribute 'read_csv'
2025-10-30 18:35:12,519 - src.ui.main_window - WARNING - 从load.csv获取参数类型失败: 'NoneType' object has no attribute 'read_csv'
2025-10-30 18:35:12,519 - src.ui.main_window - WARNING - 从load.csv获取参数类型失败: 'NoneType' object has no attribute 'read_csv'
2025-10-30 18:35:12,519 - src.ui.main_window - WARNING - 从load.csv获取参数类型失败: 'NoneType' object has no attribute 'read_csv'
2025-10-30 18:35:12,519 - src.ui.main_window - WARNING - 从load.csv获取参数类型失败: 'NoneType' object has no attribute 'read_csv'
2025-10-30 18:35:12,519 - src.ui.main_window - WARNING - 从load.csv获取参数类型失败: 'NoneType' object has no attribute 'read_csv'
2025-10-30 18:35:12,519 - src.ui.main_window - WARNING - 从load.csv获取参数类型失败: 'NoneType' object has no attribute 'read_csv'
2025-10-30 18:35:12,519 - src.ui.main_window - WARNING - 从load.csv获取参数类型失败: 'NoneType' object has no attribute 'read_csv'
2025-10-30 18:35:12,519 - src.ui.main_window - WARNING - 从load.csv获取参数类型失败: 'NoneType' object has no attribute 'read_csv'
2025-10-30 18:35:12,519 - src.ui.main_window - WARNING - 从load.csv获取参数类型失败: 'NoneType' object has no attribute 'read_csv'
2025-10-30 18:35:12,519 - src.ui.main_window - WARNING - 从load.csv获取参数类型失败: 'NoneType' object has no attribute 'read_csv'
2025-10-30 18:35:12,519 - src.ui.main_window - WARNING - 从load.csv获取参数类型失败: 'NoneType' object has no attribute 'read_csv'
2025-10-30 18:35:12,519 - src.ui.main_window - WARNING - 从load.csv获取参数类型失败: 'NoneType' object has no attribute 'read_csv'
2025-10-30 18:35:12,519 - src.ui.main_window - WARNING - 从load.csv获取参数类型失败: 'NoneType' object has no attribute 'read_csv'
2025-10-30 18:35:12,519 - src.ui.main_window - WARNING - 从load.csv获取参数类型失败: 'NoneType' object has no attribute 'read_csv'
2025-10-30 18:35:12,529 - src.ui.main_window - WARNING - 从load.csv获取参数类型失败: 'NoneType' object has no attribute 'read_csv'
2025-10-30 18:35:12,529 - src.ui.main_window - WARNING - 从load.csv获取参数类型失败: 'NoneType' object has no attribute 'read_csv'
2025-10-30 18:35:12,529 - src.ui.main_window - WARNING - 从load.csv获取参数类型失败: 'NoneType' object has no attribute 'read_csv'
2025-10-30 18:35:12,530 - src.ui.main_window - WARNING - 从load.csv获取参数类型失败: 'NoneType' object has no attribute 'read_csv'
2025-10-30 18:35:12,530 - src.ui.main_window - WARNING - 从load.csv获取参数类型失败: 'NoneType' object has no attribute 'read_csv'
2025-10-30 18:35:12,530 - src.ui.main_window - WARNING - 从load.csv获取参数类型失败: 'NoneType' object has no attribute 'read_csv'
2025-10-30 18:35:12,530 - src.ui.main_window - WARNING - 从load.csv获取参数类型失败: 'NoneType' object has no attribute 'read_csv'
2025-10-30 18:35:12,530 - src.ui.main_window - WARNING - 从load.csv获取参数类型失败: 'NoneType' object has no attribute 'read_csv'
2025-10-30 18:35:12,530 - src.ui.main_window - WARNING - 从load.csv获取参数类型失败: 'NoneType' object has no attribute 'read_csv'
2025-10-30 18:35:12,531 - src.ui.main_window - WARNING - 从load.csv获取参数类型失败: 'NoneType' object has no attribute 'read_csv'
2025-10-30 18:35:12,531 - src.ui.main_window - WARNING - 从load.csv获取参数类型失败: 'NoneType' object has no attribute 'read_csv'
2025-10-30 18:35:12,532 - src.ui.main_window - WARNING - 从load.csv获取参数类型失败: 'NoneType' object has no attribute 'read_csv'
2025-10-30 18:35:12,532 - src.ui.main_window - WARNING - 从load.csv获取参数类型失败: 'NoneType' object has no attribute 'read_csv'
2025-10-30 18:35:12,532 - src.ui.main_window - WARNING - 从load.csv获取参数类型失败: 'NoneType' object has no attribute 'read_csv'
2025-10-30 18:35:12,532 - src.ui.main_window - WARNING - 从load.csv获取参数类型失败: 'NoneType' object has no attribute 'read_csv'
2025-10-30 18:35:12,532 - src.ui.main_window - WARNING - 从load.csv获取参数类型失败: 'NoneType' object has no attribute 'read_csv'
2025-10-30 18:35:12,532 - src.ui.main_window - WARNING - 从load.csv获取参数类型失败: 'NoneType' object has no attribute 'read_csv'
2025-10-30 18:35:12,532 - src.ui.main_window - WARNING - 从load.csv获取参数类型失败: 'NoneType' object has no attribute 'read_csv'
2025-10-30 18:35:12,532 - src.ui.main_window - WARNING - 从load.csv获取参数类型失败: 'NoneType' object has no attribute 'read_csv'
2025-10-30 18:35:12,532 - src.ui.main_window - WARNING - 从load.csv获取参数类型失败: 'NoneType' object has no attribute 'read_csv'
2025-10-30 18:35:12,532 - src.ui.main_window - WARNING - 从load.csv获取参数类型失败: 'NoneType' object has no attribute 'read_csv'
2025-10-30 18:35:12,532 - src.ui.main_window - WARNING - 从load.csv获取参数类型失败: 'NoneType' object has no attribute 'read_csv'
2025-10-30 18:35:12,532 - src.ui.main_window - WARNING - 从load.csv获取参数类型失败: 'NoneType' object has no attribute 'read_csv'
2025-10-30 18:35:12,532 - src.ui.main_window - WARNING - 从load.csv获取参数类型失败: 'NoneType' object has no attribute 'read_csv'
2025-10-30 18:35:12,532 - src.ui.main_window - WARNING - 从load.csv获取参数类型失败: 'NoneType' object has no attribute 'read_csv'
2025-10-30 18:35:12,532 - src.ui.main_window - WARNING - 从load.csv获取参数类型失败: 'NoneType' object has no attribute 'read_csv'
2025-10-30 18:35:12,532 - src.ui.main_window - WARNING - 从load.csv获取参数类型失败: 'NoneType' object has no attribute 'read_csv'
2025-10-30 18:35:12,532 - src.ui.main_window - WARNING - 从load.csv获取参数类型失败: 'NoneType' object has no attribute 'read_csv'
2025-10-30 18:35:12,532 - src.ui.main_window - WARNING - 从load.csv获取参数类型失败: 'NoneType' object has no attribute 'read_csv'
2025-10-30 18:35:12,532 - src.ui.main_window - WARNING - 从load.csv获取参数类型失败: 'NoneType' object has no attribute 'read_csv'
2025-10-30 18:35:12,534 - src.ui.main_window - WARNING - 从load.csv获取参数类型失败: 'NoneType' object has no attribute 'read_csv'
2025-10-30 18:35:12,534 - src.ui.main_window - WARNING - 从load.csv获取参数类型失败: 'NoneType' object has no attribute 'read_csv'
2025-10-30 18:35:12,534 - src.ui.main_window - WARNING - 从load.csv获取参数类型失败: 'NoneType' object has no attribute 'read_csv'
2025-10-30 18:35:12,534 - src.ui.main_window - WARNING - 从load.csv获取参数类型失败: 'NoneType' object has no attribute 'read_csv'
2025-10-30 18:35:12,534 - src.ui.main_window - WARNING - 从load.csv获取参数类型失败: 'NoneType' object has no attribute 'read_csv'
2025-10-30 18:35:12,534 - src.ui.main_window - WARNING - 从load.csv获取参数类型失败: 'NoneType' object has no attribute 'read_csv'
2025-10-30 18:35:12,534 - src.ui.main_window - WARNING - 从load.csv获取参数类型失败: 'NoneType' object has no attribute 'read_csv'
2025-10-30 18:35:12,534 - src.ui.main_window - WARNING - 从load.csv获取参数类型失败: 'NoneType' object has no attribute 'read_csv'
2025-10-30 18:35:12,544 - src.ui.main_window - INFO - 计算结果显示:
2025-10-30 18:35:12,544 - src.ui.main_window - INFO - # = ========================================
2025-10-30 18:35:12,545 - src.ui.main_window - INFO - # = ========================================
2025-10-30 18:35:12,545 - src.ui.main_window - INFO - load_#1 = 0.00
2025-10-30 18:35:12,545 - src.ui.main_window - INFO - load_#2 = 0.00
2025-10-30 18:35:12,545 - src.ui.main_window - INFO - load_#3 = 0.00
2025-10-30 18:35:12,545 - src.ui.main_window - INFO - load_#4 = 0.00
2025-10-30 18:35:12,545 - src.ui.main_window - INFO - load_#5 = 0.00
2025-10-30 18:35:12,545 - src.ui.main_window - INFO - load_#6 = 0.00
2025-10-30 18:35:12,546 - src.ui.main_window - INFO - load_#7 = 0.00
2025-10-30 18:35:12,546 - src.ui.main_window - INFO - load_#8 = 0.00
2025-10-30 18:35:12,546 - src.ui.main_window - INFO - load_#9 = 0.00
2025-10-30 18:35:12,546 - src.ui.main_window - INFO - load_#10 = 0.00
2025-10-30 18:35:12,546 - src.ui.main_window - INFO - load_#11 = 0.00
2025-10-30 18:35:12,547 - src.ui.main_window - INFO - load_#12 = 0.00
2025-10-30 18:35:12,547 - src.ui.main_window - INFO - load_#500 = relationLWJ
2025-10-30 18:35:12,547 - src.ui.main_window - INFO - load_#501 = 1
2025-10-30 18:35:12,547 - src.ui.main_window - INFO - load_#502 = 1
2025-10-30 18:35:12,547 - src.ui.main_window - INFO - load_#503 = 0
2025-10-30 18:35:12,547 - src.ui.main_window - INFO - load_#504 = relationHPN
2025-10-30 18:35:12,547 - src.ui.main_window - INFO - load_#505 = relationTSR
2025-10-30 18:35:12,547 - src.ui.main_window - INFO - load_#506 = 0
2025-10-30 18:35:12,547 - src.ui.main_window - INFO - load_#507 = 
2025-10-30 18:35:12,547 - src.ui.main_window - INFO - load_#508 = 
2025-10-30 18:35:12,547 - src.ui.main_window - INFO - load_#509 = relationZJG
2025-10-30 18:35:12,547 - src.ui.main_window - INFO - load_#510 = 1.65
2025-10-30 18:35:12,547 - src.ui.main_window - INFO - load_#511 = 10.19
2025-10-30 18:35:12,548 - src.ui.main_window - INFO - load_#512 = 9.68
2025-10-30 18:35:12,548 - src.ui.main_window - INFO - load_#513 = 5
2025-10-30 18:35:12,548 - src.ui.main_window - INFO - load_#514 = 
2025-10-30 18:35:12,548 - src.ui.main_window - INFO - load_#515 = 
2025-10-30 18:35:12,548 - src.ui.main_window - INFO - load_#516 = 
2025-10-30 18:35:12,548 - src.ui.main_window - INFO - load_#517 = 
2025-10-30 18:35:12,548 - src.ui.main_window - INFO - load_#518 = 
2025-10-30 18:35:12,549 - src.ui.main_window - INFO - load_#519 = 7
2025-10-30 18:35:12,549 - src.ui.main_window - INFO - load_#520 = 
2025-10-30 18:35:12,549 - src.ui.main_window - INFO - load_#521 = 
2025-10-30 18:35:12,549 - src.ui.main_window - INFO - load_#522 = 
2025-10-30 18:35:12,549 - src.ui.main_window - INFO - load_#523 = 
2025-10-30 18:35:12,550 - src.ui.main_window - INFO - load_#524 = 
2025-10-30 18:35:12,550 - src.ui.main_window - INFO - load_#525 = 
2025-10-30 18:35:12,550 - src.ui.main_window - INFO - load_#526 = 
2025-10-30 18:35:12,550 - src.ui.main_window - INFO - load_#527 = 
2025-10-30 18:35:12,550 - src.ui.main_window - INFO - load_#528 = 8.3
2025-10-30 18:35:12,550 - src.ui.main_window - INFO - load_#529 = 
2025-10-30 18:35:12,550 - src.ui.main_window - INFO - load_#530 = 
2025-10-30 18:35:12,550 - src.ui.main_window - INFO - load_#531 = 
2025-10-30 18:35:12,550 - src.ui.main_window - INFO - load_#532 = 
2025-10-30 18:35:12,550 - src.ui.main_window - INFO - load_#533 = 
2025-10-30 18:35:12,550 - src.ui.main_window - INFO - load_#534 = 
2025-10-30 18:35:12,550 - src.ui.main_window - INFO - load_#535 = 
2025-10-30 18:35:12,550 - src.ui.main_window - INFO - load_#536 = 
2025-10-30 18:35:12,550 - src.ui.main_window - INFO - load_#537 = 
2025-10-30 18:35:12,550 - src.ui.main_window - INFO - load_#538 = 
2025-10-30 18:35:12,550 - src.ui.main_window - INFO - load_#539 = 
2025-10-30 18:35:12,550 - src.ui.main_window - INFO - load_#540 = 
2025-10-30 18:35:12,550 - src.ui.main_window - INFO - load_#541 = 
2025-10-30 18:35:12,550 - src.ui.main_window - INFO - load_#542 = 
2025-10-30 18:35:12,550 - src.ui.main_window - INFO - load_#543 = 
2025-10-30 18:35:12,550 - src.ui.main_window - INFO - load_#544 = 
2025-10-30 18:35:12,550 - src.ui.main_window - INFO - load_#545 = relationBTC
2025-10-30 18:35:12,550 - src.ui.main_window - INFO - load_#546 = relationTL
2025-10-30 18:35:12,550 - src.ui.main_window - INFO - load_#547 = relationBC
2025-10-30 18:35:12,550 - src.ui.main_window - INFO - load_#548 = 
2025-10-30 18:35:12,550 - src.ui.main_window - INFO - load_#549 = 
2025-10-30 18:35:12,550 - src.ui.main_window - INFO - load_#550 = 
2025-10-30 18:35:12,550 - src.ui.main_window - INFO - load_#602 = switchJD
2025-10-30 18:35:12,550 - src.ui.main_window - INFO - load_#603 = 0
2025-10-30 18:35:12,550 - src.ui.main_window - INFO - load_#605 = relationYSTA
2025-10-30 18:35:12,550 - src.ui.main_window - INFO - input_#500 = 
2025-10-30 18:35:12,550 - src.ui.main_window - INFO - relation_#503 = 关系1
2025-10-30 18:35:12,550 - src.ui.main_window - INFO - relation_#504 = 关系1
2025-10-30 18:35:12,554 - src.ui.main_window - INFO - input_#505 = 
2025-10-30 18:35:12,554 - src.ui.main_window - INFO - input_#506 = 
2025-10-30 18:35:12,555 - src.ui.main_window - INFO - select_#508 = 选项1
2025-10-30 18:35:12,555 - src.ui.main_window - INFO - relation_#509 = 关系1
2025-10-30 18:35:12,555 - src.ui.main_window - INFO - relation_#510 = 关系1
2025-10-30 18:35:12,555 - src.ui.main_window - INFO - relation_#513 = 关系1
2025-10-30 18:35:12,555 - src.ui.main_window - INFO - relation_#516 = 关系1
2025-10-30 18:35:12,555 - src.ui.main_window - INFO - relation_#522 = 关系1
2025-10-30 18:35:12,556 - src.ui.main_window - INFO - relation_#528 = 关系1
2025-10-30 18:35:12,556 - src.ui.main_window - INFO - relation_#545 = 关系1
2025-10-30 18:35:12,556 - src.ui.main_window - INFO - relation_#546 = 关系1
2025-10-30 18:35:12,556 - src.ui.main_window - INFO - relation_#547 = 关系1
2025-10-30 18:35:12,556 - src.ui.main_window - INFO - switch_#602 = 0
2025-10-30 18:45:09,752 - src.communication.named_pipe - WARNING - 命名管道服务器未在运行
2025-10-30 18:45:09,752 - src.data.file_manager - INFO - 所有文件已关闭
2025-10-30 19:49:29,009 - DNCSystem - INFO - DNC Python 系统启动
2025-10-30 19:49:29,023 - src.core.config - INFO - 配置加载成功
2025-10-30 19:49:29,023 - src.data.csv_processor - INFO - CSV文件读取为字典成功: config\master\ini.csv, 共46行
2025-10-30 19:49:29,026 - src.data.csv_processor - INFO - CSV文件读取为字典成功: config\master\ini.csv, 共46行
2025-10-30 19:49:29,028 - src.data.csv_processor - INFO - CSV文件读取为字典成功: config\master\header.csv, 共5行
2025-10-30 19:49:29,029 - src.data.csv_processor - INFO - CSV文件读取为字典成功: config\master\type_define.csv, 共9行
2025-10-30 19:49:29,029 - src.data.csv_processor - INFO - CSV文件读取为字典成功: config\master\type_relation.csv, 共0行
2025-10-30 19:49:29,031 - src.data.csv_processor - INFO - CSV文件读取为字典成功: config\master\type_chngvl.csv, 共0行
2025-10-30 19:49:29,032 - src.data.csv_processor - INFO - CSV文件读取为字典成功: config\master\type_prg.csv, 共9行
2025-10-30 19:49:29,032 - src.data.csv_processor - INFO - CSV文件读取为字典成功: config\master\prg.csv, 共2行
2025-10-30 19:49:29,060 - DNCSystem - INFO - DNC Python 系统初始化成功
2025-10-30 19:49:30,183 - src.ui.main_window - INFO - 宏文件生成器初始化成功
2025-10-30 19:50:23,801 - src.ui.main_window - INFO - 参数已更新: {'basic': {'workpiece_name': '', 'workpiece_id': '', 'process_type': '铣削', 'precision': '普通'}, 'geometry': {'length': 0.0, 'width': 0.0, 'height': 0.0, 'diameter': 0.0, 'angle': 0.0}, 'process': {'spindle_speed': 0.0, 'feed_rate': 0.0, 'cut_depth': 0.0, 'cut_width': 0.0}, 'material': {'material_type': '碳钢', 'material_hardness': '软', 'material_strength': 0.0}, 'model': {'model_type': '自动识别', 'model_description': '123@GPA20GT15040_A-H8@5', 'current_model': None}}
2025-10-30 19:50:23,806 - src.data.csv_processor - INFO - CSV文件读取为字典成功: config\master\ini.csv, 共46行
2025-10-30 19:50:23,807 - src.data.csv_processor - INFO - CSV文件读取为字典成功: config\master\header.csv, 共5行
2025-10-30 19:50:23,808 - src.ui.main_window - INFO - 型号识别完成: {'model': 'GPA20GT15040_A-H8', 'qr_code': '123@GPA20GT15040_A-H8@5', 'po': '', 'quantity': '', 'recognition_mode': 'QR', 'confidence': 1.0, 'error_message': None}
2025-10-30 19:50:29,682 - src.ui.main_window - INFO - 转让按钮点击，参数: {'load_#1': 0.0, 'load_#2': 0.0, 'load_#3': 0.0, 'load_#4': 0.0, 'load_#5': 0.0, 'load_#6': 0.0, 'load_#7': 0.0, 'load_#8': 0.0, 'load_#9': 0.0, 'load_#10': 0.0, 'load_#11': 'defineBTC', 'load_#12': 'defineTL', 'load_#500': 'relationLWJ', 'load_#501': '1', 'load_#502': '1', 'load_#503': '0', 'load_#504': 'relationHPN', 'load_#505': 'relationTSR', 'load_#506': '0', 'load_#507': '', 'load_#508': '', 'load_#509': 'relationZJG', 'load_#510': '1.65', 'load_#511': '10.19', 'load_#512': '9.68', 'load_#513': '5', 'load_#514': '', 'load_#515': '', 'load_#516': '', 'load_#517': '', 'load_#518': '', 'load_#519': '7', 'load_#520': '', 'load_#521': '', 'load_#522': '', 'load_#523': '', 'load_#524': '', 'load_#525': '', 'load_#526': '', 'load_#527': '', 'load_#528': '8.3', 'load_#529': '', 'load_#530': '', 'load_#531': '', 'load_#532': '', 'load_#533': '', 'load_#534': '', 'load_#535': '', 'load_#536': '', 'load_#537': '', 'load_#538': '', 'load_#539': '', 'load_#540': '', 'load_#541': '', 'load_#542': '', 'load_#543': '', 'load_#544': '', 'load_#545': 'relationBTC', 'load_#546': 'relationTL', 'load_#547': 'relationBC', 'load_#548': '', 'load_#549': '', 'load_#550': '', 'load_#602': 'switchJD', 'load_#603': '0', 'load_#605': 'relationYSTA', 'input_#500': '', 'relation_#503': '关系1', 'relation_#504': '关系1', 'input_#505': '', 'input_#506': '', 'select_#508': '选项1', 'relation_#509': '关系1', 'relation_#510': '关系1', 'relation_#513': '关系1', 'relation_#516': '关系1', 'relation_#522': '关系1', 'relation_#528': '关系1', 'relation_#545': '关系1', 'relation_#546': '关系1', 'relation_#547': '关系1', 'switch_#602': False}
2025-10-30 19:50:29,682 - src.ui.main_window - WARNING - 从load.csv获取参数类型失败: 'NoneType' object has no attribute 'read_csv'
2025-10-30 19:50:29,682 - src.ui.main_window - WARNING - 从load.csv获取参数类型失败: 'NoneType' object has no attribute 'read_csv'
2025-10-30 19:50:29,682 - src.ui.main_window - WARNING - 从load.csv获取参数类型失败: 'NoneType' object has no attribute 'read_csv'
2025-10-30 19:50:29,682 - src.ui.main_window - WARNING - 从load.csv获取参数类型失败: 'NoneType' object has no attribute 'read_csv'
2025-10-30 19:50:29,682 - src.ui.main_window - WARNING - 从load.csv获取参数类型失败: 'NoneType' object has no attribute 'read_csv'
2025-10-30 19:50:29,682 - src.ui.main_window - WARNING - 从load.csv获取参数类型失败: 'NoneType' object has no attribute 'read_csv'
2025-10-30 19:50:29,682 - src.ui.main_window - WARNING - 从load.csv获取参数类型失败: 'NoneType' object has no attribute 'read_csv'
2025-10-30 19:50:29,682 - src.ui.main_window - WARNING - 从load.csv获取参数类型失败: 'NoneType' object has no attribute 'read_csv'
2025-10-30 19:50:29,682 - src.ui.main_window - WARNING - 从load.csv获取参数类型失败: 'NoneType' object has no attribute 'read_csv'
2025-10-30 19:50:29,682 - src.ui.main_window - WARNING - 从load.csv获取参数类型失败: 'NoneType' object has no attribute 'read_csv'
2025-10-30 19:50:29,682 - src.ui.main_window - WARNING - 从load.csv获取参数类型失败: 'NoneType' object has no attribute 'read_csv'
2025-10-30 19:50:29,697 - src.ui.main_window - WARNING - 参数 load_#11 类型转换失败: could not convert string to float: 'defineBTC'
2025-10-30 19:50:29,697 - src.ui.main_window - WARNING - 从load.csv获取参数类型失败: 'NoneType' object has no attribute 'read_csv'
2025-10-30 19:50:29,697 - src.ui.main_window - WARNING - 参数 load_#12 类型转换失败: could not convert string to float: 'defineTL'
2025-10-30 19:50:29,697 - src.ui.main_window - WARNING - 从load.csv获取参数类型失败: 'NoneType' object has no attribute 'read_csv'
2025-10-30 19:50:29,697 - src.ui.main_window - WARNING - 从load.csv获取参数类型失败: 'NoneType' object has no attribute 'read_csv'
2025-10-30 19:50:29,697 - src.ui.main_window - WARNING - 从load.csv获取参数类型失败: 'NoneType' object has no attribute 'read_csv'
2025-10-30 19:50:29,697 - src.ui.main_window - WARNING - 从load.csv获取参数类型失败: 'NoneType' object has no attribute 'read_csv'
2025-10-30 19:50:29,697 - src.ui.main_window - WARNING - 从load.csv获取参数类型失败: 'NoneType' object has no attribute 'read_csv'
2025-10-30 19:50:29,700 - src.ui.main_window - WARNING - 从load.csv获取参数类型失败: 'NoneType' object has no attribute 'read_csv'
2025-10-30 19:50:29,700 - src.ui.main_window - WARNING - 从load.csv获取参数类型失败: 'NoneType' object has no attribute 'read_csv'
2025-10-30 19:50:29,700 - src.ui.main_window - WARNING - 从load.csv获取参数类型失败: 'NoneType' object has no attribute 'read_csv'
2025-10-30 19:50:29,700 - src.ui.main_window - WARNING - 从load.csv获取参数类型失败: 'NoneType' object has no attribute 'read_csv'
2025-10-30 19:50:29,701 - src.ui.main_window - WARNING - 从load.csv获取参数类型失败: 'NoneType' object has no attribute 'read_csv'
2025-10-30 19:50:29,701 - src.ui.main_window - WARNING - 从load.csv获取参数类型失败: 'NoneType' object has no attribute 'read_csv'
2025-10-30 19:50:29,701 - src.ui.main_window - WARNING - 从load.csv获取参数类型失败: 'NoneType' object has no attribute 'read_csv'
2025-10-30 19:50:29,701 - src.ui.main_window - WARNING - 从load.csv获取参数类型失败: 'NoneType' object has no attribute 'read_csv'
2025-10-30 19:50:29,702 - src.ui.main_window - WARNING - 从load.csv获取参数类型失败: 'NoneType' object has no attribute 'read_csv'
2025-10-30 19:50:29,702 - src.ui.main_window - WARNING - 从load.csv获取参数类型失败: 'NoneType' object has no attribute 'read_csv'
2025-10-30 19:50:29,703 - src.ui.main_window - WARNING - 从load.csv获取参数类型失败: 'NoneType' object has no attribute 'read_csv'
2025-10-30 19:50:29,703 - src.ui.main_window - WARNING - 从load.csv获取参数类型失败: 'NoneType' object has no attribute 'read_csv'
2025-10-30 19:50:29,703 - src.ui.main_window - WARNING - 从load.csv获取参数类型失败: 'NoneType' object has no attribute 'read_csv'
2025-10-30 19:50:29,703 - src.ui.main_window - WARNING - 从load.csv获取参数类型失败: 'NoneType' object has no attribute 'read_csv'
2025-10-30 19:50:29,703 - src.ui.main_window - WARNING - 从load.csv获取参数类型失败: 'NoneType' object has no attribute 'read_csv'
2025-10-30 19:50:29,703 - src.ui.main_window - WARNING - 从load.csv获取参数类型失败: 'NoneType' object has no attribute 'read_csv'
2025-10-30 19:50:29,703 - src.ui.main_window - WARNING - 从load.csv获取参数类型失败: 'NoneType' object has no attribute 'read_csv'
2025-10-30 19:50:29,703 - src.ui.main_window - WARNING - 从load.csv获取参数类型失败: 'NoneType' object has no attribute 'read_csv'
2025-10-30 19:50:29,703 - src.ui.main_window - WARNING - 从load.csv获取参数类型失败: 'NoneType' object has no attribute 'read_csv'
2025-10-30 19:50:29,703 - src.ui.main_window - WARNING - 从load.csv获取参数类型失败: 'NoneType' object has no attribute 'read_csv'
2025-10-30 19:50:29,703 - src.ui.main_window - WARNING - 从load.csv获取参数类型失败: 'NoneType' object has no attribute 'read_csv'
2025-10-30 19:50:29,703 - src.ui.main_window - WARNING - 从load.csv获取参数类型失败: 'NoneType' object has no attribute 'read_csv'
2025-10-30 19:50:29,703 - src.ui.main_window - WARNING - 从load.csv获取参数类型失败: 'NoneType' object has no attribute 'read_csv'
2025-10-30 19:50:29,703 - src.ui.main_window - WARNING - 从load.csv获取参数类型失败: 'NoneType' object has no attribute 'read_csv'
2025-10-30 19:50:29,703 - src.ui.main_window - WARNING - 从load.csv获取参数类型失败: 'NoneType' object has no attribute 'read_csv'
2025-10-30 19:50:29,703 - src.ui.main_window - WARNING - 从load.csv获取参数类型失败: 'NoneType' object has no attribute 'read_csv'
2025-10-30 19:50:29,703 - src.ui.main_window - WARNING - 从load.csv获取参数类型失败: 'NoneType' object has no attribute 'read_csv'
2025-10-30 19:50:29,703 - src.ui.main_window - WARNING - 从load.csv获取参数类型失败: 'NoneType' object has no attribute 'read_csv'
2025-10-30 19:50:29,703 - src.ui.main_window - WARNING - 从load.csv获取参数类型失败: 'NoneType' object has no attribute 'read_csv'
2025-10-30 19:50:29,703 - src.ui.main_window - WARNING - 从load.csv获取参数类型失败: 'NoneType' object has no attribute 'read_csv'
2025-10-30 19:50:29,703 - src.ui.main_window - WARNING - 从load.csv获取参数类型失败: 'NoneType' object has no attribute 'read_csv'
2025-10-30 19:50:29,703 - src.ui.main_window - WARNING - 从load.csv获取参数类型失败: 'NoneType' object has no attribute 'read_csv'
2025-10-30 19:50:29,703 - src.ui.main_window - WARNING - 从load.csv获取参数类型失败: 'NoneType' object has no attribute 'read_csv'
2025-10-30 19:50:29,703 - src.ui.main_window - WARNING - 从load.csv获取参数类型失败: 'NoneType' object has no attribute 'read_csv'
2025-10-30 19:50:29,703 - src.ui.main_window - WARNING - 从load.csv获取参数类型失败: 'NoneType' object has no attribute 'read_csv'
2025-10-30 19:50:29,703 - src.ui.main_window - WARNING - 从load.csv获取参数类型失败: 'NoneType' object has no attribute 'read_csv'
2025-10-30 19:50:29,703 - src.ui.main_window - WARNING - 从load.csv获取参数类型失败: 'NoneType' object has no attribute 'read_csv'
2025-10-30 19:50:29,703 - src.ui.main_window - WARNING - 从load.csv获取参数类型失败: 'NoneType' object has no attribute 'read_csv'
2025-10-30 19:50:29,703 - src.ui.main_window - WARNING - 从load.csv获取参数类型失败: 'NoneType' object has no attribute 'read_csv'
2025-10-30 19:50:29,703 - src.ui.main_window - WARNING - 从load.csv获取参数类型失败: 'NoneType' object has no attribute 'read_csv'
2025-10-30 19:50:29,703 - src.ui.main_window - WARNING - 从load.csv获取参数类型失败: 'NoneType' object has no attribute 'read_csv'
2025-10-30 19:50:29,703 - src.ui.main_window - WARNING - 从load.csv获取参数类型失败: 'NoneType' object has no attribute 'read_csv'
2025-10-30 19:50:29,703 - src.ui.main_window - WARNING - 从load.csv获取参数类型失败: 'NoneType' object has no attribute 'read_csv'
2025-10-30 19:50:29,703 - src.ui.main_window - WARNING - 从load.csv获取参数类型失败: 'NoneType' object has no attribute 'read_csv'
2025-10-30 19:50:29,703 - src.ui.main_window - WARNING - 从load.csv获取参数类型失败: 'NoneType' object has no attribute 'read_csv'
2025-10-30 19:50:29,710 - src.ui.main_window - WARNING - 从load.csv获取参数类型失败: 'NoneType' object has no attribute 'read_csv'
2025-10-30 19:50:29,710 - src.ui.main_window - WARNING - 从load.csv获取参数类型失败: 'NoneType' object has no attribute 'read_csv'
2025-10-30 19:50:29,710 - src.ui.main_window - WARNING - 从load.csv获取参数类型失败: 'NoneType' object has no attribute 'read_csv'
2025-10-30 19:50:29,710 - src.ui.main_window - WARNING - 从load.csv获取参数类型失败: 'NoneType' object has no attribute 'read_csv'
2025-10-30 19:50:29,716 - src.ui.main_window - INFO - 计算结果显示:
2025-10-30 19:50:29,716 - src.ui.main_window - INFO - # = ========================================
2025-10-30 19:50:29,716 - src.ui.main_window - INFO - # = ========================================
2025-10-30 19:50:29,720 - src.ui.main_window - INFO - load_#1 = 0.00
2025-10-30 19:50:29,720 - src.ui.main_window - INFO - load_#2 = 0.00
2025-10-30 19:50:29,720 - src.ui.main_window - INFO - load_#3 = 0.00
2025-10-30 19:50:29,720 - src.ui.main_window - INFO - load_#4 = 0.00
2025-10-30 19:50:29,720 - src.ui.main_window - INFO - load_#5 = 0.00
2025-10-30 19:50:29,721 - src.ui.main_window - INFO - load_#6 = 0.00
2025-10-30 19:50:29,721 - src.ui.main_window - INFO - load_#7 = 0.00
2025-10-30 19:50:29,721 - src.ui.main_window - INFO - load_#8 = 0.00
2025-10-30 19:50:29,721 - src.ui.main_window - INFO - load_#9 = 0.00
2025-10-30 19:50:29,721 - src.ui.main_window - INFO - load_#10 = 0.00
2025-10-30 19:50:29,721 - src.ui.main_window - INFO - load_#11 = 0.00
2025-10-30 19:50:29,722 - src.ui.main_window - INFO - load_#12 = 0.00
2025-10-30 19:50:29,722 - src.ui.main_window - INFO - load_#500 = relationLWJ
2025-10-30 19:50:29,722 - src.ui.main_window - INFO - load_#501 = 1
2025-10-30 19:50:29,722 - src.ui.main_window - INFO - load_#502 = 1
2025-10-30 19:50:29,722 - src.ui.main_window - INFO - load_#503 = 0
2025-10-30 19:50:29,722 - src.ui.main_window - INFO - load_#504 = relationHPN
2025-10-30 19:50:29,722 - src.ui.main_window - INFO - load_#505 = relationTSR
2025-10-30 19:50:29,722 - src.ui.main_window - INFO - load_#506 = 0
2025-10-30 19:50:29,722 - src.ui.main_window - INFO - load_#507 = 
2025-10-30 19:50:29,722 - src.ui.main_window - INFO - load_#508 = 
2025-10-30 19:50:29,722 - src.ui.main_window - INFO - load_#509 = relationZJG
2025-10-30 19:50:29,723 - src.ui.main_window - INFO - load_#510 = 1.65
2025-10-30 19:50:29,723 - src.ui.main_window - INFO - load_#511 = 10.19
2025-10-30 19:50:29,723 - src.ui.main_window - INFO - load_#512 = 9.68
2025-10-30 19:50:29,723 - src.ui.main_window - INFO - load_#513 = 5
2025-10-30 19:50:29,723 - src.ui.main_window - INFO - load_#514 = 
2025-10-30 19:50:29,723 - src.ui.main_window - INFO - load_#515 = 
2025-10-30 19:50:29,723 - src.ui.main_window - INFO - load_#516 = 
2025-10-30 19:50:29,724 - src.ui.main_window - INFO - load_#517 = 
2025-10-30 19:50:29,724 - src.ui.main_window - INFO - load_#518 = 
2025-10-30 19:50:29,724 - src.ui.main_window - INFO - load_#519 = 7
2025-10-30 19:50:29,724 - src.ui.main_window - INFO - load_#520 = 
2025-10-30 19:50:29,724 - src.ui.main_window - INFO - load_#521 = 
2025-10-30 19:50:29,724 - src.ui.main_window - INFO - load_#522 = 
2025-10-30 19:50:29,724 - src.ui.main_window - INFO - load_#523 = 
2025-10-30 19:50:29,724 - src.ui.main_window - INFO - load_#524 = 
2025-10-30 19:50:29,724 - src.ui.main_window - INFO - load_#525 = 
2025-10-30 19:50:29,724 - src.ui.main_window - INFO - load_#526 = 
2025-10-30 19:50:29,724 - src.ui.main_window - INFO - load_#527 = 
2025-10-30 19:50:29,724 - src.ui.main_window - INFO - load_#528 = 8.3
2025-10-30 19:50:29,724 - src.ui.main_window - INFO - load_#529 = 
2025-10-30 19:50:29,724 - src.ui.main_window - INFO - load_#530 = 
2025-10-30 19:50:29,724 - src.ui.main_window - INFO - load_#531 = 
2025-10-30 19:50:29,724 - src.ui.main_window - INFO - load_#532 = 
2025-10-30 19:50:29,724 - src.ui.main_window - INFO - load_#533 = 
2025-10-30 19:50:29,724 - src.ui.main_window - INFO - load_#534 = 
2025-10-30 19:50:29,724 - src.ui.main_window - INFO - load_#535 = 
2025-10-30 19:50:29,724 - src.ui.main_window - INFO - load_#536 = 
2025-10-30 19:50:29,724 - src.ui.main_window - INFO - load_#537 = 
2025-10-30 19:50:29,724 - src.ui.main_window - INFO - load_#538 = 
2025-10-30 19:50:29,724 - src.ui.main_window - INFO - load_#539 = 
2025-10-30 19:50:29,724 - src.ui.main_window - INFO - load_#540 = 
2025-10-30 19:50:29,724 - src.ui.main_window - INFO - load_#541 = 
2025-10-30 19:50:29,724 - src.ui.main_window - INFO - load_#542 = 
2025-10-30 19:50:29,724 - src.ui.main_window - INFO - load_#543 = 
2025-10-30 19:50:29,724 - src.ui.main_window - INFO - load_#544 = 
2025-10-30 19:50:29,724 - src.ui.main_window - INFO - load_#545 = relationBTC
2025-10-30 19:50:29,724 - src.ui.main_window - INFO - load_#546 = relationTL
2025-10-30 19:50:29,724 - src.ui.main_window - INFO - load_#547 = relationBC
2025-10-30 19:50:29,724 - src.ui.main_window - INFO - load_#548 = 
2025-10-30 19:50:29,724 - src.ui.main_window - INFO - load_#549 = 
2025-10-30 19:50:29,724 - src.ui.main_window - INFO - load_#550 = 
2025-10-30 19:50:29,729 - src.ui.main_window - INFO - load_#602 = switchJD
2025-10-30 19:50:29,729 - src.ui.main_window - INFO - load_#603 = 0
2025-10-30 19:50:29,729 - src.ui.main_window - INFO - load_#605 = relationYSTA
2025-10-30 19:50:29,729 - src.ui.main_window - INFO - input_#500 = 
2025-10-30 19:50:29,729 - src.ui.main_window - INFO - relation_#503 = 关系1
2025-10-30 19:50:29,729 - src.ui.main_window - INFO - relation_#504 = 关系1
2025-10-30 19:50:29,729 - src.ui.main_window - INFO - input_#505 = 
2025-10-30 19:50:29,729 - src.ui.main_window - INFO - input_#506 = 
2025-10-30 19:50:29,729 - src.ui.main_window - INFO - select_#508 = 选项1
2025-10-30 19:50:29,730 - src.ui.main_window - INFO - relation_#509 = 关系1
2025-10-30 19:50:29,730 - src.ui.main_window - INFO - relation_#510 = 关系1
2025-10-30 19:50:29,730 - src.ui.main_window - INFO - relation_#513 = 关系1
2025-10-30 19:50:29,730 - src.ui.main_window - INFO - relation_#516 = 关系1
2025-10-30 19:50:29,730 - src.ui.main_window - INFO - relation_#522 = 关系1
2025-10-30 19:50:29,730 - src.ui.main_window - INFO - relation_#528 = 关系1
2025-10-30 19:50:29,730 - src.ui.main_window - INFO - relation_#545 = 关系1
2025-10-30 19:50:29,731 - src.ui.main_window - INFO - relation_#546 = 关系1
2025-10-30 19:50:29,731 - src.ui.main_window - INFO - relation_#547 = 关系1
2025-10-30 19:50:29,731 - src.ui.main_window - INFO - switch_#602 = 0
2025-10-30 20:04:26,422 - src.communication.named_pipe - WARNING - 命名管道服务器未在运行
2025-10-30 20:04:26,423 - src.data.file_manager - INFO - 所有文件已关闭
2025-10-30 20:17:12,802 - DNCSystem - INFO - DNC Python 系统启动
2025-10-30 20:17:12,808 - src.core.config - INFO - 配置加载成功
2025-10-30 20:17:12,810 - src.data.csv_processor - INFO - CSV文件读取为字典成功: config\master\ini.csv, 共46行
2025-10-30 20:17:12,812 - src.data.csv_processor - INFO - CSV文件读取为字典成功: config\master\ini.csv, 共46行
2025-10-30 20:17:12,814 - src.data.csv_processor - INFO - CSV文件读取为字典成功: config\master\header.csv, 共5行
2025-10-30 20:17:12,814 - src.data.csv_processor - INFO - CSV文件读取为字典成功: config\master\type_define.csv, 共9行
2025-10-30 20:17:12,815 - src.data.csv_processor - INFO - CSV文件读取为字典成功: config\master\type_relation.csv, 共0行
2025-10-30 20:17:12,816 - src.data.csv_processor - INFO - CSV文件读取为字典成功: config\master\type_chngvl.csv, 共0行
2025-10-30 20:17:12,817 - src.data.csv_processor - INFO - CSV文件读取为字典成功: config\master\type_prg.csv, 共9行
2025-10-30 20:17:12,817 - src.data.csv_processor - INFO - CSV文件读取为字典成功: config\master\prg.csv, 共2行
2025-10-30 20:17:12,834 - DNCSystem - INFO - DNC Python 系统初始化成功
2025-10-30 20:17:14,044 - src.ui.main_window - INFO - 宏文件生成器初始化成功
2025-10-30 20:17:46,101 - src.ui.main_window - INFO - 参数已更新: {'basic': {'workpiece_name': '', 'workpiece_id': '', 'process_type': '铣削', 'precision': '普通'}, 'geometry': {'length': 0.0, 'width': 0.0, 'height': 0.0, 'diameter': 0.0, 'angle': 0.0}, 'process': {'spindle_speed': 0.0, 'feed_rate': 0.0, 'cut_depth': 0.0, 'cut_width': 0.0}, 'material': {'material_type': '碳钢', 'material_hardness': '软', 'material_strength': 0.0}, 'model': {'model_type': '自动识别', 'model_description': '123@GPA20GT15040_A-H8@3', 'current_model': None}}
2025-10-30 20:17:46,109 - src.data.csv_processor - INFO - CSV文件读取为字典成功: config\master\ini.csv, 共46行
2025-10-30 20:17:46,109 - src.data.csv_processor - INFO - CSV文件读取为字典成功: config\master\header.csv, 共5行
2025-10-30 20:17:46,117 - src.ui.main_window - INFO - 型号识别完成: {'model': 'GPA20GT15040_A-H8', 'qr_code': '123@GPA20GT15040_A-H8@3', 'po': '', 'quantity': '', 'recognition_mode': 'QR', 'confidence': 1.0, 'error_message': None}
2025-10-30 20:17:51,301 - src.ui.main_window - INFO - 转让按钮点击，参数: {'load_#1': '', 'load_#2': '', 'load_#3': '', 'load_#4': '', 'load_#5': '', 'load_#6': '', 'load_#7': '', 'load_#8': '', 'load_#9': '', 'load_#10': '', 'load_#11': 'defineBTC', 'load_#12': 'defineTL', 'load_#500': 'relationLWJ', 'load_#501': '1', 'load_#502': '1', 'load_#503': '0', 'load_#504': 'relationHPN', 'load_#505': 'relationTSR', 'load_#506': '0', 'load_#507': '', 'load_#508': '', 'load_#509': 'relationZJG', 'load_#510': '1.65', 'load_#511': '10.19', 'load_#512': '9.68', 'load_#513': '5', 'load_#514': '', 'load_#515': '', 'load_#516': '', 'load_#517': '', 'load_#518': '', 'load_#519': '7', 'load_#520': '', 'load_#521': '', 'load_#522': '', 'load_#523': '', 'load_#524': '', 'load_#525': '', 'load_#526': '', 'load_#527': '', 'load_#528': '8.3', 'load_#529': '', 'load_#530': '', 'load_#531': '', 'load_#532': '', 'load_#533': '', 'load_#534': '', 'load_#535': '', 'load_#536': '', 'load_#537': '', 'load_#538': '', 'load_#539': '', 'load_#540': '', 'load_#541': '', 'load_#542': '', 'load_#543': '', 'load_#544': '', 'load_#545': 'relationBTC', 'load_#546': 'relationTL', 'load_#547': 'relationBC', 'load_#548': '', 'load_#549': '', 'load_#550': '', 'load_#602': 'switchJD', 'load_#603': '0', 'load_#605': 'relationYSTA', 'input_#500': '', 'relation_#503': '关系1', 'relation_#504': '关系1', 'input_#505': '', 'input_#506': '', 'select_#508': '选项1', 'relation_#509': '关系1', 'relation_#510': '关系1', 'relation_#513': '关系1', 'relation_#516': '关系1', 'relation_#522': '关系1', 'relation_#528': '关系1', 'relation_#545': '关系1', 'relation_#546': '关系1', 'relation_#547': '关系1', 'switch_#602': False}
2025-10-30 20:17:51,301 - src.ui.main_window - WARNING - 从load.csv获取参数类型失败: 'NoneType' object has no attribute 'read_csv'
2025-10-30 20:17:51,301 - src.ui.main_window - WARNING - 从load.csv获取参数类型失败: 'NoneType' object has no attribute 'read_csv'
2025-10-30 20:17:51,301 - src.ui.main_window - WARNING - 从load.csv获取参数类型失败: 'NoneType' object has no attribute 'read_csv'
2025-10-30 20:17:51,301 - src.ui.main_window - WARNING - 从load.csv获取参数类型失败: 'NoneType' object has no attribute 'read_csv'
2025-10-30 20:17:51,301 - src.ui.main_window - WARNING - 从load.csv获取参数类型失败: 'NoneType' object has no attribute 'read_csv'
2025-10-30 20:17:51,301 - src.ui.main_window - WARNING - 从load.csv获取参数类型失败: 'NoneType' object has no attribute 'read_csv'
2025-10-30 20:17:51,301 - src.ui.main_window - WARNING - 从load.csv获取参数类型失败: 'NoneType' object has no attribute 'read_csv'
2025-10-30 20:17:51,301 - src.ui.main_window - WARNING - 从load.csv获取参数类型失败: 'NoneType' object has no attribute 'read_csv'
2025-10-30 20:17:51,301 - src.ui.main_window - WARNING - 从load.csv获取参数类型失败: 'NoneType' object has no attribute 'read_csv'
2025-10-30 20:17:51,301 - src.ui.main_window - WARNING - 从load.csv获取参数类型失败: 'NoneType' object has no attribute 'read_csv'
2025-10-30 20:17:51,301 - src.ui.main_window - WARNING - 从load.csv获取参数类型失败: 'NoneType' object has no attribute 'read_csv'
2025-10-30 20:17:51,301 - src.ui.main_window - WARNING - 参数 load_#11 类型转换失败: could not convert string to float: 'defineBTC'
2025-10-30 20:17:51,301 - src.ui.main_window - WARNING - 从load.csv获取参数类型失败: 'NoneType' object has no attribute 'read_csv'
2025-10-30 20:17:51,301 - src.ui.main_window - WARNING - 参数 load_#12 类型转换失败: could not convert string to float: 'defineTL'
2025-10-30 20:17:51,301 - src.ui.main_window - WARNING - 从load.csv获取参数类型失败: 'NoneType' object has no attribute 'read_csv'
2025-10-30 20:17:51,301 - src.ui.main_window - WARNING - 从load.csv获取参数类型失败: 'NoneType' object has no attribute 'read_csv'
2025-10-30 20:17:51,301 - src.ui.main_window - WARNING - 从load.csv获取参数类型失败: 'NoneType' object has no attribute 'read_csv'
2025-10-30 20:17:51,301 - src.ui.main_window - WARNING - 从load.csv获取参数类型失败: 'NoneType' object has no attribute 'read_csv'
2025-10-30 20:17:51,301 - src.ui.main_window - WARNING - 从load.csv获取参数类型失败: 'NoneType' object has no attribute 'read_csv'
2025-10-30 20:17:51,301 - src.ui.main_window - WARNING - 从load.csv获取参数类型失败: 'NoneType' object has no attribute 'read_csv'
2025-10-30 20:17:51,301 - src.ui.main_window - WARNING - 从load.csv获取参数类型失败: 'NoneType' object has no attribute 'read_csv'
2025-10-30 20:17:51,301 - src.ui.main_window - WARNING - 从load.csv获取参数类型失败: 'NoneType' object has no attribute 'read_csv'
2025-10-30 20:17:51,301 - src.ui.main_window - WARNING - 从load.csv获取参数类型失败: 'NoneType' object has no attribute 'read_csv'
2025-10-30 20:17:51,301 - src.ui.main_window - WARNING - 从load.csv获取参数类型失败: 'NoneType' object has no attribute 'read_csv'
2025-10-30 20:17:51,308 - src.ui.main_window - WARNING - 从load.csv获取参数类型失败: 'NoneType' object has no attribute 'read_csv'
2025-10-30 20:17:51,308 - src.ui.main_window - WARNING - 从load.csv获取参数类型失败: 'NoneType' object has no attribute 'read_csv'
2025-10-30 20:17:51,308 - src.ui.main_window - WARNING - 从load.csv获取参数类型失败: 'NoneType' object has no attribute 'read_csv'
2025-10-30 20:17:51,308 - src.ui.main_window - WARNING - 从load.csv获取参数类型失败: 'NoneType' object has no attribute 'read_csv'
2025-10-30 20:17:51,308 - src.ui.main_window - WARNING - 从load.csv获取参数类型失败: 'NoneType' object has no attribute 'read_csv'
2025-10-30 20:17:51,308 - src.ui.main_window - WARNING - 从load.csv获取参数类型失败: 'NoneType' object has no attribute 'read_csv'
2025-10-30 20:17:51,308 - src.ui.main_window - WARNING - 从load.csv获取参数类型失败: 'NoneType' object has no attribute 'read_csv'
2025-10-30 20:17:51,308 - src.ui.main_window - WARNING - 从load.csv获取参数类型失败: 'NoneType' object has no attribute 'read_csv'
2025-10-30 20:17:51,308 - src.ui.main_window - WARNING - 从load.csv获取参数类型失败: 'NoneType' object has no attribute 'read_csv'
2025-10-30 20:17:51,310 - src.ui.main_window - WARNING - 从load.csv获取参数类型失败: 'NoneType' object has no attribute 'read_csv'
2025-10-30 20:17:51,310 - src.ui.main_window - WARNING - 从load.csv获取参数类型失败: 'NoneType' object has no attribute 'read_csv'
2025-10-30 20:17:51,310 - src.ui.main_window - WARNING - 从load.csv获取参数类型失败: 'NoneType' object has no attribute 'read_csv'
2025-10-30 20:17:51,310 - src.ui.main_window - WARNING - 从load.csv获取参数类型失败: 'NoneType' object has no attribute 'read_csv'
2025-10-30 20:17:51,310 - src.ui.main_window - WARNING - 从load.csv获取参数类型失败: 'NoneType' object has no attribute 'read_csv'
2025-10-30 20:17:51,310 - src.ui.main_window - WARNING - 从load.csv获取参数类型失败: 'NoneType' object has no attribute 'read_csv'
2025-10-30 20:17:51,311 - src.ui.main_window - WARNING - 从load.csv获取参数类型失败: 'NoneType' object has no attribute 'read_csv'
2025-10-30 20:17:51,311 - src.ui.main_window - WARNING - 从load.csv获取参数类型失败: 'NoneType' object has no attribute 'read_csv'
2025-10-30 20:17:51,311 - src.ui.main_window - WARNING - 从load.csv获取参数类型失败: 'NoneType' object has no attribute 'read_csv'
2025-10-30 20:17:51,311 - src.ui.main_window - WARNING - 从load.csv获取参数类型失败: 'NoneType' object has no attribute 'read_csv'
2025-10-30 20:17:51,311 - src.ui.main_window - WARNING - 从load.csv获取参数类型失败: 'NoneType' object has no attribute 'read_csv'
2025-10-30 20:17:51,311 - src.ui.main_window - WARNING - 从load.csv获取参数类型失败: 'NoneType' object has no attribute 'read_csv'
2025-10-30 20:17:51,312 - src.ui.main_window - WARNING - 从load.csv获取参数类型失败: 'NoneType' object has no attribute 'read_csv'
2025-10-30 20:17:51,312 - src.ui.main_window - WARNING - 从load.csv获取参数类型失败: 'NoneType' object has no attribute 'read_csv'
2025-10-30 20:17:51,312 - src.ui.main_window - WARNING - 从load.csv获取参数类型失败: 'NoneType' object has no attribute 'read_csv'
2025-10-30 20:17:51,312 - src.ui.main_window - WARNING - 从load.csv获取参数类型失败: 'NoneType' object has no attribute 'read_csv'
2025-10-30 20:17:51,312 - src.ui.main_window - WARNING - 从load.csv获取参数类型失败: 'NoneType' object has no attribute 'read_csv'
2025-10-30 20:17:51,312 - src.ui.main_window - WARNING - 从load.csv获取参数类型失败: 'NoneType' object has no attribute 'read_csv'
2025-10-30 20:17:51,312 - src.ui.main_window - WARNING - 从load.csv获取参数类型失败: 'NoneType' object has no attribute 'read_csv'
2025-10-30 20:17:51,312 - src.ui.main_window - WARNING - 从load.csv获取参数类型失败: 'NoneType' object has no attribute 'read_csv'
2025-10-30 20:17:51,312 - src.ui.main_window - WARNING - 从load.csv获取参数类型失败: 'NoneType' object has no attribute 'read_csv'
2025-10-30 20:17:51,312 - src.ui.main_window - WARNING - 从load.csv获取参数类型失败: 'NoneType' object has no attribute 'read_csv'
2025-10-30 20:17:51,312 - src.ui.main_window - WARNING - 从load.csv获取参数类型失败: 'NoneType' object has no attribute 'read_csv'
2025-10-30 20:17:51,312 - src.ui.main_window - WARNING - 从load.csv获取参数类型失败: 'NoneType' object has no attribute 'read_csv'
2025-10-30 20:17:51,312 - src.ui.main_window - WARNING - 从load.csv获取参数类型失败: 'NoneType' object has no attribute 'read_csv'
2025-10-30 20:17:51,312 - src.ui.main_window - WARNING - 从load.csv获取参数类型失败: 'NoneType' object has no attribute 'read_csv'
2025-10-30 20:17:51,312 - src.ui.main_window - WARNING - 从load.csv获取参数类型失败: 'NoneType' object has no attribute 'read_csv'
2025-10-30 20:17:51,312 - src.ui.main_window - WARNING - 从load.csv获取参数类型失败: 'NoneType' object has no attribute 'read_csv'
2025-10-30 20:17:51,312 - src.ui.main_window - WARNING - 从load.csv获取参数类型失败: 'NoneType' object has no attribute 'read_csv'
2025-10-30 20:17:51,312 - src.ui.main_window - WARNING - 从load.csv获取参数类型失败: 'NoneType' object has no attribute 'read_csv'
2025-10-30 20:17:51,312 - src.ui.main_window - WARNING - 从load.csv获取参数类型失败: 'NoneType' object has no attribute 'read_csv'
2025-10-30 20:17:51,312 - src.ui.main_window - WARNING - 从load.csv获取参数类型失败: 'NoneType' object has no attribute 'read_csv'
2025-10-30 20:17:51,312 - src.ui.main_window - WARNING - 从load.csv获取参数类型失败: 'NoneType' object has no attribute 'read_csv'
2025-10-30 20:17:51,312 - src.ui.main_window - WARNING - 从load.csv获取参数类型失败: 'NoneType' object has no attribute 'read_csv'
2025-10-30 20:17:51,312 - src.ui.main_window - WARNING - 从load.csv获取参数类型失败: 'NoneType' object has no attribute 'read_csv'
2025-10-30 20:17:51,323 - src.ui.main_window - INFO - 计算结果显示:
2025-10-30 20:17:51,323 - src.ui.main_window - INFO - # = ========================================
2025-10-30 20:17:51,323 - src.ui.main_window - INFO - # = ========================================
2025-10-30 20:17:51,323 - src.ui.main_window - INFO - load_#1 = 0.00
2025-10-30 20:17:51,323 - src.ui.main_window - INFO - load_#2 = 0.00
2025-10-30 20:17:51,323 - src.ui.main_window - INFO - load_#3 = 0.00
2025-10-30 20:17:51,323 - src.ui.main_window - INFO - load_#4 = 0.00
2025-10-30 20:17:51,323 - src.ui.main_window - INFO - load_#5 = 0.00
2025-10-30 20:17:51,323 - src.ui.main_window - INFO - load_#6 = 0.00
2025-10-30 20:17:51,323 - src.ui.main_window - INFO - load_#7 = 0.00
2025-10-30 20:17:51,327 - src.ui.main_window - INFO - load_#8 = 0.00
2025-10-30 20:17:51,327 - src.ui.main_window - INFO - load_#9 = 0.00
2025-10-30 20:17:51,327 - src.ui.main_window - INFO - load_#10 = 0.00
2025-10-30 20:17:51,327 - src.ui.main_window - INFO - load_#11 = 0.00
2025-10-30 20:17:51,327 - src.ui.main_window - INFO - load_#12 = 0.00
2025-10-30 20:17:51,328 - src.ui.main_window - INFO - load_#500 = relationLWJ
2025-10-30 20:17:51,328 - src.ui.main_window - INFO - load_#501 = 1
2025-10-30 20:17:51,328 - src.ui.main_window - INFO - load_#502 = 1
2025-10-30 20:17:51,328 - src.ui.main_window - INFO - load_#503 = 0
2025-10-30 20:17:51,328 - src.ui.main_window - INFO - load_#504 = relationHPN
2025-10-30 20:17:51,328 - src.ui.main_window - INFO - load_#505 = relationTSR
2025-10-30 20:17:51,328 - src.ui.main_window - INFO - load_#506 = 0
2025-10-30 20:17:51,328 - src.ui.main_window - INFO - load_#507 = 
2025-10-30 20:17:51,328 - src.ui.main_window - INFO - load_#508 = 
2025-10-30 20:17:51,328 - src.ui.main_window - INFO - load_#509 = relationZJG
2025-10-30 20:17:51,328 - src.ui.main_window - INFO - load_#510 = 1.65
2025-10-30 20:17:51,328 - src.ui.main_window - INFO - load_#511 = 10.19
2025-10-30 20:17:51,328 - src.ui.main_window - INFO - load_#512 = 9.68
2025-10-30 20:17:51,328 - src.ui.main_window - INFO - load_#513 = 5
2025-10-30 20:17:51,328 - src.ui.main_window - INFO - load_#514 = 
2025-10-30 20:17:51,328 - src.ui.main_window - INFO - load_#515 = 
2025-10-30 20:17:51,328 - src.ui.main_window - INFO - load_#516 = 
2025-10-30 20:17:51,330 - src.ui.main_window - INFO - load_#517 = 
2025-10-30 20:17:51,330 - src.ui.main_window - INFO - load_#518 = 
2025-10-30 20:17:51,330 - src.ui.main_window - INFO - load_#519 = 7
2025-10-30 20:17:51,330 - src.ui.main_window - INFO - load_#520 = 
2025-10-30 20:17:51,330 - src.ui.main_window - INFO - load_#521 = 
2025-10-30 20:17:51,330 - src.ui.main_window - INFO - load_#522 = 
2025-10-30 20:17:51,332 - src.ui.main_window - INFO - load_#523 = 
2025-10-30 20:17:51,332 - src.ui.main_window - INFO - load_#524 = 
2025-10-30 20:17:51,332 - src.ui.main_window - INFO - load_#525 = 
2025-10-30 20:17:51,332 - src.ui.main_window - INFO - load_#526 = 
2025-10-30 20:17:51,332 - src.ui.main_window - INFO - load_#527 = 
2025-10-30 20:17:51,332 - src.ui.main_window - INFO - load_#528 = 8.3
2025-10-30 20:17:51,333 - src.ui.main_window - INFO - load_#529 = 
2025-10-30 20:17:51,333 - src.ui.main_window - INFO - load_#530 = 
2025-10-30 20:17:51,333 - src.ui.main_window - INFO - load_#531 = 
2025-10-30 20:17:51,333 - src.ui.main_window - INFO - load_#532 = 
2025-10-30 20:17:51,333 - src.ui.main_window - INFO - load_#533 = 
2025-10-30 20:17:51,334 - src.ui.main_window - INFO - load_#534 = 
2025-10-30 20:17:51,334 - src.ui.main_window - INFO - load_#535 = 
2025-10-30 20:17:51,334 - src.ui.main_window - INFO - load_#536 = 
2025-10-30 20:17:51,334 - src.ui.main_window - INFO - load_#537 = 
2025-10-30 20:17:51,334 - src.ui.main_window - INFO - load_#538 = 
2025-10-30 20:17:51,334 - src.ui.main_window - INFO - load_#539 = 
2025-10-30 20:17:51,334 - src.ui.main_window - INFO - load_#540 = 
2025-10-30 20:17:51,334 - src.ui.main_window - INFO - load_#541 = 
2025-10-30 20:17:51,334 - src.ui.main_window - INFO - load_#542 = 
2025-10-30 20:17:51,334 - src.ui.main_window - INFO - load_#543 = 
2025-10-30 20:17:51,334 - src.ui.main_window - INFO - load_#544 = 
2025-10-30 20:17:51,336 - src.ui.main_window - INFO - load_#545 = relationBTC
2025-10-30 20:17:51,336 - src.ui.main_window - INFO - load_#546 = relationTL
2025-10-30 20:17:51,336 - src.ui.main_window - INFO - load_#547 = relationBC
2025-10-30 20:17:51,336 - src.ui.main_window - INFO - load_#548 = 
2025-10-30 20:17:51,336 - src.ui.main_window - INFO - load_#549 = 
2025-10-30 20:17:51,336 - src.ui.main_window - INFO - load_#550 = 
2025-10-30 20:17:51,336 - src.ui.main_window - INFO - load_#602 = switchJD
2025-10-30 20:17:51,336 - src.ui.main_window - INFO - load_#603 = 0
2025-10-30 20:17:51,336 - src.ui.main_window - INFO - load_#605 = relationYSTA
2025-10-30 20:17:51,336 - src.ui.main_window - INFO - input_#500 = 
2025-10-30 20:17:51,336 - src.ui.main_window - INFO - relation_#503 = 关系1
2025-10-30 20:17:51,336 - src.ui.main_window - INFO - relation_#504 = 关系1
2025-10-30 20:17:51,336 - src.ui.main_window - INFO - input_#505 = 
2025-10-30 20:17:51,336 - src.ui.main_window - INFO - input_#506 = 
2025-10-30 20:17:51,336 - src.ui.main_window - INFO - select_#508 = 选项1
2025-10-30 20:17:51,336 - src.ui.main_window - INFO - relation_#509 = 关系1
2025-10-30 20:17:51,336 - src.ui.main_window - INFO - relation_#510 = 关系1
2025-10-30 20:17:51,336 - src.ui.main_window - INFO - relation_#513 = 关系1
2025-10-30 20:17:51,336 - src.ui.main_window - INFO - relation_#516 = 关系1
2025-10-30 20:17:51,336 - src.ui.main_window - INFO - relation_#522 = 关系1
2025-10-30 20:17:51,336 - src.ui.main_window - INFO - relation_#528 = 关系1
2025-10-30 20:17:51,336 - src.ui.main_window - INFO - relation_#545 = 关系1
2025-10-30 20:17:51,336 - src.ui.main_window - INFO - relation_#546 = 关系1
2025-10-30 20:17:51,336 - src.ui.main_window - INFO - relation_#547 = 关系1
2025-10-30 20:17:51,336 - src.ui.main_window - INFO - switch_#602 = 0
2025-10-30 20:51:31,254 - src.communication.named_pipe - WARNING - 命名管道服务器未在运行
2025-10-30 20:51:31,255 - src.data.file_manager - INFO - 所有文件已关闭
2025-10-30 20:51:47,023 - DNCSystem - INFO - DNC Python 系统启动
2025-10-30 20:51:47,023 - src.core.config - INFO - 配置加载成功
2025-10-30 20:51:47,023 - src.data.csv_processor - INFO - CSV文件读取为字典成功: config\master\ini.csv, 共46行
2025-10-30 20:51:47,029 - src.data.csv_processor - INFO - CSV文件读取为字典成功: config\master\ini.csv, 共46行
2025-10-30 20:51:47,030 - src.data.csv_processor - INFO - CSV文件读取为字典成功: config\master\header.csv, 共5行
2025-10-30 20:51:47,030 - src.data.csv_processor - INFO - CSV文件读取为字典成功: config\master\type_define.csv, 共9行
2025-10-30 20:51:47,030 - src.data.csv_processor - INFO - CSV文件读取为字典成功: config\master\type_relation.csv, 共0行
2025-10-30 20:51:47,032 - src.data.csv_processor - INFO - CSV文件读取为字典成功: config\master\type_chngvl.csv, 共0行
2025-10-30 20:51:47,034 - src.data.csv_processor - INFO - CSV文件读取为字典成功: config\master\type_prg.csv, 共9行
2025-10-30 20:51:47,034 - src.data.csv_processor - INFO - CSV文件读取为字典成功: config\master\prg.csv, 共2行
2025-10-30 20:51:47,045 - DNCSystem - INFO - DNC Python 系统初始化成功
2025-10-30 20:51:48,039 - src.ui.main_window - INFO - 宏文件生成器初始化成功
2025-10-30 20:52:15,550 - src.ui.main_window - INFO - 参数已更新: {'basic': {'workpiece_name': '', 'workpiece_id': '', 'process_type': '铣削', 'precision': '普通'}, 'geometry': {'length': 0.0, 'width': 0.0, 'height': 0.0, 'diameter': 0.0, 'angle': 0.0}, 'process': {'spindle_speed': 0.0, 'feed_rate': 0.0, 'cut_depth': 0.0, 'cut_width': 0.0}, 'material': {'material_type': '碳钢', 'material_hardness': '软', 'material_strength': 0.0}, 'model': {'model_type': '自动识别', 'model_description': '123@GPA20GT15040_A-H8@3', 'current_model': None}}
2025-10-30 20:52:15,550 - src.data.csv_processor - INFO - CSV文件读取为字典成功: config\master\ini.csv, 共46行
2025-10-30 20:52:15,558 - src.data.csv_processor - INFO - CSV文件读取为字典成功: config\master\header.csv, 共5行
2025-10-30 20:52:15,558 - src.ui.main_window - INFO - 型号识别完成: {'model': 'GPA20GT15040_A-H8', 'qr_code': '123@GPA20GT15040_A-H8@3', 'po': '', 'quantity': '', 'recognition_mode': 'QR', 'confidence': 1.0, 'error_message': None}
2025-10-30 20:52:19,953 - src.ui.main_window - INFO - 转让按钮点击，参数: {'#1': '', '#2': '', '#3': '', '#4': '', '#5': '', '#6': '', '#7': '', '#8': '', '#9': '', '#10': '', '#11': 'defineBTC', '#12': 'defineTL', '#500': '', '#501': '1', '#502': '1', '#503': '关系1', '#504': '关系1', '#505': '', '#506': '', '#507': '', '#508': '选项1', '#509': '关系1', '#510': '关系1', '#511': '10.19', '#512': '9.68', '#513': '关系1', '#514': '', '#515': '', '#516': '关系1', '#517': '', '#518': '', '#519': '7', '#520': '', '#521': '', '#522': '关系1', '#523': '', '#524': '', '#525': '', '#526': '', '#527': '', '#528': '关系1', '#529': '', '#530': '', '#531': '', '#532': '', '#533': '', '#534': '', '#535': '', '#536': '', '#537': '', '#538': '', '#539': '', '#540': '', '#541': '', '#542': '', '#543': '', '#544': '', '#545': '关系1', '#546': '关系1', '#547': '关系1', '#548': '', '#549': '', '#550': '', '#602': False, '#603': '0', '#605': 'relationYSTA'}
2025-10-30 20:52:19,953 - src.ui.main_window - WARNING - 从load.csv获取参数类型失败: 'NoneType' object has no attribute 'read_csv'
2025-10-30 20:52:19,953 - src.ui.main_window - WARNING - 从cntrl.csv获取参数类型失败: 'NoneType' object has no attribute 'read_csv'
2025-10-30 20:52:19,953 - src.ui.main_window - WARNING - 从load.csv获取参数类型失败: 'NoneType' object has no attribute 'read_csv'
2025-10-30 20:52:19,953 - src.ui.main_window - WARNING - 从cntrl.csv获取参数类型失败: 'NoneType' object has no attribute 'read_csv'
2025-10-30 20:52:19,953 - src.ui.main_window - WARNING - 从load.csv获取参数类型失败: 'NoneType' object has no attribute 'read_csv'
2025-10-30 20:52:19,953 - src.ui.main_window - WARNING - 从cntrl.csv获取参数类型失败: 'NoneType' object has no attribute 'read_csv'
2025-10-30 20:52:19,953 - src.ui.main_window - WARNING - 从load.csv获取参数类型失败: 'NoneType' object has no attribute 'read_csv'
2025-10-30 20:52:19,953 - src.ui.main_window - WARNING - 从cntrl.csv获取参数类型失败: 'NoneType' object has no attribute 'read_csv'
2025-10-30 20:52:19,953 - src.ui.main_window - WARNING - 从load.csv获取参数类型失败: 'NoneType' object has no attribute 'read_csv'
2025-10-30 20:52:19,953 - src.ui.main_window - WARNING - 从cntrl.csv获取参数类型失败: 'NoneType' object has no attribute 'read_csv'
2025-10-30 20:52:19,953 - src.ui.main_window - WARNING - 从load.csv获取参数类型失败: 'NoneType' object has no attribute 'read_csv'
2025-10-30 20:52:19,960 - src.ui.main_window - WARNING - 从cntrl.csv获取参数类型失败: 'NoneType' object has no attribute 'read_csv'
2025-10-30 20:52:19,960 - src.ui.main_window - WARNING - 从load.csv获取参数类型失败: 'NoneType' object has no attribute 'read_csv'
2025-10-30 20:52:19,960 - src.ui.main_window - WARNING - 从cntrl.csv获取参数类型失败: 'NoneType' object has no attribute 'read_csv'
2025-10-30 20:52:19,960 - src.ui.main_window - WARNING - 从load.csv获取参数类型失败: 'NoneType' object has no attribute 'read_csv'
2025-10-30 20:52:19,960 - src.ui.main_window - WARNING - 从cntrl.csv获取参数类型失败: 'NoneType' object has no attribute 'read_csv'
2025-10-30 20:52:19,960 - src.ui.main_window - WARNING - 从load.csv获取参数类型失败: 'NoneType' object has no attribute 'read_csv'
2025-10-30 20:52:19,960 - src.ui.main_window - WARNING - 从cntrl.csv获取参数类型失败: 'NoneType' object has no attribute 'read_csv'
2025-10-30 20:52:19,960 - src.ui.main_window - WARNING - 从load.csv获取参数类型失败: 'NoneType' object has no attribute 'read_csv'
2025-10-30 20:52:19,960 - src.ui.main_window - WARNING - 从cntrl.csv获取参数类型失败: 'NoneType' object has no attribute 'read_csv'
2025-10-30 20:52:19,962 - src.ui.main_window - WARNING - 从load.csv获取参数类型失败: 'NoneType' object has no attribute 'read_csv'
2025-10-30 20:52:19,962 - src.ui.main_window - WARNING - 从cntrl.csv获取参数类型失败: 'NoneType' object has no attribute 'read_csv'
2025-10-30 20:52:19,962 - src.ui.main_window - WARNING - 参数 #11 类型转换失败: could not convert string to float: 'defineBTC'
2025-10-30 20:52:19,962 - src.ui.main_window - WARNING - 从load.csv获取参数类型失败: 'NoneType' object has no attribute 'read_csv'
2025-10-30 20:52:19,963 - src.ui.main_window - WARNING - 从cntrl.csv获取参数类型失败: 'NoneType' object has no attribute 'read_csv'
2025-10-30 20:52:19,963 - src.ui.main_window - WARNING - 参数 #12 类型转换失败: could not convert string to float: 'defineTL'
2025-10-30 20:52:19,963 - src.ui.main_window - WARNING - 从load.csv获取参数类型失败: 'NoneType' object has no attribute 'read_csv'
2025-10-30 20:52:19,963 - src.ui.main_window - WARNING - 从cntrl.csv获取参数类型失败: 'NoneType' object has no attribute 'read_csv'
2025-10-30 20:52:19,964 - src.ui.main_window - WARNING - 从load.csv获取参数类型失败: 'NoneType' object has no attribute 'read_csv'
2025-10-30 20:52:19,964 - src.ui.main_window - WARNING - 从cntrl.csv获取参数类型失败: 'NoneType' object has no attribute 'read_csv'
2025-10-30 20:52:19,965 - src.ui.main_window - WARNING - 从load.csv获取参数类型失败: 'NoneType' object has no attribute 'read_csv'
2025-10-30 20:52:19,965 - src.ui.main_window - WARNING - 从cntrl.csv获取参数类型失败: 'NoneType' object has no attribute 'read_csv'
2025-10-30 20:52:19,966 - src.ui.main_window - WARNING - 从load.csv获取参数类型失败: 'NoneType' object has no attribute 'read_csv'
2025-10-30 20:52:19,966 - src.ui.main_window - WARNING - 从cntrl.csv获取参数类型失败: 'NoneType' object has no attribute 'read_csv'
2025-10-30 20:52:19,966 - src.ui.main_window - WARNING - 从load.csv获取参数类型失败: 'NoneType' object has no attribute 'read_csv'
2025-10-30 20:52:19,966 - src.ui.main_window - WARNING - 从cntrl.csv获取参数类型失败: 'NoneType' object has no attribute 'read_csv'
2025-10-30 20:52:19,966 - src.ui.main_window - WARNING - 从load.csv获取参数类型失败: 'NoneType' object has no attribute 'read_csv'
2025-10-30 20:52:19,966 - src.ui.main_window - WARNING - 从cntrl.csv获取参数类型失败: 'NoneType' object has no attribute 'read_csv'
2025-10-30 20:52:19,966 - src.ui.main_window - WARNING - 从load.csv获取参数类型失败: 'NoneType' object has no attribute 'read_csv'
2025-10-30 20:52:19,966 - src.ui.main_window - WARNING - 从cntrl.csv获取参数类型失败: 'NoneType' object has no attribute 'read_csv'
2025-10-30 20:52:19,966 - src.ui.main_window - WARNING - 从load.csv获取参数类型失败: 'NoneType' object has no attribute 'read_csv'
2025-10-30 20:52:19,966 - src.ui.main_window - WARNING - 从cntrl.csv获取参数类型失败: 'NoneType' object has no attribute 'read_csv'
2025-10-30 20:52:19,966 - src.ui.main_window - WARNING - 从load.csv获取参数类型失败: 'NoneType' object has no attribute 'read_csv'
2025-10-30 20:52:19,966 - src.ui.main_window - WARNING - 从cntrl.csv获取参数类型失败: 'NoneType' object has no attribute 'read_csv'
2025-10-30 20:52:19,966 - src.ui.main_window - WARNING - 从load.csv获取参数类型失败: 'NoneType' object has no attribute 'read_csv'
2025-10-30 20:52:19,966 - src.ui.main_window - WARNING - 从cntrl.csv获取参数类型失败: 'NoneType' object has no attribute 'read_csv'
2025-10-30 20:52:19,966 - src.ui.main_window - WARNING - 从load.csv获取参数类型失败: 'NoneType' object has no attribute 'read_csv'
2025-10-30 20:52:19,966 - src.ui.main_window - WARNING - 从cntrl.csv获取参数类型失败: 'NoneType' object has no attribute 'read_csv'
2025-10-30 20:52:19,966 - src.ui.main_window - WARNING - 从load.csv获取参数类型失败: 'NoneType' object has no attribute 'read_csv'
2025-10-30 20:52:19,966 - src.ui.main_window - WARNING - 从cntrl.csv获取参数类型失败: 'NoneType' object has no attribute 'read_csv'
2025-10-30 20:52:19,966 - src.ui.main_window - WARNING - 从load.csv获取参数类型失败: 'NoneType' object has no attribute 'read_csv'
2025-10-30 20:52:19,966 - src.ui.main_window - WARNING - 从cntrl.csv获取参数类型失败: 'NoneType' object has no attribute 'read_csv'
2025-10-30 20:52:19,966 - src.ui.main_window - WARNING - 从load.csv获取参数类型失败: 'NoneType' object has no attribute 'read_csv'
2025-10-30 20:52:19,971 - src.ui.main_window - WARNING - 从cntrl.csv获取参数类型失败: 'NoneType' object has no attribute 'read_csv'
2025-10-30 20:52:19,971 - src.ui.main_window - WARNING - 从load.csv获取参数类型失败: 'NoneType' object has no attribute 'read_csv'
2025-10-30 20:52:19,971 - src.ui.main_window - WARNING - 从cntrl.csv获取参数类型失败: 'NoneType' object has no attribute 'read_csv'
2025-10-30 20:52:19,971 - src.ui.main_window - WARNING - 从load.csv获取参数类型失败: 'NoneType' object has no attribute 'read_csv'
2025-10-30 20:52:19,971 - src.ui.main_window - WARNING - 从cntrl.csv获取参数类型失败: 'NoneType' object has no attribute 'read_csv'
2025-10-30 20:52:19,971 - src.ui.main_window - WARNING - 从load.csv获取参数类型失败: 'NoneType' object has no attribute 'read_csv'
2025-10-30 20:52:19,971 - src.ui.main_window - WARNING - 从cntrl.csv获取参数类型失败: 'NoneType' object has no attribute 'read_csv'
2025-10-30 20:52:19,971 - src.ui.main_window - WARNING - 从load.csv获取参数类型失败: 'NoneType' object has no attribute 'read_csv'
2025-10-30 20:52:19,971 - src.ui.main_window - WARNING - 从cntrl.csv获取参数类型失败: 'NoneType' object has no attribute 'read_csv'
2025-10-30 20:52:19,971 - src.ui.main_window - WARNING - 从load.csv获取参数类型失败: 'NoneType' object has no attribute 'read_csv'
2025-10-30 20:52:19,971 - src.ui.main_window - WARNING - 从cntrl.csv获取参数类型失败: 'NoneType' object has no attribute 'read_csv'
2025-10-30 20:52:19,971 - src.ui.main_window - WARNING - 从load.csv获取参数类型失败: 'NoneType' object has no attribute 'read_csv'
2025-10-30 20:52:19,971 - src.ui.main_window - WARNING - 从cntrl.csv获取参数类型失败: 'NoneType' object has no attribute 'read_csv'
2025-10-30 20:52:19,971 - src.ui.main_window - WARNING - 从load.csv获取参数类型失败: 'NoneType' object has no attribute 'read_csv'
2025-10-30 20:52:19,971 - src.ui.main_window - WARNING - 从cntrl.csv获取参数类型失败: 'NoneType' object has no attribute 'read_csv'
2025-10-30 20:52:19,971 - src.ui.main_window - WARNING - 从load.csv获取参数类型失败: 'NoneType' object has no attribute 'read_csv'
2025-10-30 20:52:19,971 - src.ui.main_window - WARNING - 从cntrl.csv获取参数类型失败: 'NoneType' object has no attribute 'read_csv'
2025-10-30 20:52:19,971 - src.ui.main_window - WARNING - 从load.csv获取参数类型失败: 'NoneType' object has no attribute 'read_csv'
2025-10-30 20:52:19,974 - src.ui.main_window - WARNING - 从cntrl.csv获取参数类型失败: 'NoneType' object has no attribute 'read_csv'
2025-10-30 20:52:19,974 - src.ui.main_window - WARNING - 从load.csv获取参数类型失败: 'NoneType' object has no attribute 'read_csv'
2025-10-30 20:52:19,974 - src.ui.main_window - WARNING - 从cntrl.csv获取参数类型失败: 'NoneType' object has no attribute 'read_csv'
2025-10-30 20:52:19,974 - src.ui.main_window - WARNING - 从load.csv获取参数类型失败: 'NoneType' object has no attribute 'read_csv'
2025-10-30 20:52:19,974 - src.ui.main_window - WARNING - 从cntrl.csv获取参数类型失败: 'NoneType' object has no attribute 'read_csv'
2025-10-30 20:52:19,975 - src.ui.main_window - WARNING - 从load.csv获取参数类型失败: 'NoneType' object has no attribute 'read_csv'
2025-10-30 20:52:19,975 - src.ui.main_window - WARNING - 从cntrl.csv获取参数类型失败: 'NoneType' object has no attribute 'read_csv'
2025-10-30 20:52:19,975 - src.ui.main_window - WARNING - 从load.csv获取参数类型失败: 'NoneType' object has no attribute 'read_csv'
2025-10-30 20:52:19,975 - src.ui.main_window - WARNING - 从cntrl.csv获取参数类型失败: 'NoneType' object has no attribute 'read_csv'
2025-10-30 20:52:19,975 - src.ui.main_window - WARNING - 从load.csv获取参数类型失败: 'NoneType' object has no attribute 'read_csv'
2025-10-30 20:52:19,975 - src.ui.main_window - WARNING - 从cntrl.csv获取参数类型失败: 'NoneType' object has no attribute 'read_csv'
2025-10-30 20:52:19,975 - src.ui.main_window - WARNING - 从load.csv获取参数类型失败: 'NoneType' object has no attribute 'read_csv'
2025-10-30 20:52:19,975 - src.ui.main_window - WARNING - 从cntrl.csv获取参数类型失败: 'NoneType' object has no attribute 'read_csv'
2025-10-30 20:52:19,975 - src.ui.main_window - WARNING - 从load.csv获取参数类型失败: 'NoneType' object has no attribute 'read_csv'
2025-10-30 20:52:19,976 - src.ui.main_window - WARNING - 从cntrl.csv获取参数类型失败: 'NoneType' object has no attribute 'read_csv'
2025-10-30 20:52:19,976 - src.ui.main_window - WARNING - 从load.csv获取参数类型失败: 'NoneType' object has no attribute 'read_csv'
2025-10-30 20:52:19,976 - src.ui.main_window - WARNING - 从cntrl.csv获取参数类型失败: 'NoneType' object has no attribute 'read_csv'
2025-10-30 20:52:19,976 - src.ui.main_window - WARNING - 从load.csv获取参数类型失败: 'NoneType' object has no attribute 'read_csv'
2025-10-30 20:52:19,976 - src.ui.main_window - WARNING - 从cntrl.csv获取参数类型失败: 'NoneType' object has no attribute 'read_csv'
2025-10-30 20:52:19,976 - src.ui.main_window - WARNING - 从load.csv获取参数类型失败: 'NoneType' object has no attribute 'read_csv'
2025-10-30 20:52:19,976 - src.ui.main_window - WARNING - 从cntrl.csv获取参数类型失败: 'NoneType' object has no attribute 'read_csv'
2025-10-30 20:52:19,976 - src.ui.main_window - WARNING - 从load.csv获取参数类型失败: 'NoneType' object has no attribute 'read_csv'
2025-10-30 20:52:19,976 - src.ui.main_window - WARNING - 从cntrl.csv获取参数类型失败: 'NoneType' object has no attribute 'read_csv'
2025-10-30 20:52:19,976 - src.ui.main_window - WARNING - 从load.csv获取参数类型失败: 'NoneType' object has no attribute 'read_csv'
2025-10-30 20:52:19,976 - src.ui.main_window - WARNING - 从cntrl.csv获取参数类型失败: 'NoneType' object has no attribute 'read_csv'
2025-10-30 20:52:19,976 - src.ui.main_window - WARNING - 从load.csv获取参数类型失败: 'NoneType' object has no attribute 'read_csv'
2025-10-30 20:52:19,976 - src.ui.main_window - WARNING - 从cntrl.csv获取参数类型失败: 'NoneType' object has no attribute 'read_csv'
2025-10-30 20:52:19,978 - src.ui.main_window - WARNING - 从load.csv获取参数类型失败: 'NoneType' object has no attribute 'read_csv'
2025-10-30 20:52:19,978 - src.ui.main_window - WARNING - 从cntrl.csv获取参数类型失败: 'NoneType' object has no attribute 'read_csv'
2025-10-30 20:52:19,978 - src.ui.main_window - WARNING - 从load.csv获取参数类型失败: 'NoneType' object has no attribute 'read_csv'
2025-10-30 20:52:19,978 - src.ui.main_window - WARNING - 从cntrl.csv获取参数类型失败: 'NoneType' object has no attribute 'read_csv'
2025-10-30 20:52:19,978 - src.ui.main_window - WARNING - 从load.csv获取参数类型失败: 'NoneType' object has no attribute 'read_csv'
2025-10-30 20:52:19,978 - src.ui.main_window - WARNING - 从cntrl.csv获取参数类型失败: 'NoneType' object has no attribute 'read_csv'
2025-10-30 20:52:19,978 - src.ui.main_window - WARNING - 从load.csv获取参数类型失败: 'NoneType' object has no attribute 'read_csv'
2025-10-30 20:52:19,978 - src.ui.main_window - WARNING - 从cntrl.csv获取参数类型失败: 'NoneType' object has no attribute 'read_csv'
2025-10-30 20:52:19,978 - src.ui.main_window - WARNING - 从load.csv获取参数类型失败: 'NoneType' object has no attribute 'read_csv'
2025-10-30 20:52:19,978 - src.ui.main_window - WARNING - 从cntrl.csv获取参数类型失败: 'NoneType' object has no attribute 'read_csv'
2025-10-30 20:52:19,978 - src.ui.main_window - WARNING - 从load.csv获取参数类型失败: 'NoneType' object has no attribute 'read_csv'
2025-10-30 20:52:19,978 - src.ui.main_window - WARNING - 从cntrl.csv获取参数类型失败: 'NoneType' object has no attribute 'read_csv'
2025-10-30 20:52:19,978 - src.ui.main_window - WARNING - 从load.csv获取参数类型失败: 'NoneType' object has no attribute 'read_csv'
2025-10-30 20:52:19,978 - src.ui.main_window - WARNING - 从cntrl.csv获取参数类型失败: 'NoneType' object has no attribute 'read_csv'
2025-10-30 20:52:19,978 - src.ui.main_window - WARNING - 从load.csv获取参数类型失败: 'NoneType' object has no attribute 'read_csv'
2025-10-30 20:52:19,978 - src.ui.main_window - WARNING - 从cntrl.csv获取参数类型失败: 'NoneType' object has no attribute 'read_csv'
2025-10-30 20:52:19,978 - src.ui.main_window - WARNING - 从load.csv获取参数类型失败: 'NoneType' object has no attribute 'read_csv'
2025-10-30 20:52:19,978 - src.ui.main_window - WARNING - 从cntrl.csv获取参数类型失败: 'NoneType' object has no attribute 'read_csv'
2025-10-30 20:52:19,978 - src.ui.main_window - WARNING - 从load.csv获取参数类型失败: 'NoneType' object has no attribute 'read_csv'
2025-10-30 20:52:19,978 - src.ui.main_window - WARNING - 从cntrl.csv获取参数类型失败: 'NoneType' object has no attribute 'read_csv'
2025-10-30 20:52:19,978 - src.ui.main_window - WARNING - 从load.csv获取参数类型失败: 'NoneType' object has no attribute 'read_csv'
2025-10-30 20:52:19,978 - src.ui.main_window - WARNING - 从cntrl.csv获取参数类型失败: 'NoneType' object has no attribute 'read_csv'
2025-10-30 20:52:19,978 - src.ui.main_window - WARNING - 从load.csv获取参数类型失败: 'NoneType' object has no attribute 'read_csv'
2025-10-30 20:52:19,978 - src.ui.main_window - WARNING - 从cntrl.csv获取参数类型失败: 'NoneType' object has no attribute 'read_csv'
2025-10-30 20:52:19,978 - src.ui.main_window - WARNING - 从load.csv获取参数类型失败: 'NoneType' object has no attribute 'read_csv'
2025-10-30 20:52:19,978 - src.ui.main_window - WARNING - 从cntrl.csv获取参数类型失败: 'NoneType' object has no attribute 'read_csv'
2025-10-30 20:52:19,978 - src.ui.main_window - WARNING - 从load.csv获取参数类型失败: 'NoneType' object has no attribute 'read_csv'
2025-10-30 20:52:19,978 - src.ui.main_window - WARNING - 从cntrl.csv获取参数类型失败: 'NoneType' object has no attribute 'read_csv'
2025-10-30 20:52:19,982 - src.ui.main_window - WARNING - 从load.csv获取参数类型失败: 'NoneType' object has no attribute 'read_csv'
2025-10-30 20:52:19,982 - src.ui.main_window - WARNING - 从cntrl.csv获取参数类型失败: 'NoneType' object has no attribute 'read_csv'
2025-10-30 20:52:19,982 - src.ui.main_window - WARNING - 从load.csv获取参数类型失败: 'NoneType' object has no attribute 'read_csv'
2025-10-30 20:52:19,982 - src.ui.main_window - WARNING - 从cntrl.csv获取参数类型失败: 'NoneType' object has no attribute 'read_csv'
2025-10-30 20:52:19,982 - src.ui.main_window - WARNING - 从load.csv获取参数类型失败: 'NoneType' object has no attribute 'read_csv'
2025-10-30 20:52:19,982 - src.ui.main_window - WARNING - 从cntrl.csv获取参数类型失败: 'NoneType' object has no attribute 'read_csv'
2025-10-30 20:52:19,982 - src.ui.main_window - WARNING - 从load.csv获取参数类型失败: 'NoneType' object has no attribute 'read_csv'
2025-10-30 20:52:19,982 - src.ui.main_window - WARNING - 从cntrl.csv获取参数类型失败: 'NoneType' object has no attribute 'read_csv'
2025-10-30 21:15:47,357 - src.communication.named_pipe - WARNING - 命名管道服务器未在运行
2025-10-30 21:15:47,357 - src.data.file_manager - INFO - 所有文件已关闭
2025-10-30 21:15:54,629 - DNCSystem - INFO - DNC Python 系统启动
2025-10-30 21:15:54,629 - src.core.config - INFO - 配置加载成功
2025-10-30 21:15:54,629 - src.data.csv_processor - INFO - CSV文件读取为字典成功: config\master\ini.csv, 共46行
2025-10-30 21:15:54,629 - src.data.csv_processor - INFO - CSV文件读取为字典成功: config\master\ini.csv, 共46行
2025-10-30 21:15:54,635 - src.data.csv_processor - INFO - CSV文件读取为字典成功: config\master\header.csv, 共5行
2025-10-30 21:15:54,636 - src.data.csv_processor - INFO - CSV文件读取为字典成功: config\master\type_define.csv, 共9行
2025-10-30 21:15:54,636 - src.data.csv_processor - INFO - CSV文件读取为字典成功: config\master\type_relation.csv, 共0行
2025-10-30 21:15:54,638 - src.data.csv_processor - INFO - CSV文件读取为字典成功: config\master\type_chngvl.csv, 共0行
2025-10-30 21:15:54,638 - src.data.csv_processor - INFO - CSV文件读取为字典成功: config\master\type_prg.csv, 共9行
2025-10-30 21:15:54,638 - src.data.csv_processor - INFO - CSV文件读取为字典成功: config\master\prg.csv, 共2行
2025-10-30 21:15:54,651 - DNCSystem - INFO - DNC Python 系统初始化成功
2025-10-30 21:15:55,567 - src.ui.main_window - INFO - 宏文件生成器初始化成功
2025-10-30 21:16:24,326 - src.ui.main_window - INFO - 参数已更新: {'basic': {'workpiece_name': '', 'workpiece_id': '', 'process_type': '铣削', 'precision': '普通'}, 'geometry': {'length': 0.0, 'width': 0.0, 'height': 0.0, 'diameter': 0.0, 'angle': 0.0}, 'process': {'spindle_speed': 0.0, 'feed_rate': 0.0, 'cut_depth': 0.0, 'cut_width': 0.0}, 'material': {'material_type': '碳钢', 'material_hardness': '软', 'material_strength': 0.0}, 'model': {'model_type': '自动识别', 'model_description': '12343@GPA20GT15040_A-H8@3', 'current_model': None}}
2025-10-30 21:16:24,340 - src.data.csv_processor - INFO - CSV文件读取为字典成功: config\master\ini.csv, 共46行
2025-10-30 21:16:24,340 - src.data.csv_processor - INFO - CSV文件读取为字典成功: config\master\header.csv, 共5行
2025-10-30 21:16:24,340 - src.ui.main_window - INFO - 型号识别完成: {'model': 'GPA20GT15040_A-H8', 'qr_code': '12343@GPA20GT15040_A-H8@3', 'po': '', 'quantity': '', 'recognition_mode': 'QR', 'confidence': 1.0, 'error_message': None}
2025-10-30 21:16:38,945 - src.ui.main_window - INFO - 转让按钮点击，参数: {'#1': '', '#2': '', '#3': '', '#4': '', '#5': '', '#6': '', '#7': '', '#8': '', '#9': '', '#10': '', '#11': 'defineBTC', '#12': 'defineTL', '#500': '', '#501': '1', '#502': '1', '#503': '关系1', '#504': '关系1', '#505': '', '#506': '', '#507': '', '#508': '选项1', '#509': '关系1', '#510': '关系1', '#511': '10.19', '#512': '9.68', '#513': '关系1', '#514': '', '#515': '', '#516': '关系1', '#517': '', '#518': '', '#519': '7', '#520': '', '#521': '', '#522': '关系1', '#523': '', '#524': '', '#525': '', '#526': '', '#527': '', '#528': '关系1', '#529': '', '#530': '', '#531': '', '#532': '', '#533': '', '#534': '', '#535': '', '#536': '', '#537': '', '#538': '', '#539': '', '#540': '', '#541': '', '#542': '', '#543': '', '#544': '', '#545': '关系1', '#546': '关系1', '#547': '关系1', '#548': '', '#549': '', '#550': '', '#602': False, '#603': '0', '#605': 'relationYSTA'}
2025-10-30 21:16:38,945 - src.ui.main_window - WARNING - CSV处理器不可用，使用默认类型推断
2025-10-30 21:16:38,945 - src.ui.main_window - WARNING - CSV处理器不可用，使用备用默认类型
2025-10-30 21:16:38,945 - src.ui.main_window - WARNING - CSV处理器不可用，使用默认类型推断
2025-10-30 21:16:38,945 - src.ui.main_window - WARNING - CSV处理器不可用，使用备用默认类型
2025-10-30 21:16:38,945 - src.ui.main_window - WARNING - CSV处理器不可用，使用默认类型推断
2025-10-30 21:16:38,945 - src.ui.main_window - WARNING - CSV处理器不可用，使用备用默认类型
2025-10-30 21:16:38,945 - src.ui.main_window - WARNING - CSV处理器不可用，使用默认类型推断
2025-10-30 21:16:38,945 - src.ui.main_window - WARNING - CSV处理器不可用，使用备用默认类型
2025-10-30 21:16:38,945 - src.ui.main_window - WARNING - CSV处理器不可用，使用默认类型推断
2025-10-30 21:16:38,945 - src.ui.main_window - WARNING - CSV处理器不可用，使用备用默认类型
2025-10-30 21:16:38,945 - src.ui.main_window - WARNING - CSV处理器不可用，使用默认类型推断
2025-10-30 21:16:38,945 - src.ui.main_window - WARNING - CSV处理器不可用，使用备用默认类型
2025-10-30 21:16:38,945 - src.ui.main_window - WARNING - CSV处理器不可用，使用默认类型推断
2025-10-30 21:16:38,945 - src.ui.main_window - WARNING - CSV处理器不可用，使用备用默认类型
2025-10-30 21:16:38,945 - src.ui.main_window - WARNING - CSV处理器不可用，使用默认类型推断
2025-10-30 21:16:38,945 - src.ui.main_window - WARNING - CSV处理器不可用，使用备用默认类型
2025-10-30 21:16:38,945 - src.ui.main_window - WARNING - CSV处理器不可用，使用默认类型推断
2025-10-30 21:16:38,945 - src.ui.main_window - WARNING - CSV处理器不可用，使用备用默认类型
2025-10-30 21:16:38,945 - src.ui.main_window - WARNING - CSV处理器不可用，使用默认类型推断
2025-10-30 21:16:38,945 - src.ui.main_window - WARNING - CSV处理器不可用，使用备用默认类型
2025-10-30 21:16:38,945 - src.ui.main_window - WARNING - CSV处理器不可用，使用默认类型推断
2025-10-30 21:16:38,945 - src.ui.main_window - WARNING - CSV处理器不可用，使用备用默认类型
2025-10-30 21:16:38,945 - src.ui.main_window - WARNING - CSV处理器不可用，使用默认类型推断
2025-10-30 21:16:38,945 - src.ui.main_window - WARNING - CSV处理器不可用，使用备用默认类型
2025-10-30 21:16:38,945 - src.ui.main_window - WARNING - CSV处理器不可用，使用默认类型推断
2025-10-30 21:16:38,945 - src.ui.main_window - WARNING - CSV处理器不可用，使用备用默认类型
2025-10-30 21:16:38,945 - src.ui.main_window - WARNING - CSV处理器不可用，使用默认类型推断
2025-10-30 21:16:38,945 - src.ui.main_window - WARNING - CSV处理器不可用，使用备用默认类型
2025-10-30 21:16:38,954 - src.ui.main_window - WARNING - CSV处理器不可用，使用默认类型推断
2025-10-30 21:16:38,954 - src.ui.main_window - WARNING - CSV处理器不可用，使用备用默认类型
2025-10-30 21:16:38,954 - src.ui.main_window - WARNING - CSV处理器不可用，使用默认类型推断
2025-10-30 21:16:38,954 - src.ui.main_window - WARNING - CSV处理器不可用，使用备用默认类型
2025-10-30 21:16:38,954 - src.ui.main_window - WARNING - CSV处理器不可用，使用默认类型推断
2025-10-30 21:16:38,954 - src.ui.main_window - WARNING - CSV处理器不可用，使用备用默认类型
2025-10-30 21:16:38,954 - src.ui.main_window - WARNING - CSV处理器不可用，使用默认类型推断
2025-10-30 21:16:38,955 - src.ui.main_window - WARNING - CSV处理器不可用，使用备用默认类型
2025-10-30 21:16:38,955 - src.ui.main_window - WARNING - CSV处理器不可用，使用默认类型推断
2025-10-30 21:16:38,955 - src.ui.main_window - WARNING - CSV处理器不可用，使用备用默认类型
2025-10-30 21:16:38,955 - src.ui.main_window - WARNING - CSV处理器不可用，使用默认类型推断
2025-10-30 21:16:38,955 - src.ui.main_window - WARNING - CSV处理器不可用，使用备用默认类型
2025-10-30 21:16:38,955 - src.ui.main_window - WARNING - CSV处理器不可用，使用默认类型推断
2025-10-30 21:16:38,956 - src.ui.main_window - WARNING - CSV处理器不可用，使用备用默认类型
2025-10-30 21:16:38,956 - src.ui.main_window - WARNING - CSV处理器不可用，使用默认类型推断
2025-10-30 21:16:38,956 - src.ui.main_window - WARNING - CSV处理器不可用，使用备用默认类型
2025-10-30 21:16:38,956 - src.ui.main_window - WARNING - CSV处理器不可用，使用默认类型推断
2025-10-30 21:16:38,956 - src.ui.main_window - WARNING - CSV处理器不可用，使用备用默认类型
2025-10-30 21:16:38,956 - src.ui.main_window - WARNING - CSV处理器不可用，使用默认类型推断
2025-10-30 21:16:38,956 - src.ui.main_window - WARNING - CSV处理器不可用，使用备用默认类型
2025-10-30 21:16:38,956 - src.ui.main_window - WARNING - CSV处理器不可用，使用默认类型推断
2025-10-30 21:16:38,957 - src.ui.main_window - WARNING - CSV处理器不可用，使用备用默认类型
2025-10-30 21:16:38,957 - src.ui.main_window - WARNING - CSV处理器不可用，使用默认类型推断
2025-10-30 21:16:38,957 - src.ui.main_window - WARNING - CSV处理器不可用，使用备用默认类型
2025-10-30 21:16:38,957 - src.ui.main_window - WARNING - CSV处理器不可用，使用默认类型推断
2025-10-30 21:16:38,957 - src.ui.main_window - WARNING - CSV处理器不可用，使用备用默认类型
2025-10-30 21:16:38,957 - src.ui.main_window - WARNING - CSV处理器不可用，使用默认类型推断
2025-10-30 21:16:38,957 - src.ui.main_window - WARNING - CSV处理器不可用，使用备用默认类型
2025-10-30 21:16:38,958 - src.ui.main_window - WARNING - CSV处理器不可用，使用默认类型推断
2025-10-30 21:16:38,958 - src.ui.main_window - WARNING - CSV处理器不可用，使用备用默认类型
2025-10-30 21:16:38,958 - src.ui.main_window - WARNING - CSV处理器不可用，使用默认类型推断
2025-10-30 21:16:38,958 - src.ui.main_window - WARNING - CSV处理器不可用，使用备用默认类型
2025-10-30 21:16:38,958 - src.ui.main_window - WARNING - CSV处理器不可用，使用默认类型推断
2025-10-30 21:16:38,958 - src.ui.main_window - WARNING - CSV处理器不可用，使用备用默认类型
2025-10-30 21:16:38,958 - src.ui.main_window - WARNING - CSV处理器不可用，使用默认类型推断
2025-10-30 21:16:38,958 - src.ui.main_window - WARNING - CSV处理器不可用，使用备用默认类型
2025-10-30 21:16:38,958 - src.ui.main_window - WARNING - CSV处理器不可用，使用默认类型推断
2025-10-30 21:16:38,958 - src.ui.main_window - WARNING - CSV处理器不可用，使用备用默认类型
2025-10-30 21:16:38,958 - src.ui.main_window - WARNING - CSV处理器不可用，使用默认类型推断
2025-10-30 21:16:38,958 - src.ui.main_window - WARNING - CSV处理器不可用，使用备用默认类型
2025-10-30 21:16:38,958 - src.ui.main_window - WARNING - CSV处理器不可用，使用默认类型推断
2025-10-30 21:16:38,958 - src.ui.main_window - WARNING - CSV处理器不可用，使用备用默认类型
2025-10-30 21:16:38,960 - src.ui.main_window - WARNING - CSV处理器不可用，使用默认类型推断
2025-10-30 21:16:38,960 - src.ui.main_window - WARNING - CSV处理器不可用，使用备用默认类型
2025-10-30 21:16:38,960 - src.ui.main_window - WARNING - CSV处理器不可用，使用默认类型推断
2025-10-30 21:16:38,960 - src.ui.main_window - WARNING - CSV处理器不可用，使用备用默认类型
2025-10-30 21:16:38,960 - src.ui.main_window - WARNING - CSV处理器不可用，使用默认类型推断
2025-10-30 21:16:38,960 - src.ui.main_window - WARNING - CSV处理器不可用，使用备用默认类型
2025-10-30 21:16:38,960 - src.ui.main_window - WARNING - CSV处理器不可用，使用默认类型推断
2025-10-30 21:16:38,961 - src.ui.main_window - WARNING - CSV处理器不可用，使用备用默认类型
2025-10-30 21:16:38,961 - src.ui.main_window - WARNING - CSV处理器不可用，使用默认类型推断
2025-10-30 21:16:38,961 - src.ui.main_window - WARNING - CSV处理器不可用，使用备用默认类型
2025-10-30 21:16:38,961 - src.ui.main_window - WARNING - CSV处理器不可用，使用默认类型推断
2025-10-30 21:16:38,961 - src.ui.main_window - WARNING - CSV处理器不可用，使用备用默认类型
2025-10-30 21:16:38,961 - src.ui.main_window - WARNING - CSV处理器不可用，使用默认类型推断
2025-10-30 21:16:38,961 - src.ui.main_window - WARNING - CSV处理器不可用，使用备用默认类型
2025-10-30 21:16:38,962 - src.ui.main_window - WARNING - CSV处理器不可用，使用默认类型推断
2025-10-30 21:16:38,962 - src.ui.main_window - WARNING - CSV处理器不可用，使用备用默认类型
2025-10-30 21:16:38,962 - src.ui.main_window - WARNING - CSV处理器不可用，使用默认类型推断
2025-10-30 21:16:38,962 - src.ui.main_window - WARNING - CSV处理器不可用，使用备用默认类型
2025-10-30 21:16:38,962 - src.ui.main_window - WARNING - CSV处理器不可用，使用默认类型推断
2025-10-30 21:16:38,962 - src.ui.main_window - WARNING - CSV处理器不可用，使用备用默认类型
2025-10-30 21:16:38,962 - src.ui.main_window - WARNING - CSV处理器不可用，使用默认类型推断
2025-10-30 21:16:38,962 - src.ui.main_window - WARNING - CSV处理器不可用，使用备用默认类型
2025-10-30 21:16:38,963 - src.ui.main_window - WARNING - CSV处理器不可用，使用默认类型推断
2025-10-30 21:16:38,963 - src.ui.main_window - WARNING - CSV处理器不可用，使用备用默认类型
2025-10-30 21:16:38,963 - src.ui.main_window - WARNING - CSV处理器不可用，使用默认类型推断
2025-10-30 21:16:38,964 - src.ui.main_window - WARNING - CSV处理器不可用，使用备用默认类型
2025-10-30 21:16:38,964 - src.ui.main_window - WARNING - CSV处理器不可用，使用默认类型推断
2025-10-30 21:16:38,964 - src.ui.main_window - WARNING - CSV处理器不可用，使用备用默认类型
2025-10-30 21:16:38,964 - src.ui.main_window - WARNING - CSV处理器不可用，使用默认类型推断
2025-10-30 21:16:38,964 - src.ui.main_window - WARNING - CSV处理器不可用，使用备用默认类型
2025-10-30 21:16:38,964 - src.ui.main_window - WARNING - CSV处理器不可用，使用默认类型推断
2025-10-30 21:16:38,964 - src.ui.main_window - WARNING - CSV处理器不可用，使用备用默认类型
2025-10-30 21:16:38,964 - src.ui.main_window - WARNING - CSV处理器不可用，使用默认类型推断
2025-10-30 21:16:38,964 - src.ui.main_window - WARNING - CSV处理器不可用，使用备用默认类型
2025-10-30 21:16:38,965 - src.ui.main_window - WARNING - CSV处理器不可用，使用默认类型推断
2025-10-30 21:16:38,965 - src.ui.main_window - WARNING - CSV处理器不可用，使用备用默认类型
2025-10-30 21:16:38,965 - src.ui.main_window - WARNING - CSV处理器不可用，使用默认类型推断
2025-10-30 21:16:38,965 - src.ui.main_window - WARNING - CSV处理器不可用，使用备用默认类型
2025-10-30 21:16:38,965 - src.ui.main_window - WARNING - CSV处理器不可用，使用默认类型推断
2025-10-30 21:16:38,965 - src.ui.main_window - WARNING - CSV处理器不可用，使用备用默认类型
2025-10-30 21:16:38,965 - src.ui.main_window - WARNING - CSV处理器不可用，使用默认类型推断
2025-10-30 21:16:38,965 - src.ui.main_window - WARNING - CSV处理器不可用，使用备用默认类型
2025-10-30 21:16:38,965 - src.ui.main_window - WARNING - CSV处理器不可用，使用默认类型推断
2025-10-30 21:16:38,965 - src.ui.main_window - WARNING - CSV处理器不可用，使用备用默认类型
2025-10-30 21:16:38,965 - src.ui.main_window - WARNING - CSV处理器不可用，使用默认类型推断
2025-10-30 21:16:38,965 - src.ui.main_window - WARNING - CSV处理器不可用，使用备用默认类型
2025-10-30 21:16:38,965 - src.ui.main_window - WARNING - CSV处理器不可用，使用默认类型推断
2025-10-30 21:16:38,965 - src.ui.main_window - WARNING - CSV处理器不可用，使用备用默认类型
2025-10-30 21:16:38,965 - src.ui.main_window - WARNING - CSV处理器不可用，使用默认类型推断
2025-10-30 21:16:38,965 - src.ui.main_window - WARNING - CSV处理器不可用，使用备用默认类型
2025-10-30 21:16:38,965 - src.ui.main_window - WARNING - CSV处理器不可用，使用默认类型推断
2025-10-30 21:16:38,967 - src.ui.main_window - WARNING - CSV处理器不可用，使用备用默认类型
2025-10-30 21:16:38,967 - src.ui.main_window - WARNING - CSV处理器不可用，使用默认类型推断
2025-10-30 21:16:38,967 - src.ui.main_window - WARNING - CSV处理器不可用，使用备用默认类型
2025-10-30 21:16:38,968 - src.ui.main_window - WARNING - CSV处理器不可用，使用默认类型推断
2025-10-30 21:16:38,968 - src.ui.main_window - WARNING - CSV处理器不可用，使用备用默认类型
2025-10-30 21:16:38,968 - src.ui.main_window - WARNING - CSV处理器不可用，使用默认类型推断
2025-10-30 21:16:38,968 - src.ui.main_window - WARNING - CSV处理器不可用，使用备用默认类型
2025-10-30 21:16:38,968 - src.ui.main_window - WARNING - CSV处理器不可用，使用默认类型推断
2025-10-30 21:16:38,968 - src.ui.main_window - WARNING - CSV处理器不可用，使用备用默认类型
2025-10-30 21:16:38,969 - src.ui.main_window - WARNING - CSV处理器不可用，使用默认类型推断
2025-10-30 21:16:38,969 - src.ui.main_window - WARNING - CSV处理器不可用，使用备用默认类型
2025-10-30 21:19:07,572 - src.communication.named_pipe - WARNING - 命名管道服务器未在运行
2025-10-30 21:19:07,572 - src.data.file_manager - INFO - 所有文件已关闭
2025-10-30 21:50:44,042 - DNCSystem - INFO - DNC Python 系统启动
2025-10-30 21:50:44,042 - src.core.config - INFO - 配置加载成功
2025-10-30 21:50:44,042 - src.data.csv_processor - INFO - CSV文件读取为字典成功: config\master\ini.csv, 共46行
2025-10-30 21:50:44,042 - src.data.csv_processor - INFO - CSV文件读取为字典成功: config\master\ini.csv, 共46行
2025-10-30 21:50:44,042 - src.data.csv_processor - INFO - CSV文件读取为字典成功: config\master\header.csv, 共5行
2025-10-30 21:50:44,050 - src.data.csv_processor - INFO - CSV文件读取为字典成功: config\master\type_define.csv, 共9行
2025-10-30 21:50:44,050 - src.data.csv_processor - INFO - CSV文件读取为字典成功: config\master\type_relation.csv, 共0行
2025-10-30 21:50:44,052 - src.data.csv_processor - INFO - CSV文件读取为字典成功: config\master\type_chngvl.csv, 共0行
2025-10-30 21:50:44,053 - src.data.csv_processor - INFO - CSV文件读取为字典成功: config\master\type_prg.csv, 共9行
2025-10-30 21:50:44,053 - src.data.csv_processor - INFO - CSV文件读取为字典成功: config\master\prg.csv, 共2行
2025-10-30 21:50:44,064 - DNCSystem - INFO - DNC Python 系统初始化成功
2025-10-30 21:50:44,467 - src.ui.main_window - INFO - 宏文件生成器初始化成功
2025-10-30 21:51:18,020 - src.ui.main_window - INFO - 参数已更新: {'basic': {'workpiece_name': '', 'workpiece_id': '', 'process_type': '铣削', 'precision': '普通'}, 'geometry': {'length': 0.0, 'width': 0.0, 'height': 0.0, 'diameter': 0.0, 'angle': 0.0}, 'process': {'spindle_speed': 0.0, 'feed_rate': 0.0, 'cut_depth': 0.0, 'cut_width': 0.0}, 'material': {'material_type': '碳钢', 'material_hardness': '软', 'material_strength': 0.0}, 'model': {'model_type': '自动识别', 'model_description': '123@GPA20GT15040_A-H8@5', 'current_model': None}}
2025-10-30 21:51:18,025 - src.data.csv_processor - INFO - CSV文件读取为字典成功: config\master\ini.csv, 共46行
2025-10-30 21:51:18,025 - src.data.csv_processor - INFO - CSV文件读取为字典成功: config\master\header.csv, 共5行
2025-10-30 21:51:18,030 - src.ui.main_window - INFO - 型号识别完成: {'model': 'GPA20GT15040_A-H8', 'qr_code': '123@GPA20GT15040_A-H8@5', 'po': '', 'quantity': '', 'recognition_mode': 'QR', 'confidence': 1.0, 'error_message': None}
2025-10-30 21:51:24,216 - src.ui.main_window - INFO - 转让按钮点击，参数: {'#1': '', '#2': '', '#3': '', '#4': '', '#5': '', '#6': '', '#7': '', '#8': '', '#9': '', '#10': '', '#11': 'defineBTC', '#12': 'defineTL', '#500': '', '#501': '1', '#502': '1', '#503': '关系1', '#504': '关系1', '#505': '', '#506': '', '#507': '', '#508': '选项1', '#509': '关系1', '#510': '关系1', '#511': '10.19', '#512': '9.68', '#513': '关系1', '#514': '', '#515': '', '#516': '关系1', '#517': '', '#518': '', '#519': '7', '#520': '', '#521': '', '#522': '关系1', '#523': '', '#524': '', '#525': '', '#526': '', '#527': '', '#528': '关系1', '#529': '', '#530': '', '#531': '', '#532': '', '#533': '', '#534': '', '#535': '', '#536': '', '#537': '', '#538': '', '#539': '', '#540': '', '#541': '', '#542': '', '#543': '', '#544': '', '#545': '关系1', '#546': '关系1', '#547': '关系1', '#548': '', '#549': '', '#550': '', '#602': False, '#603': '0', '#605': 'relationYSTA'}
2025-10-30 21:51:24,216 - src.data.csv_processor - INFO - CSV文件读取成功: config/master/prg1/load.csv, 共11行
2025-10-30 21:51:24,216 - src.ui.main_window - WARNING - 从load.csv获取参数类型失败: 'list' object has no attribute 'get'
2025-10-30 21:51:24,216 - src.data.csv_processor - INFO - CSV文件读取成功: config/master/prg1/cntrl.csv, 共67行
2025-10-30 21:51:24,216 - src.ui.main_window - WARNING - 从cntrl.csv获取参数类型失败: 'list' object has no attribute 'get'
2025-10-30 21:51:24,216 - src.data.csv_processor - INFO - CSV文件读取成功: config/master/prg1/load.csv, 共11行
2025-10-30 21:51:24,216 - src.ui.main_window - WARNING - 从load.csv获取参数类型失败: 'list' object has no attribute 'get'
2025-10-30 21:51:24,216 - src.data.csv_processor - INFO - CSV文件读取成功: config/master/prg1/cntrl.csv, 共67行
2025-10-30 21:51:24,216 - src.ui.main_window - WARNING - 从cntrl.csv获取参数类型失败: 'list' object has no attribute 'get'
2025-10-30 21:51:24,216 - src.data.csv_processor - INFO - CSV文件读取成功: config/master/prg1/load.csv, 共11行
2025-10-30 21:51:24,216 - src.ui.main_window - WARNING - 从load.csv获取参数类型失败: 'list' object has no attribute 'get'
2025-10-30 21:51:24,216 - src.data.csv_processor - INFO - CSV文件读取成功: config/master/prg1/cntrl.csv, 共67行
2025-10-30 21:51:24,216 - src.ui.main_window - WARNING - 从cntrl.csv获取参数类型失败: 'list' object has no attribute 'get'
2025-10-30 21:51:24,223 - src.data.csv_processor - INFO - CSV文件读取成功: config/master/prg1/load.csv, 共11行
2025-10-30 21:51:24,223 - src.ui.main_window - WARNING - 从load.csv获取参数类型失败: 'list' object has no attribute 'get'
2025-10-30 21:51:24,223 - src.data.csv_processor - INFO - CSV文件读取成功: config/master/prg1/cntrl.csv, 共67行
2025-10-30 21:51:24,224 - src.ui.main_window - WARNING - 从cntrl.csv获取参数类型失败: 'list' object has no attribute 'get'
2025-10-30 21:51:24,225 - src.data.csv_processor - INFO - CSV文件读取成功: config/master/prg1/load.csv, 共11行
2025-10-30 21:51:24,225 - src.ui.main_window - WARNING - 从load.csv获取参数类型失败: 'list' object has no attribute 'get'
2025-10-30 21:51:24,225 - src.data.csv_processor - INFO - CSV文件读取成功: config/master/prg1/cntrl.csv, 共67行
2025-10-30 21:51:24,226 - src.ui.main_window - WARNING - 从cntrl.csv获取参数类型失败: 'list' object has no attribute 'get'
2025-10-30 21:51:24,226 - src.data.csv_processor - INFO - CSV文件读取成功: config/master/prg1/load.csv, 共11行
2025-10-30 21:51:24,227 - src.ui.main_window - WARNING - 从load.csv获取参数类型失败: 'list' object has no attribute 'get'
2025-10-30 21:51:24,227 - src.data.csv_processor - INFO - CSV文件读取成功: config/master/prg1/cntrl.csv, 共67行
2025-10-30 21:51:24,227 - src.ui.main_window - WARNING - 从cntrl.csv获取参数类型失败: 'list' object has no attribute 'get'
2025-10-30 21:51:24,227 - src.data.csv_processor - INFO - CSV文件读取成功: config/master/prg1/load.csv, 共11行
2025-10-30 21:51:24,227 - src.ui.main_window - WARNING - 从load.csv获取参数类型失败: 'list' object has no attribute 'get'
2025-10-30 21:51:24,227 - src.data.csv_processor - INFO - CSV文件读取成功: config/master/prg1/cntrl.csv, 共67行
2025-10-30 21:51:24,227 - src.ui.main_window - WARNING - 从cntrl.csv获取参数类型失败: 'list' object has no attribute 'get'
2025-10-30 21:51:24,227 - src.data.csv_processor - INFO - CSV文件读取成功: config/master/prg1/load.csv, 共11行
2025-10-30 21:51:24,227 - src.ui.main_window - WARNING - 从load.csv获取参数类型失败: 'list' object has no attribute 'get'
2025-10-30 21:51:24,227 - src.data.csv_processor - INFO - CSV文件读取成功: config/master/prg1/cntrl.csv, 共67行
2025-10-30 21:51:24,227 - src.ui.main_window - WARNING - 从cntrl.csv获取参数类型失败: 'list' object has no attribute 'get'
2025-10-30 21:51:24,227 - src.data.csv_processor - INFO - CSV文件读取成功: config/master/prg1/load.csv, 共11行
2025-10-30 21:51:24,227 - src.ui.main_window - WARNING - 从load.csv获取参数类型失败: 'list' object has no attribute 'get'
2025-10-30 21:51:24,227 - src.data.csv_processor - INFO - CSV文件读取成功: config/master/prg1/cntrl.csv, 共67行
2025-10-30 21:51:24,227 - src.ui.main_window - WARNING - 从cntrl.csv获取参数类型失败: 'list' object has no attribute 'get'
2025-10-30 21:51:24,233 - src.data.csv_processor - INFO - CSV文件读取成功: config/master/prg1/load.csv, 共11行
2025-10-30 21:51:24,233 - src.ui.main_window - WARNING - 从load.csv获取参数类型失败: 'list' object has no attribute 'get'
2025-10-30 21:51:24,233 - src.data.csv_processor - INFO - CSV文件读取成功: config/master/prg1/cntrl.csv, 共67行
2025-10-30 21:51:24,234 - src.ui.main_window - WARNING - 从cntrl.csv获取参数类型失败: 'list' object has no attribute 'get'
2025-10-30 21:51:24,234 - src.data.csv_processor - INFO - CSV文件读取成功: config/master/prg1/load.csv, 共11行
2025-10-30 21:51:24,234 - src.ui.main_window - WARNING - 从load.csv获取参数类型失败: 'list' object has no attribute 'get'
2025-10-30 21:51:24,234 - src.data.csv_processor - INFO - CSV文件读取成功: config/master/prg1/cntrl.csv, 共67行
2025-10-30 21:51:24,234 - src.ui.main_window - WARNING - 从cntrl.csv获取参数类型失败: 'list' object has no attribute 'get'
2025-10-30 21:51:24,236 - src.data.csv_processor - INFO - CSV文件读取成功: config/master/prg1/load.csv, 共11行
2025-10-30 21:51:24,236 - src.ui.main_window - WARNING - 从load.csv获取参数类型失败: 'list' object has no attribute 'get'
2025-10-30 21:51:24,236 - src.data.csv_processor - INFO - CSV文件读取成功: config/master/prg1/cntrl.csv, 共67行
2025-10-30 21:51:24,236 - src.ui.main_window - WARNING - 从cntrl.csv获取参数类型失败: 'list' object has no attribute 'get'
2025-10-30 21:51:24,237 - src.data.csv_processor - INFO - CSV文件读取成功: config/master/prg1/load.csv, 共11行
2025-10-30 21:51:24,237 - src.ui.main_window - WARNING - 从load.csv获取参数类型失败: 'list' object has no attribute 'get'
2025-10-30 21:51:24,237 - src.data.csv_processor - INFO - CSV文件读取成功: config/master/prg1/cntrl.csv, 共67行
2025-10-30 21:51:24,237 - src.ui.main_window - WARNING - 从cntrl.csv获取参数类型失败: 'list' object has no attribute 'get'
2025-10-30 21:51:24,238 - src.data.csv_processor - INFO - CSV文件读取成功: config/master/prg1/load.csv, 共11行
2025-10-30 21:51:24,238 - src.ui.main_window - WARNING - 从load.csv获取参数类型失败: 'list' object has no attribute 'get'
2025-10-30 21:51:24,239 - src.data.csv_processor - INFO - CSV文件读取成功: config/master/prg1/cntrl.csv, 共67行
2025-10-30 21:51:24,239 - src.ui.main_window - WARNING - 从cntrl.csv获取参数类型失败: 'list' object has no attribute 'get'
2025-10-30 21:51:24,239 - src.data.csv_processor - INFO - CSV文件读取成功: config/master/prg1/load.csv, 共11行
2025-10-30 21:51:24,240 - src.ui.main_window - WARNING - 从load.csv获取参数类型失败: 'list' object has no attribute 'get'
2025-10-30 21:51:24,240 - src.data.csv_processor - INFO - CSV文件读取成功: config/master/prg1/cntrl.csv, 共67行
2025-10-30 21:51:24,240 - src.ui.main_window - WARNING - 从cntrl.csv获取参数类型失败: 'list' object has no attribute 'get'
2025-10-30 21:51:24,240 - src.data.csv_processor - INFO - CSV文件读取成功: config/master/prg1/load.csv, 共11行
2025-10-30 21:51:24,240 - src.ui.main_window - WARNING - 从load.csv获取参数类型失败: 'list' object has no attribute 'get'
2025-10-30 21:51:24,240 - src.data.csv_processor - INFO - CSV文件读取成功: config/master/prg1/cntrl.csv, 共67行
2025-10-30 21:51:24,240 - src.ui.main_window - WARNING - 从cntrl.csv获取参数类型失败: 'list' object has no attribute 'get'
2025-10-30 21:51:24,243 - src.data.csv_processor - INFO - CSV文件读取成功: config/master/prg1/load.csv, 共11行
2025-10-30 21:51:24,243 - src.ui.main_window - WARNING - 从load.csv获取参数类型失败: 'list' object has no attribute 'get'
2025-10-30 21:51:24,243 - src.data.csv_processor - INFO - CSV文件读取成功: config/master/prg1/cntrl.csv, 共67行
2025-10-30 21:51:24,243 - src.ui.main_window - WARNING - 从cntrl.csv获取参数类型失败: 'list' object has no attribute 'get'
2025-10-30 21:51:24,244 - src.data.csv_processor - INFO - CSV文件读取成功: config/master/prg1/load.csv, 共11行
2025-10-30 21:51:24,244 - src.ui.main_window - WARNING - 从load.csv获取参数类型失败: 'list' object has no attribute 'get'
2025-10-30 21:51:24,244 - src.data.csv_processor - INFO - CSV文件读取成功: config/master/prg1/cntrl.csv, 共67行
2025-10-30 21:51:24,245 - src.ui.main_window - WARNING - 从cntrl.csv获取参数类型失败: 'list' object has no attribute 'get'
2025-10-30 21:51:24,245 - src.data.csv_processor - INFO - CSV文件读取成功: config/master/prg1/load.csv, 共11行
2025-10-30 21:51:24,245 - src.ui.main_window - WARNING - 从load.csv获取参数类型失败: 'list' object has no attribute 'get'
2025-10-30 21:51:24,245 - src.data.csv_processor - INFO - CSV文件读取成功: config/master/prg1/cntrl.csv, 共67行
2025-10-30 21:51:24,246 - src.ui.main_window - WARNING - 从cntrl.csv获取参数类型失败: 'list' object has no attribute 'get'
2025-10-30 21:51:24,246 - src.data.csv_processor - INFO - CSV文件读取成功: config/master/prg1/load.csv, 共11行
2025-10-30 21:51:24,246 - src.ui.main_window - WARNING - 从load.csv获取参数类型失败: 'list' object has no attribute 'get'
2025-10-30 21:51:24,246 - src.data.csv_processor - INFO - CSV文件读取成功: config/master/prg1/cntrl.csv, 共67行
2025-10-30 21:51:24,247 - src.ui.main_window - WARNING - 从cntrl.csv获取参数类型失败: 'list' object has no attribute 'get'
2025-10-30 21:51:24,247 - src.data.csv_processor - INFO - CSV文件读取成功: config/master/prg1/load.csv, 共11行
2025-10-30 21:51:24,247 - src.ui.main_window - WARNING - 从load.csv获取参数类型失败: 'list' object has no attribute 'get'
2025-10-30 21:51:24,248 - src.data.csv_processor - INFO - CSV文件读取成功: config/master/prg1/cntrl.csv, 共67行
2025-10-30 21:51:24,248 - src.ui.main_window - WARNING - 从cntrl.csv获取参数类型失败: 'list' object has no attribute 'get'
2025-10-30 21:51:24,248 - src.data.csv_processor - INFO - CSV文件读取成功: config/master/prg1/load.csv, 共11行
2025-10-30 21:51:24,248 - src.ui.main_window - WARNING - 从load.csv获取参数类型失败: 'list' object has no attribute 'get'
2025-10-30 21:51:24,248 - src.data.csv_processor - INFO - CSV文件读取成功: config/master/prg1/cntrl.csv, 共67行
2025-10-30 21:51:24,248 - src.ui.main_window - WARNING - 从cntrl.csv获取参数类型失败: 'list' object has no attribute 'get'
2025-10-30 21:51:24,248 - src.data.csv_processor - INFO - CSV文件读取成功: config/master/prg1/load.csv, 共11行
2025-10-30 21:51:24,248 - src.ui.main_window - WARNING - 从load.csv获取参数类型失败: 'list' object has no attribute 'get'
2025-10-30 21:51:24,248 - src.data.csv_processor - INFO - CSV文件读取成功: config/master/prg1/cntrl.csv, 共67行
2025-10-30 21:51:24,248 - src.ui.main_window - WARNING - 从cntrl.csv获取参数类型失败: 'list' object has no attribute 'get'
2025-10-30 21:51:24,248 - src.data.csv_processor - INFO - CSV文件读取成功: config/master/prg1/load.csv, 共11行
2025-10-30 21:51:24,248 - src.ui.main_window - WARNING - 从load.csv获取参数类型失败: 'list' object has no attribute 'get'
2025-10-30 21:51:24,248 - src.data.csv_processor - INFO - CSV文件读取成功: config/master/prg1/cntrl.csv, 共67行
2025-10-30 21:51:24,248 - src.ui.main_window - WARNING - 从cntrl.csv获取参数类型失败: 'list' object has no attribute 'get'
2025-10-30 21:51:24,248 - src.data.csv_processor - INFO - CSV文件读取成功: config/master/prg1/load.csv, 共11行
2025-10-30 21:51:24,248 - src.ui.main_window - WARNING - 从load.csv获取参数类型失败: 'list' object has no attribute 'get'
2025-10-30 21:51:24,248 - src.data.csv_processor - INFO - CSV文件读取成功: config/master/prg1/cntrl.csv, 共67行
2025-10-30 21:51:24,248 - src.ui.main_window - WARNING - 从cntrl.csv获取参数类型失败: 'list' object has no attribute 'get'
2025-10-30 21:51:24,248 - src.data.csv_processor - INFO - CSV文件读取成功: config/master/prg1/load.csv, 共11行
2025-10-30 21:51:24,248 - src.ui.main_window - WARNING - 从load.csv获取参数类型失败: 'list' object has no attribute 'get'
2025-10-30 21:51:24,248 - src.data.csv_processor - INFO - CSV文件读取成功: config/master/prg1/cntrl.csv, 共67行
2025-10-30 21:51:24,248 - src.ui.main_window - WARNING - 从cntrl.csv获取参数类型失败: 'list' object has no attribute 'get'
2025-10-30 21:51:24,252 - src.data.csv_processor - INFO - CSV文件读取成功: config/master/prg1/load.csv, 共11行
2025-10-30 21:51:24,252 - src.ui.main_window - WARNING - 从load.csv获取参数类型失败: 'list' object has no attribute 'get'
2025-10-30 21:51:24,252 - src.data.csv_processor - INFO - CSV文件读取成功: config/master/prg1/cntrl.csv, 共67行
2025-10-30 21:51:24,252 - src.ui.main_window - WARNING - 从cntrl.csv获取参数类型失败: 'list' object has no attribute 'get'
2025-10-30 21:51:24,253 - src.data.csv_processor - INFO - CSV文件读取成功: config/master/prg1/load.csv, 共11行
2025-10-30 21:51:24,253 - src.ui.main_window - WARNING - 从load.csv获取参数类型失败: 'list' object has no attribute 'get'
2025-10-30 21:51:24,253 - src.data.csv_processor - INFO - CSV文件读取成功: config/master/prg1/cntrl.csv, 共67行
2025-10-30 21:51:24,253 - src.ui.main_window - WARNING - 从cntrl.csv获取参数类型失败: 'list' object has no attribute 'get'
2025-10-30 21:51:24,253 - src.data.csv_processor - INFO - CSV文件读取成功: config/master/prg1/load.csv, 共11行
2025-10-30 21:51:24,253 - src.ui.main_window - WARNING - 从load.csv获取参数类型失败: 'list' object has no attribute 'get'
2025-10-30 21:51:24,255 - src.data.csv_processor - INFO - CSV文件读取成功: config/master/prg1/cntrl.csv, 共67行
2025-10-30 21:51:24,255 - src.ui.main_window - WARNING - 从cntrl.csv获取参数类型失败: 'list' object has no attribute 'get'
2025-10-30 21:51:24,255 - src.data.csv_processor - INFO - CSV文件读取成功: config/master/prg1/load.csv, 共11行
2025-10-30 21:51:24,255 - src.ui.main_window - WARNING - 从load.csv获取参数类型失败: 'list' object has no attribute 'get'
2025-10-30 21:51:24,255 - src.data.csv_processor - INFO - CSV文件读取成功: config/master/prg1/cntrl.csv, 共67行
2025-10-30 21:51:24,255 - src.ui.main_window - WARNING - 从cntrl.csv获取参数类型失败: 'list' object has no attribute 'get'
2025-10-30 21:51:24,256 - src.data.csv_processor - INFO - CSV文件读取成功: config/master/prg1/load.csv, 共11行
2025-10-30 21:51:24,256 - src.ui.main_window - WARNING - 从load.csv获取参数类型失败: 'list' object has no attribute 'get'
2025-10-30 21:51:24,257 - src.data.csv_processor - INFO - CSV文件读取成功: config/master/prg1/cntrl.csv, 共67行
2025-10-30 21:51:24,257 - src.ui.main_window - WARNING - 从cntrl.csv获取参数类型失败: 'list' object has no attribute 'get'
2025-10-30 21:51:24,257 - src.data.csv_processor - INFO - CSV文件读取成功: config/master/prg1/load.csv, 共11行
2025-10-30 21:51:24,257 - src.ui.main_window - WARNING - 从load.csv获取参数类型失败: 'list' object has no attribute 'get'
2025-10-30 21:51:24,258 - src.data.csv_processor - INFO - CSV文件读取成功: config/master/prg1/cntrl.csv, 共67行
2025-10-30 21:51:24,258 - src.ui.main_window - WARNING - 从cntrl.csv获取参数类型失败: 'list' object has no attribute 'get'
2025-10-30 21:51:24,258 - src.data.csv_processor - INFO - CSV文件读取成功: config/master/prg1/load.csv, 共11行
2025-10-30 21:51:24,258 - src.ui.main_window - WARNING - 从load.csv获取参数类型失败: 'list' object has no attribute 'get'
2025-10-30 21:51:24,258 - src.data.csv_processor - INFO - CSV文件读取成功: config/master/prg1/cntrl.csv, 共67行
2025-10-30 21:51:24,258 - src.ui.main_window - WARNING - 从cntrl.csv获取参数类型失败: 'list' object has no attribute 'get'
2025-10-30 21:51:24,259 - src.data.csv_processor - INFO - CSV文件读取成功: config/master/prg1/load.csv, 共11行
2025-10-30 21:51:24,259 - src.ui.main_window - WARNING - 从load.csv获取参数类型失败: 'list' object has no attribute 'get'
2025-10-30 21:51:24,259 - src.data.csv_processor - INFO - CSV文件读取成功: config/master/prg1/cntrl.csv, 共67行
2025-10-30 21:51:24,259 - src.ui.main_window - WARNING - 从cntrl.csv获取参数类型失败: 'list' object has no attribute 'get'
2025-10-30 21:51:24,259 - src.data.csv_processor - INFO - CSV文件读取成功: config/master/prg1/load.csv, 共11行
2025-10-30 21:51:24,259 - src.ui.main_window - WARNING - 从load.csv获取参数类型失败: 'list' object has no attribute 'get'
2025-10-30 21:51:24,259 - src.data.csv_processor - INFO - CSV文件读取成功: config/master/prg1/cntrl.csv, 共67行
2025-10-30 21:51:24,259 - src.ui.main_window - WARNING - 从cntrl.csv获取参数类型失败: 'list' object has no attribute 'get'
2025-10-30 21:51:24,259 - src.data.csv_processor - INFO - CSV文件读取成功: config/master/prg1/load.csv, 共11行
2025-10-30 21:51:24,259 - src.ui.main_window - WARNING - 从load.csv获取参数类型失败: 'list' object has no attribute 'get'
2025-10-30 21:51:24,259 - src.data.csv_processor - INFO - CSV文件读取成功: config/master/prg1/cntrl.csv, 共67行
2025-10-30 21:51:24,259 - src.ui.main_window - WARNING - 从cntrl.csv获取参数类型失败: 'list' object has no attribute 'get'
2025-10-30 21:51:24,259 - src.data.csv_processor - INFO - CSV文件读取成功: config/master/prg1/load.csv, 共11行
2025-10-30 21:51:24,259 - src.ui.main_window - WARNING - 从load.csv获取参数类型失败: 'list' object has no attribute 'get'
2025-10-30 21:51:24,259 - src.data.csv_processor - INFO - CSV文件读取成功: config/master/prg1/cntrl.csv, 共67行
2025-10-30 21:51:24,259 - src.ui.main_window - WARNING - 从cntrl.csv获取参数类型失败: 'list' object has no attribute 'get'
2025-10-30 21:51:24,263 - src.data.csv_processor - INFO - CSV文件读取成功: config/master/prg1/load.csv, 共11行
2025-10-30 21:51:24,263 - src.ui.main_window - WARNING - 从load.csv获取参数类型失败: 'list' object has no attribute 'get'
2025-10-30 21:51:24,263 - src.data.csv_processor - INFO - CSV文件读取成功: config/master/prg1/cntrl.csv, 共67行
2025-10-30 21:51:24,263 - src.ui.main_window - WARNING - 从cntrl.csv获取参数类型失败: 'list' object has no attribute 'get'
2025-10-30 21:51:24,264 - src.data.csv_processor - INFO - CSV文件读取成功: config/master/prg1/load.csv, 共11行
2025-10-30 21:51:24,264 - src.ui.main_window - WARNING - 从load.csv获取参数类型失败: 'list' object has no attribute 'get'
2025-10-30 21:51:24,264 - src.data.csv_processor - INFO - CSV文件读取成功: config/master/prg1/cntrl.csv, 共67行
2025-10-30 21:51:24,264 - src.ui.main_window - WARNING - 从cntrl.csv获取参数类型失败: 'list' object has no attribute 'get'
2025-10-30 21:51:24,264 - src.data.csv_processor - INFO - CSV文件读取成功: config/master/prg1/load.csv, 共11行
2025-10-30 21:51:24,264 - src.ui.main_window - WARNING - 从load.csv获取参数类型失败: 'list' object has no attribute 'get'
2025-10-30 21:51:24,265 - src.data.csv_processor - INFO - CSV文件读取成功: config/master/prg1/cntrl.csv, 共67行
2025-10-30 21:51:24,265 - src.ui.main_window - WARNING - 从cntrl.csv获取参数类型失败: 'list' object has no attribute 'get'
2025-10-30 21:51:24,265 - src.data.csv_processor - INFO - CSV文件读取成功: config/master/prg1/load.csv, 共11行
2025-10-30 21:51:24,265 - src.ui.main_window - WARNING - 从load.csv获取参数类型失败: 'list' object has no attribute 'get'
2025-10-30 21:51:24,265 - src.data.csv_processor - INFO - CSV文件读取成功: config/master/prg1/cntrl.csv, 共67行
2025-10-30 21:51:24,265 - src.ui.main_window - WARNING - 从cntrl.csv获取参数类型失败: 'list' object has no attribute 'get'
2025-10-30 21:51:24,266 - src.data.csv_processor - INFO - CSV文件读取成功: config/master/prg1/load.csv, 共11行
2025-10-30 21:51:24,266 - src.ui.main_window - WARNING - 从load.csv获取参数类型失败: 'list' object has no attribute 'get'
2025-10-30 21:51:24,266 - src.data.csv_processor - INFO - CSV文件读取成功: config/master/prg1/cntrl.csv, 共67行
2025-10-30 21:51:24,266 - src.ui.main_window - WARNING - 从cntrl.csv获取参数类型失败: 'list' object has no attribute 'get'
2025-10-30 21:51:24,266 - src.data.csv_processor - INFO - CSV文件读取成功: config/master/prg1/load.csv, 共11行
2025-10-30 21:51:24,266 - src.ui.main_window - WARNING - 从load.csv获取参数类型失败: 'list' object has no attribute 'get'
2025-10-30 21:51:24,267 - src.data.csv_processor - INFO - CSV文件读取成功: config/master/prg1/cntrl.csv, 共67行
2025-10-30 21:51:24,267 - src.ui.main_window - WARNING - 从cntrl.csv获取参数类型失败: 'list' object has no attribute 'get'
2025-10-30 21:51:24,267 - src.data.csv_processor - INFO - CSV文件读取成功: config/master/prg1/load.csv, 共11行
2025-10-30 21:51:24,267 - src.ui.main_window - WARNING - 从load.csv获取参数类型失败: 'list' object has no attribute 'get'
2025-10-30 21:51:24,267 - src.data.csv_processor - INFO - CSV文件读取成功: config/master/prg1/cntrl.csv, 共67行
2025-10-30 21:51:24,267 - src.ui.main_window - WARNING - 从cntrl.csv获取参数类型失败: 'list' object has no attribute 'get'
2025-10-30 21:51:24,267 - src.data.csv_processor - INFO - CSV文件读取成功: config/master/prg1/load.csv, 共11行
2025-10-30 21:51:24,267 - src.ui.main_window - WARNING - 从load.csv获取参数类型失败: 'list' object has no attribute 'get'
2025-10-30 21:51:24,267 - src.data.csv_processor - INFO - CSV文件读取成功: config/master/prg1/cntrl.csv, 共67行
2025-10-30 21:51:24,267 - src.ui.main_window - WARNING - 从cntrl.csv获取参数类型失败: 'list' object has no attribute 'get'
2025-10-30 21:51:24,267 - src.data.csv_processor - INFO - CSV文件读取成功: config/master/prg1/load.csv, 共11行
2025-10-30 21:51:24,267 - src.ui.main_window - WARNING - 从load.csv获取参数类型失败: 'list' object has no attribute 'get'
2025-10-30 21:51:24,267 - src.data.csv_processor - INFO - CSV文件读取成功: config/master/prg1/cntrl.csv, 共67行
2025-10-30 21:51:24,267 - src.ui.main_window - WARNING - 从cntrl.csv获取参数类型失败: 'list' object has no attribute 'get'
2025-10-30 21:51:24,267 - src.data.csv_processor - INFO - CSV文件读取成功: config/master/prg1/load.csv, 共11行
2025-10-30 21:51:24,267 - src.ui.main_window - WARNING - 从load.csv获取参数类型失败: 'list' object has no attribute 'get'
2025-10-30 21:51:24,267 - src.data.csv_processor - INFO - CSV文件读取成功: config/master/prg1/cntrl.csv, 共67行
2025-10-30 21:51:24,267 - src.ui.main_window - WARNING - 从cntrl.csv获取参数类型失败: 'list' object has no attribute 'get'
2025-10-30 21:51:24,267 - src.data.csv_processor - INFO - CSV文件读取成功: config/master/prg1/load.csv, 共11行
2025-10-30 21:51:24,267 - src.ui.main_window - WARNING - 从load.csv获取参数类型失败: 'list' object has no attribute 'get'
2025-10-30 21:51:24,267 - src.data.csv_processor - INFO - CSV文件读取成功: config/master/prg1/cntrl.csv, 共67行
2025-10-30 21:51:24,267 - src.ui.main_window - WARNING - 从cntrl.csv获取参数类型失败: 'list' object has no attribute 'get'
2025-10-30 21:51:24,267 - src.data.csv_processor - INFO - CSV文件读取成功: config/master/prg1/load.csv, 共11行
2025-10-30 21:51:24,267 - src.ui.main_window - WARNING - 从load.csv获取参数类型失败: 'list' object has no attribute 'get'
2025-10-30 21:51:24,267 - src.data.csv_processor - INFO - CSV文件读取成功: config/master/prg1/cntrl.csv, 共67行
2025-10-30 21:51:24,272 - src.ui.main_window - WARNING - 从cntrl.csv获取参数类型失败: 'list' object has no attribute 'get'
2025-10-30 21:51:24,272 - src.data.csv_processor - INFO - CSV文件读取成功: config/master/prg1/load.csv, 共11行
2025-10-30 21:51:24,272 - src.ui.main_window - WARNING - 从load.csv获取参数类型失败: 'list' object has no attribute 'get'
2025-10-30 21:51:24,272 - src.data.csv_processor - INFO - CSV文件读取成功: config/master/prg1/cntrl.csv, 共67行
2025-10-30 21:51:24,272 - src.ui.main_window - WARNING - 从cntrl.csv获取参数类型失败: 'list' object has no attribute 'get'
2025-10-30 21:51:24,273 - src.data.csv_processor - INFO - CSV文件读取成功: config/master/prg1/load.csv, 共11行
2025-10-30 21:51:24,273 - src.ui.main_window - WARNING - 从load.csv获取参数类型失败: 'list' object has no attribute 'get'
2025-10-30 21:51:24,273 - src.data.csv_processor - INFO - CSV文件读取成功: config/master/prg1/cntrl.csv, 共67行
2025-10-30 21:51:24,274 - src.ui.main_window - WARNING - 从cntrl.csv获取参数类型失败: 'list' object has no attribute 'get'
2025-10-30 21:51:24,274 - src.data.csv_processor - INFO - CSV文件读取成功: config/master/prg1/load.csv, 共11行
2025-10-30 21:51:24,274 - src.ui.main_window - WARNING - 从load.csv获取参数类型失败: 'list' object has no attribute 'get'
2025-10-30 21:51:24,274 - src.data.csv_processor - INFO - CSV文件读取成功: config/master/prg1/cntrl.csv, 共67行
2025-10-30 21:51:24,275 - src.ui.main_window - WARNING - 从cntrl.csv获取参数类型失败: 'list' object has no attribute 'get'
2025-10-30 21:51:24,275 - src.data.csv_processor - INFO - CSV文件读取成功: config/master/prg1/load.csv, 共11行
2025-10-30 21:51:24,275 - src.ui.main_window - WARNING - 从load.csv获取参数类型失败: 'list' object has no attribute 'get'
2025-10-30 21:51:24,275 - src.data.csv_processor - INFO - CSV文件读取成功: config/master/prg1/cntrl.csv, 共67行
2025-10-30 21:51:24,275 - src.ui.main_window - WARNING - 从cntrl.csv获取参数类型失败: 'list' object has no attribute 'get'
2025-10-30 21:51:24,276 - src.data.csv_processor - INFO - CSV文件读取成功: config/master/prg1/load.csv, 共11行
2025-10-30 21:51:24,276 - src.ui.main_window - WARNING - 从load.csv获取参数类型失败: 'list' object has no attribute 'get'
2025-10-30 21:51:24,276 - src.data.csv_processor - INFO - CSV文件读取成功: config/master/prg1/cntrl.csv, 共67行
2025-10-30 21:51:24,276 - src.ui.main_window - WARNING - 从cntrl.csv获取参数类型失败: 'list' object has no attribute 'get'
2025-10-30 21:51:24,277 - src.data.csv_processor - INFO - CSV文件读取成功: config/master/prg1/load.csv, 共11行
2025-10-30 21:51:24,277 - src.ui.main_window - WARNING - 从load.csv获取参数类型失败: 'list' object has no attribute 'get'
2025-10-30 21:51:24,277 - src.data.csv_processor - INFO - CSV文件读取成功: config/master/prg1/cntrl.csv, 共67行
2025-10-30 21:51:24,278 - src.ui.main_window - WARNING - 从cntrl.csv获取参数类型失败: 'list' object has no attribute 'get'
2025-10-30 21:51:24,278 - src.data.csv_processor - INFO - CSV文件读取成功: config/master/prg1/load.csv, 共11行
2025-10-30 21:51:24,278 - src.ui.main_window - WARNING - 从load.csv获取参数类型失败: 'list' object has no attribute 'get'
2025-10-30 21:51:24,278 - src.data.csv_processor - INFO - CSV文件读取成功: config/master/prg1/cntrl.csv, 共67行
2025-10-30 21:51:24,278 - src.ui.main_window - WARNING - 从cntrl.csv获取参数类型失败: 'list' object has no attribute 'get'
2025-10-30 21:51:24,278 - src.data.csv_processor - INFO - CSV文件读取成功: config/master/prg1/load.csv, 共11行
2025-10-30 21:51:24,278 - src.ui.main_window - WARNING - 从load.csv获取参数类型失败: 'list' object has no attribute 'get'
2025-10-30 21:51:24,278 - src.data.csv_processor - INFO - CSV文件读取成功: config/master/prg1/cntrl.csv, 共67行
2025-10-30 21:51:24,279 - src.ui.main_window - WARNING - 从cntrl.csv获取参数类型失败: 'list' object has no attribute 'get'
2025-10-30 21:51:24,279 - src.data.csv_processor - INFO - CSV文件读取成功: config/master/prg1/load.csv, 共11行
2025-10-30 21:51:24,279 - src.ui.main_window - WARNING - 从load.csv获取参数类型失败: 'list' object has no attribute 'get'
2025-10-30 21:51:24,279 - src.data.csv_processor - INFO - CSV文件读取成功: config/master/prg1/cntrl.csv, 共67行
2025-10-30 21:51:24,279 - src.ui.main_window - WARNING - 从cntrl.csv获取参数类型失败: 'list' object has no attribute 'get'
2025-10-30 21:51:24,279 - src.data.csv_processor - INFO - CSV文件读取成功: config/master/prg1/load.csv, 共11行
2025-10-30 21:51:24,279 - src.ui.main_window - WARNING - 从load.csv获取参数类型失败: 'list' object has no attribute 'get'
2025-10-30 21:51:24,279 - src.data.csv_processor - INFO - CSV文件读取成功: config/master/prg1/cntrl.csv, 共67行
2025-10-30 21:51:24,279 - src.ui.main_window - WARNING - 从cntrl.csv获取参数类型失败: 'list' object has no attribute 'get'
2025-10-30 21:51:24,279 - src.data.csv_processor - INFO - CSV文件读取成功: config/master/prg1/load.csv, 共11行
2025-10-30 21:51:24,279 - src.ui.main_window - WARNING - 从load.csv获取参数类型失败: 'list' object has no attribute 'get'
2025-10-30 21:51:24,279 - src.data.csv_processor - INFO - CSV文件读取成功: config/master/prg1/cntrl.csv, 共67行
2025-10-30 21:51:24,279 - src.ui.main_window - WARNING - 从cntrl.csv获取参数类型失败: 'list' object has no attribute 'get'
2025-10-30 21:51:24,279 - src.data.csv_processor - INFO - CSV文件读取成功: config/master/prg1/load.csv, 共11行
2025-10-30 21:51:24,279 - src.ui.main_window - WARNING - 从load.csv获取参数类型失败: 'list' object has no attribute 'get'
2025-10-30 21:51:24,279 - src.data.csv_processor - INFO - CSV文件读取成功: config/master/prg1/cntrl.csv, 共67行
2025-10-30 21:51:24,279 - src.ui.main_window - WARNING - 从cntrl.csv获取参数类型失败: 'list' object has no attribute 'get'
2025-10-30 21:51:24,282 - src.data.csv_processor - INFO - CSV文件读取成功: config/master/prg1/load.csv, 共11行
2025-10-30 21:51:24,282 - src.ui.main_window - WARNING - 从load.csv获取参数类型失败: 'list' object has no attribute 'get'
2025-10-30 21:51:24,282 - src.data.csv_processor - INFO - CSV文件读取成功: config/master/prg1/cntrl.csv, 共67行
2025-10-30 21:51:24,282 - src.ui.main_window - WARNING - 从cntrl.csv获取参数类型失败: 'list' object has no attribute 'get'
2025-10-30 21:51:24,282 - src.data.csv_processor - INFO - CSV文件读取成功: config/master/prg1/load.csv, 共11行
2025-10-30 21:51:24,283 - src.ui.main_window - WARNING - 从load.csv获取参数类型失败: 'list' object has no attribute 'get'
2025-10-30 21:51:24,283 - src.data.csv_processor - INFO - CSV文件读取成功: config/master/prg1/cntrl.csv, 共67行
2025-10-30 21:51:24,283 - src.ui.main_window - WARNING - 从cntrl.csv获取参数类型失败: 'list' object has no attribute 'get'
2025-10-30 21:51:24,283 - src.data.csv_processor - INFO - CSV文件读取成功: config/master/prg1/load.csv, 共11行
2025-10-30 21:51:24,283 - src.ui.main_window - WARNING - 从load.csv获取参数类型失败: 'list' object has no attribute 'get'
2025-10-30 21:51:24,283 - src.data.csv_processor - INFO - CSV文件读取成功: config/master/prg1/cntrl.csv, 共67行
2025-10-30 21:51:24,285 - src.ui.main_window - WARNING - 从cntrl.csv获取参数类型失败: 'list' object has no attribute 'get'
2025-10-30 21:51:24,285 - src.data.csv_processor - INFO - CSV文件读取成功: config/master/prg1/load.csv, 共11行
2025-10-30 21:51:24,285 - src.ui.main_window - WARNING - 从load.csv获取参数类型失败: 'list' object has no attribute 'get'
2025-10-30 21:51:24,285 - src.data.csv_processor - INFO - CSV文件读取成功: config/master/prg1/cntrl.csv, 共67行
2025-10-30 21:51:24,285 - src.ui.main_window - WARNING - 从cntrl.csv获取参数类型失败: 'list' object has no attribute 'get'
2025-10-30 21:51:24,286 - src.data.csv_processor - INFO - CSV文件读取成功: config/master/prg1/load.csv, 共11行
2025-10-30 21:51:24,286 - src.ui.main_window - WARNING - 从load.csv获取参数类型失败: 'list' object has no attribute 'get'
2025-10-30 21:51:24,286 - src.data.csv_processor - INFO - CSV文件读取成功: config/master/prg1/cntrl.csv, 共67行
2025-10-30 21:51:24,286 - src.ui.main_window - WARNING - 从cntrl.csv获取参数类型失败: 'list' object has no attribute 'get'
2025-10-30 21:52:24,294 - src.communication.named_pipe - WARNING - 命名管道服务器未在运行
2025-10-30 21:52:24,294 - src.data.file_manager - INFO - 所有文件已关闭
2025-11-01 05:21:13,274 - DNCSystem - INFO - DNC Python 系统启动
2025-11-01 05:21:13,284 - src.core.config - INFO - 配置加载成功
2025-11-01 05:21:13,294 - src.data.csv_processor - INFO - CSV文件读取为字典成功: config\master\ini.csv, 共46行
2025-11-01 05:21:13,297 - src.data.csv_processor - INFO - CSV文件读取为字典成功: config\master\ini.csv, 共46行
2025-11-01 05:21:13,304 - src.data.csv_processor - INFO - CSV文件读取为字典成功: config\master\header.csv, 共5行
2025-11-01 05:21:13,319 - src.data.csv_processor - INFO - CSV文件读取为字典成功: config\master\type_define.csv, 共9行
2025-11-01 05:21:13,326 - src.data.csv_processor - INFO - CSV文件读取为字典成功: config\master\type_relation.csv, 共0行
2025-11-01 05:21:13,336 - src.data.csv_processor - INFO - CSV文件读取为字典成功: config\master\type_chngvl.csv, 共0行
2025-11-01 05:21:13,340 - src.data.csv_processor - INFO - CSV文件读取为字典成功: config\master\type_prg.csv, 共9行
2025-11-01 05:21:13,352 - src.data.csv_processor - INFO - CSV文件读取为字典成功: config\master\prg.csv, 共2行
2025-11-01 05:21:13,374 - DNCSystem - INFO - DNC Python 系统初始化成功
2025-11-01 05:21:14,724 - src.ui.main_window - INFO - 宏文件生成器初始化成功
2025-11-01 05:21:35,813 - src.ui.main_window - INFO - 参数已更新: {'basic': {'workpiece_name': '', 'workpiece_id': '', 'process_type': '铣削', 'precision': '普通'}, 'geometry': {'length': 0.0, 'width': 0.0, 'height': 0.0, 'diameter': 0.0, 'angle': 0.0}, 'process': {'spindle_speed': 0.0, 'feed_rate': 0.0, 'cut_depth': 0.0, 'cut_width': 0.0}, 'material': {'material_type': '碳钢', 'material_hardness': '软', 'material_strength': 0.0}, 'model': {'model_type': '自动识别', 'model_description': '123@GPA20GT15040_A-H8@3', 'current_model': None}}
2025-11-01 05:21:35,815 - src.data.csv_processor - INFO - CSV文件读取为字典成功: config\master\ini.csv, 共46行
2025-11-01 05:21:35,815 - src.data.csv_processor - INFO - CSV文件读取为字典成功: config\master\header.csv, 共5行
2025-11-01 05:21:35,820 - src.ui.main_window - INFO - 型号识别完成: {'model': 'GPA20GT15040_A-H8', 'qr_code': '123@GPA20GT15040_A-H8@3', 'po': '', 'quantity': '', 'recognition_mode': 'QR', 'confidence': 1.0, 'error_message': None}
2025-11-01 05:22:01,496 - src.ui.main_window - INFO - 转让按钮点击，参数: {'#1': '', '#2': '', '#3': '', '#4': '', '#5': '', '#6': '', '#7': '', '#8': '', '#9': '', '#10': '', '#11': 'defineBTC', '#12': 'defineTL', '#500': '', '#501': '1', '#502': '1', '#503': '关系1', '#504': '关系1', '#505': '', '#506': '', '#507': '', '#508': '选项1', '#509': '关系1', '#510': '关系1', '#511': '10.19', '#512': '9.68', '#513': '关系1', '#514': '', '#515': '', '#516': '关系1', '#517': '', '#518': '', '#519': '7', '#520': '', '#521': '', '#522': '关系1', '#523': '', '#524': '', '#525': '', '#526': '', '#527': '', '#528': '关系1', '#529': '', '#530': '', '#531': '', '#532': '', '#533': '', '#534': '', '#535': '', '#536': '', '#537': '', '#538': '', '#539': '', '#540': '', '#541': '', '#542': '', '#543': '', '#544': '', '#545': '关系1', '#546': '关系1', '#547': '关系1', '#548': '', '#549': '', '#550': '', '#602': False, '#603': '0', '#605': 'relationYSTA'}
2025-11-01 05:22:01,496 - src.data.csv_processor - INFO - CSV文件读取成功: config/master/prg1/load.csv, 共11行
2025-11-01 05:22:01,496 - src.ui.main_window - WARNING - 从load.csv获取参数类型失败: 'list' object has no attribute 'get'
2025-11-01 05:22:01,496 - src.data.csv_processor - INFO - CSV文件读取成功: config/master/prg1/cntrl.csv, 共67行
2025-11-01 05:22:01,496 - src.ui.main_window - WARNING - 从cntrl.csv获取参数类型失败: 'list' object has no attribute 'get'
2025-11-01 05:22:01,496 - src.data.csv_processor - INFO - CSV文件读取成功: config/master/prg1/load.csv, 共11行
2025-11-01 05:22:01,496 - src.ui.main_window - WARNING - 从load.csv获取参数类型失败: 'list' object has no attribute 'get'
2025-11-01 05:22:01,496 - src.data.csv_processor - INFO - CSV文件读取成功: config/master/prg1/cntrl.csv, 共67行
2025-11-01 05:22:01,496 - src.ui.main_window - WARNING - 从cntrl.csv获取参数类型失败: 'list' object has no attribute 'get'
2025-11-01 05:22:01,496 - src.data.csv_processor - INFO - CSV文件读取成功: config/master/prg1/load.csv, 共11行
2025-11-01 05:22:01,496 - src.ui.main_window - WARNING - 从load.csv获取参数类型失败: 'list' object has no attribute 'get'
2025-11-01 05:22:01,496 - src.data.csv_processor - INFO - CSV文件读取成功: config/master/prg1/cntrl.csv, 共67行
2025-11-01 05:22:01,496 - src.ui.main_window - WARNING - 从cntrl.csv获取参数类型失败: 'list' object has no attribute 'get'
2025-11-01 05:22:01,496 - src.data.csv_processor - INFO - CSV文件读取成功: config/master/prg1/load.csv, 共11行
2025-11-01 05:22:01,496 - src.ui.main_window - WARNING - 从load.csv获取参数类型失败: 'list' object has no attribute 'get'
2025-11-01 05:22:01,496 - src.data.csv_processor - INFO - CSV文件读取成功: config/master/prg1/cntrl.csv, 共67行
2025-11-01 05:22:01,496 - src.ui.main_window - WARNING - 从cntrl.csv获取参数类型失败: 'list' object has no attribute 'get'
2025-11-01 05:22:01,496 - src.data.csv_processor - INFO - CSV文件读取成功: config/master/prg1/load.csv, 共11行
2025-11-01 05:22:01,496 - src.ui.main_window - WARNING - 从load.csv获取参数类型失败: 'list' object has no attribute 'get'
2025-11-01 05:22:01,504 - src.data.csv_processor - INFO - CSV文件读取成功: config/master/prg1/cntrl.csv, 共67行
2025-11-01 05:22:01,504 - src.ui.main_window - WARNING - 从cntrl.csv获取参数类型失败: 'list' object has no attribute 'get'
2025-11-01 05:22:01,504 - src.data.csv_processor - INFO - CSV文件读取成功: config/master/prg1/load.csv, 共11行
2025-11-01 05:22:01,505 - src.ui.main_window - WARNING - 从load.csv获取参数类型失败: 'list' object has no attribute 'get'
2025-11-01 05:22:01,505 - src.data.csv_processor - INFO - CSV文件读取成功: config/master/prg1/cntrl.csv, 共67行
2025-11-01 05:22:01,505 - src.ui.main_window - WARNING - 从cntrl.csv获取参数类型失败: 'list' object has no attribute 'get'
2025-11-01 05:22:01,506 - src.data.csv_processor - INFO - CSV文件读取成功: config/master/prg1/load.csv, 共11行
2025-11-01 05:22:01,506 - src.ui.main_window - WARNING - 从load.csv获取参数类型失败: 'list' object has no attribute 'get'
2025-11-01 05:22:01,506 - src.data.csv_processor - INFO - CSV文件读取成功: config/master/prg1/cntrl.csv, 共67行
2025-11-01 05:22:01,506 - src.ui.main_window - WARNING - 从cntrl.csv获取参数类型失败: 'list' object has no attribute 'get'
2025-11-01 05:22:01,507 - src.data.csv_processor - INFO - CSV文件读取成功: config/master/prg1/load.csv, 共11行
2025-11-01 05:22:01,507 - src.ui.main_window - WARNING - 从load.csv获取参数类型失败: 'list' object has no attribute 'get'
2025-11-01 05:22:01,507 - src.data.csv_processor - INFO - CSV文件读取成功: config/master/prg1/cntrl.csv, 共67行
2025-11-01 05:22:01,507 - src.ui.main_window - WARNING - 从cntrl.csv获取参数类型失败: 'list' object has no attribute 'get'
2025-11-01 05:22:01,507 - src.data.csv_processor - INFO - CSV文件读取成功: config/master/prg1/load.csv, 共11行
2025-11-01 05:22:01,507 - src.ui.main_window - WARNING - 从load.csv获取参数类型失败: 'list' object has no attribute 'get'
2025-11-01 05:22:01,507 - src.data.csv_processor - INFO - CSV文件读取成功: config/master/prg1/cntrl.csv, 共67行
2025-11-01 05:22:01,507 - src.ui.main_window - WARNING - 从cntrl.csv获取参数类型失败: 'list' object has no attribute 'get'
2025-11-01 05:22:01,507 - src.data.csv_processor - INFO - CSV文件读取成功: config/master/prg1/load.csv, 共11行
2025-11-01 05:22:01,507 - src.ui.main_window - WARNING - 从load.csv获取参数类型失败: 'list' object has no attribute 'get'
2025-11-01 05:22:01,507 - src.data.csv_processor - INFO - CSV文件读取成功: config/master/prg1/cntrl.csv, 共67行
2025-11-01 05:22:01,507 - src.ui.main_window - WARNING - 从cntrl.csv获取参数类型失败: 'list' object has no attribute 'get'
2025-11-01 05:22:01,507 - src.data.csv_processor - INFO - CSV文件读取成功: config/master/prg1/load.csv, 共11行
2025-11-01 05:22:01,507 - src.ui.main_window - WARNING - 从load.csv获取参数类型失败: 'list' object has no attribute 'get'
2025-11-01 05:22:01,507 - src.data.csv_processor - INFO - CSV文件读取成功: config/master/prg1/cntrl.csv, 共67行
2025-11-01 05:22:01,507 - src.ui.main_window - WARNING - 从cntrl.csv获取参数类型失败: 'list' object has no attribute 'get'
2025-11-01 05:22:01,507 - src.data.csv_processor - INFO - CSV文件读取成功: config/master/prg1/load.csv, 共11行
2025-11-01 05:22:01,507 - src.ui.main_window - WARNING - 从load.csv获取参数类型失败: 'list' object has no attribute 'get'
2025-11-01 05:22:01,507 - src.data.csv_processor - INFO - CSV文件读取成功: config/master/prg1/cntrl.csv, 共67行
2025-11-01 05:22:01,507 - src.ui.main_window - WARNING - 从cntrl.csv获取参数类型失败: 'list' object has no attribute 'get'
2025-11-01 05:22:01,507 - src.data.csv_processor - INFO - CSV文件读取成功: config/master/prg1/load.csv, 共11行
2025-11-01 05:22:01,507 - src.ui.main_window - WARNING - 从load.csv获取参数类型失败: 'list' object has no attribute 'get'
2025-11-01 05:22:01,514 - src.data.csv_processor - INFO - CSV文件读取成功: config/master/prg1/cntrl.csv, 共67行
2025-11-01 05:22:01,514 - src.ui.main_window - WARNING - 从cntrl.csv获取参数类型失败: 'list' object has no attribute 'get'
2025-11-01 05:22:01,515 - src.data.csv_processor - INFO - CSV文件读取成功: config/master/prg1/load.csv, 共11行
2025-11-01 05:22:01,515 - src.ui.main_window - WARNING - 从load.csv获取参数类型失败: 'list' object has no attribute 'get'
2025-11-01 05:22:01,516 - src.data.csv_processor - INFO - CSV文件读取成功: config/master/prg1/cntrl.csv, 共67行
2025-11-01 05:22:01,516 - src.ui.main_window - WARNING - 从cntrl.csv获取参数类型失败: 'list' object has no attribute 'get'
2025-11-01 05:22:01,516 - src.data.csv_processor - INFO - CSV文件读取成功: config/master/prg1/load.csv, 共11行
2025-11-01 05:22:01,517 - src.ui.main_window - WARNING - 从load.csv获取参数类型失败: 'list' object has no attribute 'get'
2025-11-01 05:22:01,517 - src.data.csv_processor - INFO - CSV文件读取成功: config/master/prg1/cntrl.csv, 共67行
2025-11-01 05:22:01,517 - src.ui.main_window - WARNING - 从cntrl.csv获取参数类型失败: 'list' object has no attribute 'get'
2025-11-01 05:22:01,517 - src.data.csv_processor - INFO - CSV文件读取成功: config/master/prg1/load.csv, 共11行
2025-11-01 05:22:01,517 - src.ui.main_window - WARNING - 从load.csv获取参数类型失败: 'list' object has no attribute 'get'
2025-11-01 05:22:01,517 - src.data.csv_processor - INFO - CSV文件读取成功: config/master/prg1/cntrl.csv, 共67行
2025-11-01 05:22:01,517 - src.ui.main_window - WARNING - 从cntrl.csv获取参数类型失败: 'list' object has no attribute 'get'
2025-11-01 05:22:01,517 - src.data.csv_processor - INFO - CSV文件读取成功: config/master/prg1/load.csv, 共11行
2025-11-01 05:22:01,517 - src.ui.main_window - WARNING - 从load.csv获取参数类型失败: 'list' object has no attribute 'get'
2025-11-01 05:22:01,517 - src.data.csv_processor - INFO - CSV文件读取成功: config/master/prg1/cntrl.csv, 共67行
2025-11-01 05:22:01,517 - src.ui.main_window - WARNING - 从cntrl.csv获取参数类型失败: 'list' object has no attribute 'get'
2025-11-01 05:22:01,517 - src.data.csv_processor - INFO - CSV文件读取成功: config/master/prg1/load.csv, 共11行
2025-11-01 05:22:01,517 - src.ui.main_window - WARNING - 从load.csv获取参数类型失败: 'list' object has no attribute 'get'
2025-11-01 05:22:01,517 - src.data.csv_processor - INFO - CSV文件读取成功: config/master/prg1/cntrl.csv, 共67行
2025-11-01 05:22:01,517 - src.ui.main_window - WARNING - 从cntrl.csv获取参数类型失败: 'list' object has no attribute 'get'
2025-11-01 05:22:01,517 - src.data.csv_processor - INFO - CSV文件读取成功: config/master/prg1/load.csv, 共11行
2025-11-01 05:22:01,517 - src.ui.main_window - WARNING - 从load.csv获取参数类型失败: 'list' object has no attribute 'get'
2025-11-01 05:22:01,517 - src.data.csv_processor - INFO - CSV文件读取成功: config/master/prg1/cntrl.csv, 共67行
2025-11-01 05:22:01,517 - src.ui.main_window - WARNING - 从cntrl.csv获取参数类型失败: 'list' object has no attribute 'get'
2025-11-01 05:22:01,517 - src.data.csv_processor - INFO - CSV文件读取成功: config/master/prg1/load.csv, 共11行
2025-11-01 05:22:01,517 - src.ui.main_window - WARNING - 从load.csv获取参数类型失败: 'list' object has no attribute 'get'
2025-11-01 05:22:01,517 - src.data.csv_processor - INFO - CSV文件读取成功: config/master/prg1/cntrl.csv, 共67行
2025-11-01 05:22:01,524 - src.ui.main_window - WARNING - 从cntrl.csv获取参数类型失败: 'list' object has no attribute 'get'
2025-11-01 05:22:01,524 - src.data.csv_processor - INFO - CSV文件读取成功: config/master/prg1/load.csv, 共11行
2025-11-01 05:22:01,524 - src.ui.main_window - WARNING - 从load.csv获取参数类型失败: 'list' object has no attribute 'get'
2025-11-01 05:22:01,525 - src.data.csv_processor - INFO - CSV文件读取成功: config/master/prg1/cntrl.csv, 共67行
2025-11-01 05:22:01,525 - src.ui.main_window - WARNING - 从cntrl.csv获取参数类型失败: 'list' object has no attribute 'get'
2025-11-01 05:22:01,525 - src.data.csv_processor - INFO - CSV文件读取成功: config/master/prg1/load.csv, 共11行
2025-11-01 05:22:01,525 - src.ui.main_window - WARNING - 从load.csv获取参数类型失败: 'list' object has no attribute 'get'
2025-11-01 05:22:01,525 - src.data.csv_processor - INFO - CSV文件读取成功: config/master/prg1/cntrl.csv, 共67行
2025-11-01 05:22:01,526 - src.ui.main_window - WARNING - 从cntrl.csv获取参数类型失败: 'list' object has no attribute 'get'
2025-11-01 05:22:01,526 - src.data.csv_processor - INFO - CSV文件读取成功: config/master/prg1/load.csv, 共11行
2025-11-01 05:22:01,526 - src.ui.main_window - WARNING - 从load.csv获取参数类型失败: 'list' object has no attribute 'get'
2025-11-01 05:22:01,526 - src.data.csv_processor - INFO - CSV文件读取成功: config/master/prg1/cntrl.csv, 共67行
2025-11-01 05:22:01,527 - src.ui.main_window - WARNING - 从cntrl.csv获取参数类型失败: 'list' object has no attribute 'get'
2025-11-01 05:22:01,527 - src.data.csv_processor - INFO - CSV文件读取成功: config/master/prg1/load.csv, 共11行
2025-11-01 05:22:01,527 - src.ui.main_window - WARNING - 从load.csv获取参数类型失败: 'list' object has no attribute 'get'
2025-11-01 05:22:01,528 - src.data.csv_processor - INFO - CSV文件读取成功: config/master/prg1/cntrl.csv, 共67行
2025-11-01 05:22:01,528 - src.ui.main_window - WARNING - 从cntrl.csv获取参数类型失败: 'list' object has no attribute 'get'
2025-11-01 05:22:01,528 - src.data.csv_processor - INFO - CSV文件读取成功: config/master/prg1/load.csv, 共11行
2025-11-01 05:22:01,528 - src.ui.main_window - WARNING - 从load.csv获取参数类型失败: 'list' object has no attribute 'get'
2025-11-01 05:22:01,528 - src.data.csv_processor - INFO - CSV文件读取成功: config/master/prg1/cntrl.csv, 共67行
2025-11-01 05:22:01,528 - src.ui.main_window - WARNING - 从cntrl.csv获取参数类型失败: 'list' object has no attribute 'get'
2025-11-01 05:22:01,530 - src.data.csv_processor - INFO - CSV文件读取成功: config/master/prg1/load.csv, 共11行
2025-11-01 05:22:01,530 - src.ui.main_window - WARNING - 从load.csv获取参数类型失败: 'list' object has no attribute 'get'
2025-11-01 05:22:01,530 - src.data.csv_processor - INFO - CSV文件读取成功: config/master/prg1/cntrl.csv, 共67行
2025-11-01 05:22:01,530 - src.ui.main_window - WARNING - 从cntrl.csv获取参数类型失败: 'list' object has no attribute 'get'
2025-11-01 05:22:01,531 - src.data.csv_processor - INFO - CSV文件读取成功: config/master/prg1/load.csv, 共11行
2025-11-01 05:22:01,531 - src.ui.main_window - WARNING - 从load.csv获取参数类型失败: 'list' object has no attribute 'get'
2025-11-01 05:22:01,531 - src.data.csv_processor - INFO - CSV文件读取成功: config/master/prg1/cntrl.csv, 共67行
2025-11-01 05:22:01,531 - src.ui.main_window - WARNING - 从cntrl.csv获取参数类型失败: 'list' object has no attribute 'get'
2025-11-01 05:22:01,532 - src.data.csv_processor - INFO - CSV文件读取成功: config/master/prg1/load.csv, 共11行
2025-11-01 05:22:01,532 - src.ui.main_window - WARNING - 从load.csv获取参数类型失败: 'list' object has no attribute 'get'
2025-11-01 05:22:01,532 - src.data.csv_processor - INFO - CSV文件读取成功: config/master/prg1/cntrl.csv, 共67行
2025-11-01 05:22:01,532 - src.ui.main_window - WARNING - 从cntrl.csv获取参数类型失败: 'list' object has no attribute 'get'
2025-11-01 05:22:01,534 - src.data.csv_processor - INFO - CSV文件读取成功: config/master/prg1/load.csv, 共11行
2025-11-01 05:22:01,534 - src.ui.main_window - WARNING - 从load.csv获取参数类型失败: 'list' object has no attribute 'get'
2025-11-01 05:22:01,534 - src.data.csv_processor - INFO - CSV文件读取成功: config/master/prg1/cntrl.csv, 共67行
2025-11-01 05:22:01,534 - src.ui.main_window - WARNING - 从cntrl.csv获取参数类型失败: 'list' object has no attribute 'get'
2025-11-01 05:22:01,535 - src.data.csv_processor - INFO - CSV文件读取成功: config/master/prg1/load.csv, 共11行
2025-11-01 05:22:01,535 - src.ui.main_window - WARNING - 从load.csv获取参数类型失败: 'list' object has no attribute 'get'
2025-11-01 05:22:01,535 - src.data.csv_processor - INFO - CSV文件读取成功: config/master/prg1/cntrl.csv, 共67行
2025-11-01 05:22:01,535 - src.ui.main_window - WARNING - 从cntrl.csv获取参数类型失败: 'list' object has no attribute 'get'
2025-11-01 05:22:01,536 - src.data.csv_processor - INFO - CSV文件读取成功: config/master/prg1/load.csv, 共11行
2025-11-01 05:22:01,536 - src.ui.main_window - WARNING - 从load.csv获取参数类型失败: 'list' object has no attribute 'get'
2025-11-01 05:22:01,536 - src.data.csv_processor - INFO - CSV文件读取成功: config/master/prg1/cntrl.csv, 共67行
2025-11-01 05:22:01,536 - src.ui.main_window - WARNING - 从cntrl.csv获取参数类型失败: 'list' object has no attribute 'get'
2025-11-01 05:22:01,536 - src.data.csv_processor - INFO - CSV文件读取成功: config/master/prg1/load.csv, 共11行
2025-11-01 05:22:01,537 - src.ui.main_window - WARNING - 从load.csv获取参数类型失败: 'list' object has no attribute 'get'
2025-11-01 05:22:01,537 - src.data.csv_processor - INFO - CSV文件读取成功: config/master/prg1/cntrl.csv, 共67行
2025-11-01 05:22:01,537 - src.ui.main_window - WARNING - 从cntrl.csv获取参数类型失败: 'list' object has no attribute 'get'
2025-11-01 05:22:01,537 - src.data.csv_processor - INFO - CSV文件读取成功: config/master/prg1/load.csv, 共11行
2025-11-01 05:22:01,537 - src.ui.main_window - WARNING - 从load.csv获取参数类型失败: 'list' object has no attribute 'get'
2025-11-01 05:22:01,539 - src.data.csv_processor - INFO - CSV文件读取成功: config/master/prg1/cntrl.csv, 共67行
2025-11-01 05:22:01,539 - src.ui.main_window - WARNING - 从cntrl.csv获取参数类型失败: 'list' object has no attribute 'get'
2025-11-01 05:22:01,539 - src.data.csv_processor - INFO - CSV文件读取成功: config/master/prg1/load.csv, 共11行
2025-11-01 05:22:01,539 - src.ui.main_window - WARNING - 从load.csv获取参数类型失败: 'list' object has no attribute 'get'
2025-11-01 05:22:01,540 - src.data.csv_processor - INFO - CSV文件读取成功: config/master/prg1/cntrl.csv, 共67行
2025-11-01 05:22:01,540 - src.ui.main_window - WARNING - 从cntrl.csv获取参数类型失败: 'list' object has no attribute 'get'
2025-11-01 05:22:01,540 - src.data.csv_processor - INFO - CSV文件读取成功: config/master/prg1/load.csv, 共11行
2025-11-01 05:22:01,540 - src.ui.main_window - WARNING - 从load.csv获取参数类型失败: 'list' object has no attribute 'get'
2025-11-01 05:22:01,540 - src.data.csv_processor - INFO - CSV文件读取成功: config/master/prg1/cntrl.csv, 共67行
2025-11-01 05:22:01,540 - src.ui.main_window - WARNING - 从cntrl.csv获取参数类型失败: 'list' object has no attribute 'get'
2025-11-01 05:22:01,540 - src.data.csv_processor - INFO - CSV文件读取成功: config/master/prg1/load.csv, 共11行
2025-11-01 05:22:01,540 - src.ui.main_window - WARNING - 从load.csv获取参数类型失败: 'list' object has no attribute 'get'
2025-11-01 05:22:01,540 - src.data.csv_processor - INFO - CSV文件读取成功: config/master/prg1/cntrl.csv, 共67行
2025-11-01 05:22:01,540 - src.ui.main_window - WARNING - 从cntrl.csv获取参数类型失败: 'list' object has no attribute 'get'
2025-11-01 05:22:01,540 - src.data.csv_processor - INFO - CSV文件读取成功: config/master/prg1/load.csv, 共11行
2025-11-01 05:22:01,540 - src.ui.main_window - WARNING - 从load.csv获取参数类型失败: 'list' object has no attribute 'get'
2025-11-01 05:22:01,540 - src.data.csv_processor - INFO - CSV文件读取成功: config/master/prg1/cntrl.csv, 共67行
2025-11-01 05:22:01,540 - src.ui.main_window - WARNING - 从cntrl.csv获取参数类型失败: 'list' object has no attribute 'get'
2025-11-01 05:22:01,540 - src.data.csv_processor - INFO - CSV文件读取成功: config/master/prg1/load.csv, 共11行
2025-11-01 05:22:01,543 - src.ui.main_window - WARNING - 从load.csv获取参数类型失败: 'list' object has no attribute 'get'
2025-11-01 05:22:01,544 - src.data.csv_processor - INFO - CSV文件读取成功: config/master/prg1/cntrl.csv, 共67行
2025-11-01 05:22:01,544 - src.ui.main_window - WARNING - 从cntrl.csv获取参数类型失败: 'list' object has no attribute 'get'
2025-11-01 05:22:01,544 - src.data.csv_processor - INFO - CSV文件读取成功: config/master/prg1/load.csv, 共11行
2025-11-01 05:22:01,545 - src.ui.main_window - WARNING - 从load.csv获取参数类型失败: 'list' object has no attribute 'get'
2025-11-01 05:22:01,545 - src.data.csv_processor - INFO - CSV文件读取成功: config/master/prg1/cntrl.csv, 共67行
2025-11-01 05:22:01,545 - src.ui.main_window - WARNING - 从cntrl.csv获取参数类型失败: 'list' object has no attribute 'get'
2025-11-01 05:22:01,545 - src.data.csv_processor - INFO - CSV文件读取成功: config/master/prg1/load.csv, 共11行
2025-11-01 05:22:01,545 - src.ui.main_window - WARNING - 从load.csv获取参数类型失败: 'list' object has no attribute 'get'
2025-11-01 05:22:01,545 - src.data.csv_processor - INFO - CSV文件读取成功: config/master/prg1/cntrl.csv, 共67行
2025-11-01 05:22:01,545 - src.ui.main_window - WARNING - 从cntrl.csv获取参数类型失败: 'list' object has no attribute 'get'
2025-11-01 05:22:01,546 - src.data.csv_processor - INFO - CSV文件读取成功: config/master/prg1/load.csv, 共11行
2025-11-01 05:22:01,546 - src.ui.main_window - WARNING - 从load.csv获取参数类型失败: 'list' object has no attribute 'get'
2025-11-01 05:22:01,546 - src.data.csv_processor - INFO - CSV文件读取成功: config/master/prg1/cntrl.csv, 共67行
2025-11-01 05:22:01,546 - src.ui.main_window - WARNING - 从cntrl.csv获取参数类型失败: 'list' object has no attribute 'get'
2025-11-01 05:22:01,548 - src.data.csv_processor - INFO - CSV文件读取成功: config/master/prg1/load.csv, 共11行
2025-11-01 05:22:01,548 - src.ui.main_window - WARNING - 从load.csv获取参数类型失败: 'list' object has no attribute 'get'
2025-11-01 05:22:01,548 - src.data.csv_processor - INFO - CSV文件读取成功: config/master/prg1/cntrl.csv, 共67行
2025-11-01 05:22:01,548 - src.ui.main_window - WARNING - 从cntrl.csv获取参数类型失败: 'list' object has no attribute 'get'
2025-11-01 05:22:01,549 - src.data.csv_processor - INFO - CSV文件读取成功: config/master/prg1/load.csv, 共11行
2025-11-01 05:22:01,549 - src.ui.main_window - WARNING - 从load.csv获取参数类型失败: 'list' object has no attribute 'get'
2025-11-01 05:22:01,549 - src.data.csv_processor - INFO - CSV文件读取成功: config/master/prg1/cntrl.csv, 共67行
2025-11-01 05:22:01,549 - src.ui.main_window - WARNING - 从cntrl.csv获取参数类型失败: 'list' object has no attribute 'get'
2025-11-01 05:22:01,549 - src.data.csv_processor - INFO - CSV文件读取成功: config/master/prg1/load.csv, 共11行
2025-11-01 05:22:01,575 - src.ui.main_window - WARNING - 从load.csv获取参数类型失败: 'list' object has no attribute 'get'
2025-11-01 05:22:01,577 - src.data.csv_processor - INFO - CSV文件读取成功: config/master/prg1/cntrl.csv, 共67行
2025-11-01 05:22:01,577 - src.ui.main_window - WARNING - 从cntrl.csv获取参数类型失败: 'list' object has no attribute 'get'
2025-11-01 05:22:01,579 - src.data.csv_processor - INFO - CSV文件读取成功: config/master/prg1/load.csv, 共11行
2025-11-01 05:22:01,579 - src.ui.main_window - WARNING - 从load.csv获取参数类型失败: 'list' object has no attribute 'get'
2025-11-01 05:22:01,580 - src.data.csv_processor - INFO - CSV文件读取成功: config/master/prg1/cntrl.csv, 共67行
2025-11-01 05:22:01,580 - src.ui.main_window - WARNING - 从cntrl.csv获取参数类型失败: 'list' object has no attribute 'get'
2025-11-01 05:22:01,581 - src.data.csv_processor - INFO - CSV文件读取成功: config/master/prg1/load.csv, 共11行
2025-11-01 05:22:01,581 - src.ui.main_window - WARNING - 从load.csv获取参数类型失败: 'list' object has no attribute 'get'
2025-11-01 05:22:01,581 - src.data.csv_processor - INFO - CSV文件读取成功: config/master/prg1/cntrl.csv, 共67行
2025-11-01 05:22:01,582 - src.ui.main_window - WARNING - 从cntrl.csv获取参数类型失败: 'list' object has no attribute 'get'
2025-11-01 05:22:01,582 - src.data.csv_processor - INFO - CSV文件读取成功: config/master/prg1/load.csv, 共11行
2025-11-01 05:22:01,583 - src.ui.main_window - WARNING - 从load.csv获取参数类型失败: 'list' object has no attribute 'get'
2025-11-01 05:22:01,583 - src.data.csv_processor - INFO - CSV文件读取成功: config/master/prg1/cntrl.csv, 共67行
2025-11-01 05:22:01,583 - src.ui.main_window - WARNING - 从cntrl.csv获取参数类型失败: 'list' object has no attribute 'get'
2025-11-01 05:22:01,584 - src.data.csv_processor - INFO - CSV文件读取成功: config/master/prg1/load.csv, 共11行
2025-11-01 05:22:01,584 - src.ui.main_window - WARNING - 从load.csv获取参数类型失败: 'list' object has no attribute 'get'
2025-11-01 05:22:01,584 - src.data.csv_processor - INFO - CSV文件读取成功: config/master/prg1/cntrl.csv, 共67行
2025-11-01 05:22:01,584 - src.ui.main_window - WARNING - 从cntrl.csv获取参数类型失败: 'list' object has no attribute 'get'
2025-11-01 05:22:01,586 - src.data.csv_processor - INFO - CSV文件读取成功: config/master/prg1/load.csv, 共11行
2025-11-01 05:22:01,586 - src.ui.main_window - WARNING - 从load.csv获取参数类型失败: 'list' object has no attribute 'get'
2025-11-01 05:22:01,587 - src.data.csv_processor - INFO - CSV文件读取成功: config/master/prg1/cntrl.csv, 共67行
2025-11-01 05:22:01,587 - src.ui.main_window - WARNING - 从cntrl.csv获取参数类型失败: 'list' object has no attribute 'get'
2025-11-01 05:22:01,587 - src.data.csv_processor - INFO - CSV文件读取成功: config/master/prg1/load.csv, 共11行
2025-11-01 05:22:01,587 - src.ui.main_window - WARNING - 从load.csv获取参数类型失败: 'list' object has no attribute 'get'
2025-11-01 05:22:01,588 - src.data.csv_processor - INFO - CSV文件读取成功: config/master/prg1/cntrl.csv, 共67行
2025-11-01 05:22:01,588 - src.ui.main_window - WARNING - 从cntrl.csv获取参数类型失败: 'list' object has no attribute 'get'
2025-11-01 05:22:01,589 - src.data.csv_processor - INFO - CSV文件读取成功: config/master/prg1/load.csv, 共11行
2025-11-01 05:22:01,589 - src.ui.main_window - WARNING - 从load.csv获取参数类型失败: 'list' object has no attribute 'get'
2025-11-01 05:22:01,589 - src.data.csv_processor - INFO - CSV文件读取成功: config/master/prg1/cntrl.csv, 共67行
2025-11-01 05:22:01,589 - src.ui.main_window - WARNING - 从cntrl.csv获取参数类型失败: 'list' object has no attribute 'get'
2025-11-01 05:22:01,590 - src.data.csv_processor - INFO - CSV文件读取成功: config/master/prg1/load.csv, 共11行
2025-11-01 05:22:01,590 - src.ui.main_window - WARNING - 从load.csv获取参数类型失败: 'list' object has no attribute 'get'
2025-11-01 05:22:01,590 - src.data.csv_processor - INFO - CSV文件读取成功: config/master/prg1/cntrl.csv, 共67行
2025-11-01 05:22:01,591 - src.ui.main_window - WARNING - 从cntrl.csv获取参数类型失败: 'list' object has no attribute 'get'
2025-11-01 05:22:01,592 - src.data.csv_processor - INFO - CSV文件读取成功: config/master/prg1/load.csv, 共11行
2025-11-01 05:22:01,592 - src.ui.main_window - WARNING - 从load.csv获取参数类型失败: 'list' object has no attribute 'get'
2025-11-01 05:22:01,593 - src.data.csv_processor - INFO - CSV文件读取成功: config/master/prg1/cntrl.csv, 共67行
2025-11-01 05:22:01,593 - src.ui.main_window - WARNING - 从cntrl.csv获取参数类型失败: 'list' object has no attribute 'get'
2025-11-01 05:22:01,593 - src.data.csv_processor - INFO - CSV文件读取成功: config/master/prg1/load.csv, 共11行
2025-11-01 05:22:01,593 - src.ui.main_window - WARNING - 从load.csv获取参数类型失败: 'list' object has no attribute 'get'
2025-11-01 05:22:01,593 - src.data.csv_processor - INFO - CSV文件读取成功: config/master/prg1/cntrl.csv, 共67行
2025-11-01 05:22:01,593 - src.ui.main_window - WARNING - 从cntrl.csv获取参数类型失败: 'list' object has no attribute 'get'
2025-11-01 05:22:01,593 - src.data.csv_processor - INFO - CSV文件读取成功: config/master/prg1/load.csv, 共11行
2025-11-01 05:22:01,593 - src.ui.main_window - WARNING - 从load.csv获取参数类型失败: 'list' object has no attribute 'get'
2025-11-01 05:22:01,593 - src.data.csv_processor - INFO - CSV文件读取成功: config/master/prg1/cntrl.csv, 共67行
2025-11-01 05:22:01,593 - src.ui.main_window - WARNING - 从cntrl.csv获取参数类型失败: 'list' object has no attribute 'get'
2025-11-01 05:22:01,597 - src.data.csv_processor - INFO - CSV文件读取成功: config/master/prg1/load.csv, 共11行
2025-11-01 05:22:01,597 - src.ui.main_window - WARNING - 从load.csv获取参数类型失败: 'list' object has no attribute 'get'
2025-11-01 05:22:01,598 - src.data.csv_processor - INFO - CSV文件读取成功: config/master/prg1/cntrl.csv, 共67行
2025-11-01 05:22:01,598 - src.ui.main_window - WARNING - 从cntrl.csv获取参数类型失败: 'list' object has no attribute 'get'
2025-11-01 05:22:01,599 - src.data.csv_processor - INFO - CSV文件读取成功: config/master/prg1/load.csv, 共11行
2025-11-01 05:22:01,599 - src.ui.main_window - WARNING - 从load.csv获取参数类型失败: 'list' object has no attribute 'get'
2025-11-01 05:22:01,599 - src.data.csv_processor - INFO - CSV文件读取成功: config/master/prg1/cntrl.csv, 共67行
2025-11-01 05:22:01,599 - src.ui.main_window - WARNING - 从cntrl.csv获取参数类型失败: 'list' object has no attribute 'get'
2025-11-01 05:22:01,599 - src.data.csv_processor - INFO - CSV文件读取成功: config/master/prg1/load.csv, 共11行
2025-11-01 05:22:01,599 - src.ui.main_window - WARNING - 从load.csv获取参数类型失败: 'list' object has no attribute 'get'
2025-11-01 05:22:01,599 - src.data.csv_processor - INFO - CSV文件读取成功: config/master/prg1/cntrl.csv, 共67行
2025-11-01 05:22:01,601 - src.ui.main_window - WARNING - 从cntrl.csv获取参数类型失败: 'list' object has no attribute 'get'
2025-11-01 05:22:01,602 - src.data.csv_processor - INFO - CSV文件读取成功: config/master/prg1/load.csv, 共11行
2025-11-01 05:22:01,602 - src.ui.main_window - WARNING - 从load.csv获取参数类型失败: 'list' object has no attribute 'get'
2025-11-01 05:22:01,602 - src.data.csv_processor - INFO - CSV文件读取成功: config/master/prg1/cntrl.csv, 共67行
2025-11-01 05:22:01,602 - src.ui.main_window - WARNING - 从cntrl.csv获取参数类型失败: 'list' object has no attribute 'get'
2025-11-01 05:22:01,603 - src.data.csv_processor - INFO - CSV文件读取成功: config/master/prg1/load.csv, 共11行
2025-11-01 05:22:01,603 - src.ui.main_window - WARNING - 从load.csv获取参数类型失败: 'list' object has no attribute 'get'
2025-11-01 05:22:01,603 - src.data.csv_processor - INFO - CSV文件读取成功: config/master/prg1/cntrl.csv, 共67行
2025-11-01 05:22:01,603 - src.ui.main_window - WARNING - 从cntrl.csv获取参数类型失败: 'list' object has no attribute 'get'
2025-11-01 05:22:01,604 - src.data.csv_processor - INFO - CSV文件读取成功: config/master/prg1/load.csv, 共11行
2025-11-01 05:22:01,604 - src.ui.main_window - WARNING - 从load.csv获取参数类型失败: 'list' object has no attribute 'get'
2025-11-01 05:22:01,604 - src.data.csv_processor - INFO - CSV文件读取成功: config/master/prg1/cntrl.csv, 共67行
2025-11-01 05:22:01,604 - src.ui.main_window - WARNING - 从cntrl.csv获取参数类型失败: 'list' object has no attribute 'get'
2025-11-01 05:22:01,605 - src.data.csv_processor - INFO - CSV文件读取成功: config/master/prg1/load.csv, 共11行
2025-11-01 05:22:01,605 - src.ui.main_window - WARNING - 从load.csv获取参数类型失败: 'list' object has no attribute 'get'
2025-11-01 05:22:01,605 - src.data.csv_processor - INFO - CSV文件读取成功: config/master/prg1/cntrl.csv, 共67行
2025-11-01 05:22:01,605 - src.ui.main_window - WARNING - 从cntrl.csv获取参数类型失败: 'list' object has no attribute 'get'
2025-11-01 05:22:01,605 - src.data.csv_processor - INFO - CSV文件读取成功: config/master/prg1/load.csv, 共11行
2025-11-01 05:22:01,605 - src.ui.main_window - WARNING - 从load.csv获取参数类型失败: 'list' object has no attribute 'get'
2025-11-01 05:22:01,605 - src.data.csv_processor - INFO - CSV文件读取成功: config/master/prg1/cntrl.csv, 共67行
2025-11-01 05:22:01,605 - src.ui.main_window - WARNING - 从cntrl.csv获取参数类型失败: 'list' object has no attribute 'get'
2025-11-01 05:22:01,605 - src.data.csv_processor - INFO - CSV文件读取成功: config/master/prg1/load.csv, 共11行
2025-11-01 05:22:01,605 - src.ui.main_window - WARNING - 从load.csv获取参数类型失败: 'list' object has no attribute 'get'
2025-11-01 05:22:01,605 - src.data.csv_processor - INFO - CSV文件读取成功: config/master/prg1/cntrl.csv, 共67行
2025-11-01 05:22:01,605 - src.ui.main_window - WARNING - 从cntrl.csv获取参数类型失败: 'list' object has no attribute 'get'
2025-11-01 05:22:01,605 - src.data.csv_processor - INFO - CSV文件读取成功: config/master/prg1/load.csv, 共11行
2025-11-01 05:22:01,605 - src.ui.main_window - WARNING - 从load.csv获取参数类型失败: 'list' object has no attribute 'get'
2025-11-01 05:22:01,605 - src.data.csv_processor - INFO - CSV文件读取成功: config/master/prg1/cntrl.csv, 共67行
2025-11-01 05:22:01,605 - src.ui.main_window - WARNING - 从cntrl.csv获取参数类型失败: 'list' object has no attribute 'get'
2025-11-01 05:22:01,605 - src.data.csv_processor - INFO - CSV文件读取成功: config/master/prg1/load.csv, 共11行
2025-11-01 05:22:01,605 - src.ui.main_window - WARNING - 从load.csv获取参数类型失败: 'list' object has no attribute 'get'
2025-11-01 05:22:01,605 - src.data.csv_processor - INFO - CSV文件读取成功: config/master/prg1/cntrl.csv, 共67行
2025-11-01 05:22:01,605 - src.ui.main_window - WARNING - 从cntrl.csv获取参数类型失败: 'list' object has no attribute 'get'
2025-11-01 05:24:11,436 - src.communication.named_pipe - WARNING - 命名管道服务器未在运行
2025-11-01 05:24:11,437 - src.data.file_manager - INFO - 所有文件已关闭
2025-11-01 05:47:06,003 - DNCSystem - INFO - DNC Python 系统启动
2025-11-01 05:47:06,003 - src.core.config - INFO - 配置加载成功
2025-11-01 05:47:06,003 - src.data.csv_processor - INFO - CSV文件读取为字典成功: config\master\ini.csv, 共46行
2025-11-01 05:47:06,012 - src.data.csv_processor - INFO - CSV文件读取为字典成功: config\master\ini.csv, 共46行
2025-11-01 05:47:06,012 - src.data.csv_processor - INFO - CSV文件读取为字典成功: config\master\header.csv, 共5行
2025-11-01 05:47:06,012 - src.data.csv_processor - INFO - CSV文件读取为字典成功: config\master\type_define.csv, 共9行
2025-11-01 05:47:06,012 - src.data.csv_processor - INFO - CSV文件读取为字典成功: config\master\type_relation.csv, 共0行
2025-11-01 05:47:06,015 - src.data.csv_processor - INFO - CSV文件读取为字典成功: config\master\type_chngvl.csv, 共0行
2025-11-01 05:47:06,015 - src.data.csv_processor - INFO - CSV文件读取为字典成功: config\master\type_prg.csv, 共9行
2025-11-01 05:47:06,015 - src.data.csv_processor - INFO - CSV文件读取为字典成功: config\master\prg.csv, 共2行
2025-11-01 05:47:06,019 - DNCSystem - INFO - DNC Python 系统初始化成功
2025-11-01 05:47:06,745 - src.ui.main_window - INFO - 宏文件生成器初始化成功
2025-11-01 05:47:55,954 - src.ui.main_window - INFO - 参数已更新: {'basic': {'workpiece_name': '', 'workpiece_id': '', 'process_type': '铣削', 'precision': '普通'}, 'geometry': {'length': 0.0, 'width': 0.0, 'height': 0.0, 'diameter': 0.0, 'angle': 0.0}, 'process': {'spindle_speed': 0.0, 'feed_rate': 0.0, 'cut_depth': 0.0, 'cut_width': 0.0}, 'material': {'material_type': '碳钢', 'material_hardness': '软', 'material_strength': 0.0}, 'model': {'model_type': '自动识别', 'model_description': '123@GPA20GT15040_A-H8@3', 'current_model': None}}
2025-11-01 05:47:55,954 - src.data.csv_processor - INFO - CSV文件读取为字典成功: config\master\ini.csv, 共46行
2025-11-01 05:47:55,954 - src.data.csv_processor - INFO - CSV文件读取为字典成功: config\master\header.csv, 共5行
2025-11-01 05:47:55,954 - src.ui.main_window - INFO - 型号识别完成: {'model': 'GPA20GT15040_A-H8', 'qr_code': '123@GPA20GT15040_A-H8@3', 'po': '', 'quantity': '', 'recognition_mode': 'QR', 'confidence': 1.0, 'error_message': None}
2025-11-01 05:48:03,389 - src.ui.main_window - INFO - 转让按钮点击，参数: {'#1': '', '#2': '', '#3': '', '#4': '', '#5': '', '#6': '', '#7': '', '#8': '', '#9': '', '#10': '', '#11': 'defineBTC', '#12': 'defineTL', '#500': '', '#501': '1', '#502': '1', '#503': '关系1', '#504': '关系1', '#505': '', '#506': '', '#507': '', '#508': '选项1', '#509': '关系1', '#510': '关系1', '#511': '10.19', '#512': '9.68', '#513': '关系1', '#514': '', '#515': '', '#516': '关系1', '#517': '', '#518': '', '#519': '7', '#520': '', '#521': '', '#522': '关系1', '#523': '', '#524': '', '#525': '', '#526': '', '#527': '', '#528': '关系1', '#529': '', '#530': '', '#531': '', '#532': '', '#533': '', '#534': '', '#535': '', '#536': '', '#537': '', '#538': '', '#539': '', '#540': '', '#541': '', '#542': '', '#543': '', '#544': '', '#545': '关系1', '#546': '关系1', '#547': '关系1', '#548': '', '#549': '', '#550': '', '#602': False, '#603': '0', '#605': 'relationYSTA'}
2025-11-01 05:48:03,389 - src.data.csv_processor - INFO - CSV文件读取成功: config/master/prg1/load.csv, 共11行
2025-11-01 05:48:03,389 - src.ui.main_window - WARNING - 从load.csv获取参数类型失败: 'list' object has no attribute 'get'
2025-11-01 05:48:03,389 - src.data.csv_processor - INFO - CSV文件读取成功: config/master/prg1/cntrl.csv, 共67行
2025-11-01 05:48:03,389 - src.ui.main_window - WARNING - 从cntrl.csv获取参数类型失败: 'list' object has no attribute 'get'
2025-11-01 05:48:03,389 - src.data.csv_processor - INFO - CSV文件读取成功: config/master/prg1/load.csv, 共11行
2025-11-01 05:48:03,389 - src.ui.main_window - WARNING - 从load.csv获取参数类型失败: 'list' object has no attribute 'get'
2025-11-01 05:48:03,389 - src.data.csv_processor - INFO - CSV文件读取成功: config/master/prg1/cntrl.csv, 共67行
2025-11-01 05:48:03,389 - src.ui.main_window - WARNING - 从cntrl.csv获取参数类型失败: 'list' object has no attribute 'get'
2025-11-01 05:48:03,389 - src.data.csv_processor - INFO - CSV文件读取成功: config/master/prg1/load.csv, 共11行
2025-11-01 05:48:03,389 - src.ui.main_window - WARNING - 从load.csv获取参数类型失败: 'list' object has no attribute 'get'
2025-11-01 05:48:03,389 - src.data.csv_processor - INFO - CSV文件读取成功: config/master/prg1/cntrl.csv, 共67行
2025-11-01 05:48:03,389 - src.ui.main_window - WARNING - 从cntrl.csv获取参数类型失败: 'list' object has no attribute 'get'
2025-11-01 05:48:03,401 - src.data.csv_processor - INFO - CSV文件读取成功: config/master/prg1/load.csv, 共11行
2025-11-01 05:48:03,401 - src.ui.main_window - WARNING - 从load.csv获取参数类型失败: 'list' object has no attribute 'get'
2025-11-01 05:48:03,401 - src.data.csv_processor - INFO - CSV文件读取成功: config/master/prg1/cntrl.csv, 共67行
2025-11-01 05:48:03,402 - src.ui.main_window - WARNING - 从cntrl.csv获取参数类型失败: 'list' object has no attribute 'get'
2025-11-01 05:48:03,403 - src.data.csv_processor - INFO - CSV文件读取成功: config/master/prg1/load.csv, 共11行
2025-11-01 05:48:03,403 - src.ui.main_window - WARNING - 从load.csv获取参数类型失败: 'list' object has no attribute 'get'
2025-11-01 05:48:03,403 - src.data.csv_processor - INFO - CSV文件读取成功: config/master/prg1/cntrl.csv, 共67行
2025-11-01 05:48:03,403 - src.ui.main_window - WARNING - 从cntrl.csv获取参数类型失败: 'list' object has no attribute 'get'
2025-11-01 05:48:03,405 - src.data.csv_processor - INFO - CSV文件读取成功: config/master/prg1/load.csv, 共11行
2025-11-01 05:48:03,405 - src.ui.main_window - WARNING - 从load.csv获取参数类型失败: 'list' object has no attribute 'get'
2025-11-01 05:48:03,406 - src.data.csv_processor - INFO - CSV文件读取成功: config/master/prg1/cntrl.csv, 共67行
2025-11-01 05:48:03,406 - src.ui.main_window - WARNING - 从cntrl.csv获取参数类型失败: 'list' object has no attribute 'get'
2025-11-01 05:48:03,407 - src.data.csv_processor - INFO - CSV文件读取成功: config/master/prg1/load.csv, 共11行
2025-11-01 05:48:03,407 - src.ui.main_window - WARNING - 从load.csv获取参数类型失败: 'list' object has no attribute 'get'
2025-11-01 05:48:03,408 - src.data.csv_processor - INFO - CSV文件读取成功: config/master/prg1/cntrl.csv, 共67行
2025-11-01 05:48:03,408 - src.ui.main_window - WARNING - 从cntrl.csv获取参数类型失败: 'list' object has no attribute 'get'
2025-11-01 05:48:03,409 - src.data.csv_processor - INFO - CSV文件读取成功: config/master/prg1/load.csv, 共11行
2025-11-01 05:48:03,409 - src.ui.main_window - WARNING - 从load.csv获取参数类型失败: 'list' object has no attribute 'get'
2025-11-01 05:48:03,409 - src.data.csv_processor - INFO - CSV文件读取成功: config/master/prg1/cntrl.csv, 共67行
2025-11-01 05:48:03,409 - src.ui.main_window - WARNING - 从cntrl.csv获取参数类型失败: 'list' object has no attribute 'get'
2025-11-01 05:48:03,410 - src.data.csv_processor - INFO - CSV文件读取成功: config/master/prg1/load.csv, 共11行
2025-11-01 05:48:03,410 - src.ui.main_window - WARNING - 从load.csv获取参数类型失败: 'list' object has no attribute 'get'
2025-11-01 05:48:03,411 - src.data.csv_processor - INFO - CSV文件读取成功: config/master/prg1/cntrl.csv, 共67行
2025-11-01 05:48:03,411 - src.ui.main_window - WARNING - 从cntrl.csv获取参数类型失败: 'list' object has no attribute 'get'
2025-11-01 05:48:03,411 - src.data.csv_processor - INFO - CSV文件读取成功: config/master/prg1/load.csv, 共11行
2025-11-01 05:48:03,411 - src.ui.main_window - WARNING - 从load.csv获取参数类型失败: 'list' object has no attribute 'get'
2025-11-01 05:48:03,411 - src.data.csv_processor - INFO - CSV文件读取成功: config/master/prg1/cntrl.csv, 共67行
2025-11-01 05:48:03,411 - src.ui.main_window - WARNING - 从cntrl.csv获取参数类型失败: 'list' object has no attribute 'get'
2025-11-01 05:48:03,411 - src.data.csv_processor - INFO - CSV文件读取成功: config/master/prg1/load.csv, 共11行
2025-11-01 05:48:03,411 - src.ui.main_window - WARNING - 从load.csv获取参数类型失败: 'list' object has no attribute 'get'
2025-11-01 05:48:03,411 - src.data.csv_processor - INFO - CSV文件读取成功: config/master/prg1/cntrl.csv, 共67行
2025-11-01 05:48:03,411 - src.ui.main_window - WARNING - 从cntrl.csv获取参数类型失败: 'list' object has no attribute 'get'
2025-11-01 05:48:03,411 - src.data.csv_processor - INFO - CSV文件读取成功: config/master/prg1/load.csv, 共11行
2025-11-01 05:48:03,411 - src.ui.main_window - WARNING - 从load.csv获取参数类型失败: 'list' object has no attribute 'get'
2025-11-01 05:48:03,411 - src.data.csv_processor - INFO - CSV文件读取成功: config/master/prg1/cntrl.csv, 共67行
2025-11-01 05:48:03,411 - src.ui.main_window - WARNING - 从cntrl.csv获取参数类型失败: 'list' object has no attribute 'get'
2025-11-01 05:48:03,415 - src.data.csv_processor - INFO - CSV文件读取成功: config/master/prg1/load.csv, 共11行
2025-11-01 05:48:03,415 - src.ui.main_window - WARNING - 从load.csv获取参数类型失败: 'list' object has no attribute 'get'
2025-11-01 05:48:03,415 - src.data.csv_processor - INFO - CSV文件读取成功: config/master/prg1/cntrl.csv, 共67行
2025-11-01 05:48:03,415 - src.ui.main_window - WARNING - 从cntrl.csv获取参数类型失败: 'list' object has no attribute 'get'
2025-11-01 05:48:03,415 - src.data.csv_processor - INFO - CSV文件读取成功: config/master/prg1/load.csv, 共11行
2025-11-01 05:48:03,415 - src.ui.main_window - WARNING - 从load.csv获取参数类型失败: 'list' object has no attribute 'get'
2025-11-01 05:48:03,415 - src.data.csv_processor - INFO - CSV文件读取成功: config/master/prg1/cntrl.csv, 共67行
2025-11-01 05:48:03,415 - src.ui.main_window - WARNING - 从cntrl.csv获取参数类型失败: 'list' object has no attribute 'get'
2025-11-01 05:48:03,415 - src.data.csv_processor - INFO - CSV文件读取成功: config/master/prg1/load.csv, 共11行
2025-11-01 05:48:03,415 - src.ui.main_window - WARNING - 从load.csv获取参数类型失败: 'list' object has no attribute 'get'
2025-11-01 05:48:03,415 - src.data.csv_processor - INFO - CSV文件读取成功: config/master/prg1/cntrl.csv, 共67行
2025-11-01 05:48:03,417 - src.ui.main_window - WARNING - 从cntrl.csv获取参数类型失败: 'list' object has no attribute 'get'
2025-11-01 05:48:03,418 - src.data.csv_processor - INFO - CSV文件读取成功: config/master/prg1/load.csv, 共11行
2025-11-01 05:48:03,418 - src.ui.main_window - WARNING - 从load.csv获取参数类型失败: 'list' object has no attribute 'get'
2025-11-01 05:48:03,418 - src.data.csv_processor - INFO - CSV文件读取成功: config/master/prg1/cntrl.csv, 共67行
2025-11-01 05:48:03,418 - src.ui.main_window - WARNING - 从cntrl.csv获取参数类型失败: 'list' object has no attribute 'get'
2025-11-01 05:48:03,419 - src.data.csv_processor - INFO - CSV文件读取成功: config/master/prg1/load.csv, 共11行
2025-11-01 05:48:03,419 - src.ui.main_window - WARNING - 从load.csv获取参数类型失败: 'list' object has no attribute 'get'
2025-11-01 05:48:03,419 - src.data.csv_processor - INFO - CSV文件读取成功: config/master/prg1/cntrl.csv, 共67行
2025-11-01 05:48:03,419 - src.ui.main_window - WARNING - 从cntrl.csv获取参数类型失败: 'list' object has no attribute 'get'
2025-11-01 05:48:03,420 - src.data.csv_processor - INFO - CSV文件读取成功: config/master/prg1/load.csv, 共11行
2025-11-01 05:48:03,420 - src.ui.main_window - WARNING - 从load.csv获取参数类型失败: 'list' object has no attribute 'get'
2025-11-01 05:48:03,420 - src.data.csv_processor - INFO - CSV文件读取成功: config/master/prg1/cntrl.csv, 共67行
2025-11-01 05:48:03,421 - src.ui.main_window - WARNING - 从cntrl.csv获取参数类型失败: 'list' object has no attribute 'get'
2025-11-01 05:48:03,421 - src.data.csv_processor - INFO - CSV文件读取成功: config/master/prg1/load.csv, 共11行
2025-11-01 05:48:03,421 - src.ui.main_window - WARNING - 从load.csv获取参数类型失败: 'list' object has no attribute 'get'
2025-11-01 05:48:03,421 - src.data.csv_processor - INFO - CSV文件读取成功: config/master/prg1/cntrl.csv, 共67行
2025-11-01 05:48:03,421 - src.ui.main_window - WARNING - 从cntrl.csv获取参数类型失败: 'list' object has no attribute 'get'
2025-11-01 05:48:03,421 - src.data.csv_processor - INFO - CSV文件读取成功: config/master/prg1/load.csv, 共11行
2025-11-01 05:48:03,421 - src.ui.main_window - WARNING - 从load.csv获取参数类型失败: 'list' object has no attribute 'get'
2025-11-01 05:48:03,421 - src.data.csv_processor - INFO - CSV文件读取成功: config/master/prg1/cntrl.csv, 共67行
2025-11-01 05:48:03,421 - src.ui.main_window - WARNING - 从cntrl.csv获取参数类型失败: 'list' object has no attribute 'get'
2025-11-01 05:48:03,421 - src.data.csv_processor - INFO - CSV文件读取成功: config/master/prg1/load.csv, 共11行
2025-11-01 05:48:03,421 - src.ui.main_window - WARNING - 从load.csv获取参数类型失败: 'list' object has no attribute 'get'
2025-11-01 05:48:03,421 - src.data.csv_processor - INFO - CSV文件读取成功: config/master/prg1/cntrl.csv, 共67行
2025-11-01 05:48:03,421 - src.ui.main_window - WARNING - 从cntrl.csv获取参数类型失败: 'list' object has no attribute 'get'
2025-11-01 05:48:03,421 - src.data.csv_processor - INFO - CSV文件读取成功: config/master/prg1/load.csv, 共11行
2025-11-01 05:48:03,421 - src.ui.main_window - WARNING - 从load.csv获取参数类型失败: 'list' object has no attribute 'get'
2025-11-01 05:48:03,421 - src.data.csv_processor - INFO - CSV文件读取成功: config/master/prg1/cntrl.csv, 共67行
2025-11-01 05:48:03,421 - src.ui.main_window - WARNING - 从cntrl.csv获取参数类型失败: 'list' object has no attribute 'get'
2025-11-01 05:48:03,421 - src.data.csv_processor - INFO - CSV文件读取成功: config/master/prg1/load.csv, 共11行
2025-11-01 05:48:03,421 - src.ui.main_window - WARNING - 从load.csv获取参数类型失败: 'list' object has no attribute 'get'
2025-11-01 05:48:03,421 - src.data.csv_processor - INFO - CSV文件读取成功: config/master/prg1/cntrl.csv, 共67行
2025-11-01 05:48:03,421 - src.ui.main_window - WARNING - 从cntrl.csv获取参数类型失败: 'list' object has no attribute 'get'
2025-11-01 05:48:03,421 - src.data.csv_processor - INFO - CSV文件读取成功: config/master/prg1/load.csv, 共11行
2025-11-01 05:48:03,421 - src.ui.main_window - WARNING - 从load.csv获取参数类型失败: 'list' object has no attribute 'get'
2025-11-01 05:48:03,421 - src.data.csv_processor - INFO - CSV文件读取成功: config/master/prg1/cntrl.csv, 共67行
2025-11-01 05:48:03,421 - src.ui.main_window - WARNING - 从cntrl.csv获取参数类型失败: 'list' object has no attribute 'get'
2025-11-01 05:48:03,427 - src.data.csv_processor - INFO - CSV文件读取成功: config/master/prg1/load.csv, 共11行
2025-11-01 05:48:03,427 - src.ui.main_window - WARNING - 从load.csv获取参数类型失败: 'list' object has no attribute 'get'
2025-11-01 05:48:03,427 - src.data.csv_processor - INFO - CSV文件读取成功: config/master/prg1/cntrl.csv, 共67行
2025-11-01 05:48:03,428 - src.ui.main_window - WARNING - 从cntrl.csv获取参数类型失败: 'list' object has no attribute 'get'
2025-11-01 05:48:03,428 - src.data.csv_processor - INFO - CSV文件读取成功: config/master/prg1/load.csv, 共11行
2025-11-01 05:48:03,428 - src.ui.main_window - WARNING - 从load.csv获取参数类型失败: 'list' object has no attribute 'get'
2025-11-01 05:48:03,428 - src.data.csv_processor - INFO - CSV文件读取成功: config/master/prg1/cntrl.csv, 共67行
2025-11-01 05:48:03,429 - src.ui.main_window - WARNING - 从cntrl.csv获取参数类型失败: 'list' object has no attribute 'get'
2025-11-01 05:48:03,429 - src.data.csv_processor - INFO - CSV文件读取成功: config/master/prg1/load.csv, 共11行
2025-11-01 05:48:03,429 - src.ui.main_window - WARNING - 从load.csv获取参数类型失败: 'list' object has no attribute 'get'
2025-11-01 05:48:03,429 - src.data.csv_processor - INFO - CSV文件读取成功: config/master/prg1/cntrl.csv, 共67行
2025-11-01 05:48:03,429 - src.ui.main_window - WARNING - 从cntrl.csv获取参数类型失败: 'list' object has no attribute 'get'
2025-11-01 05:48:03,430 - src.data.csv_processor - INFO - CSV文件读取成功: config/master/prg1/load.csv, 共11行
2025-11-01 05:48:03,430 - src.ui.main_window - WARNING - 从load.csv获取参数类型失败: 'list' object has no attribute 'get'
2025-11-01 05:48:03,430 - src.data.csv_processor - INFO - CSV文件读取成功: config/master/prg1/cntrl.csv, 共67行
2025-11-01 05:48:03,430 - src.ui.main_window - WARNING - 从cntrl.csv获取参数类型失败: 'list' object has no attribute 'get'
2025-11-01 05:48:03,431 - src.data.csv_processor - INFO - CSV文件读取成功: config/master/prg1/load.csv, 共11行
2025-11-01 05:48:03,431 - src.ui.main_window - WARNING - 从load.csv获取参数类型失败: 'list' object has no attribute 'get'
2025-11-01 05:48:03,431 - src.data.csv_processor - INFO - CSV文件读取成功: config/master/prg1/cntrl.csv, 共67行
2025-11-01 05:48:03,431 - src.ui.main_window - WARNING - 从cntrl.csv获取参数类型失败: 'list' object has no attribute 'get'
2025-11-01 05:48:03,431 - src.data.csv_processor - INFO - CSV文件读取成功: config/master/prg1/load.csv, 共11行
2025-11-01 05:48:03,431 - src.ui.main_window - WARNING - 从load.csv获取参数类型失败: 'list' object has no attribute 'get'
2025-11-01 05:48:03,431 - src.data.csv_processor - INFO - CSV文件读取成功: config/master/prg1/cntrl.csv, 共67行
2025-11-01 05:48:03,431 - src.ui.main_window - WARNING - 从cntrl.csv获取参数类型失败: 'list' object has no attribute 'get'
2025-11-01 05:48:03,431 - src.data.csv_processor - INFO - CSV文件读取成功: config/master/prg1/load.csv, 共11行
2025-11-01 05:48:03,431 - src.ui.main_window - WARNING - 从load.csv获取参数类型失败: 'list' object has no attribute 'get'
2025-11-01 05:48:03,431 - src.data.csv_processor - INFO - CSV文件读取成功: config/master/prg1/cntrl.csv, 共67行
2025-11-01 05:48:03,431 - src.ui.main_window - WARNING - 从cntrl.csv获取参数类型失败: 'list' object has no attribute 'get'
2025-11-01 05:48:03,431 - src.data.csv_processor - INFO - CSV文件读取成功: config/master/prg1/load.csv, 共11行
2025-11-01 05:48:03,431 - src.ui.main_window - WARNING - 从load.csv获取参数类型失败: 'list' object has no attribute 'get'
2025-11-01 05:48:03,431 - src.data.csv_processor - INFO - CSV文件读取成功: config/master/prg1/cntrl.csv, 共67行
2025-11-01 05:48:03,431 - src.ui.main_window - WARNING - 从cntrl.csv获取参数类型失败: 'list' object has no attribute 'get'
2025-11-01 05:48:03,431 - src.data.csv_processor - INFO - CSV文件读取成功: config/master/prg1/load.csv, 共11行
2025-11-01 05:48:03,431 - src.ui.main_window - WARNING - 从load.csv获取参数类型失败: 'list' object has no attribute 'get'
2025-11-01 05:48:03,431 - src.data.csv_processor - INFO - CSV文件读取成功: config/master/prg1/cntrl.csv, 共67行
2025-11-01 05:48:03,431 - src.ui.main_window - WARNING - 从cntrl.csv获取参数类型失败: 'list' object has no attribute 'get'
2025-11-01 05:48:03,431 - src.data.csv_processor - INFO - CSV文件读取成功: config/master/prg1/load.csv, 共11行
2025-11-01 05:48:03,431 - src.ui.main_window - WARNING - 从load.csv获取参数类型失败: 'list' object has no attribute 'get'
2025-11-01 05:48:03,431 - src.data.csv_processor - INFO - CSV文件读取成功: config/master/prg1/cntrl.csv, 共67行
2025-11-01 05:48:03,431 - src.ui.main_window - WARNING - 从cntrl.csv获取参数类型失败: 'list' object has no attribute 'get'
2025-11-01 05:48:03,436 - src.data.csv_processor - INFO - CSV文件读取成功: config/master/prg1/load.csv, 共11行
2025-11-01 05:48:03,436 - src.ui.main_window - WARNING - 从load.csv获取参数类型失败: 'list' object has no attribute 'get'
2025-11-01 05:48:03,436 - src.data.csv_processor - INFO - CSV文件读取成功: config/master/prg1/cntrl.csv, 共67行
2025-11-01 05:48:03,436 - src.ui.main_window - WARNING - 从cntrl.csv获取参数类型失败: 'list' object has no attribute 'get'
2025-11-01 05:48:03,436 - src.data.csv_processor - INFO - CSV文件读取成功: config/master/prg1/load.csv, 共11行
2025-11-01 05:48:03,436 - src.ui.main_window - WARNING - 从load.csv获取参数类型失败: 'list' object has no attribute 'get'
2025-11-01 05:48:03,436 - src.data.csv_processor - INFO - CSV文件读取成功: config/master/prg1/cntrl.csv, 共67行
2025-11-01 05:48:03,436 - src.ui.main_window - WARNING - 从cntrl.csv获取参数类型失败: 'list' object has no attribute 'get'
2025-11-01 05:48:03,439 - src.data.csv_processor - INFO - CSV文件读取成功: config/master/prg1/load.csv, 共11行
2025-11-01 05:48:03,439 - src.ui.main_window - WARNING - 从load.csv获取参数类型失败: 'list' object has no attribute 'get'
2025-11-01 05:48:03,439 - src.data.csv_processor - INFO - CSV文件读取成功: config/master/prg1/cntrl.csv, 共67行
2025-11-01 05:48:03,439 - src.ui.main_window - WARNING - 从cntrl.csv获取参数类型失败: 'list' object has no attribute 'get'
2025-11-01 05:48:03,439 - src.data.csv_processor - INFO - CSV文件读取成功: config/master/prg1/load.csv, 共11行
2025-11-01 05:48:03,439 - src.ui.main_window - WARNING - 从load.csv获取参数类型失败: 'list' object has no attribute 'get'
2025-11-01 05:48:03,441 - src.data.csv_processor - INFO - CSV文件读取成功: config/master/prg1/cntrl.csv, 共67行
2025-11-01 05:48:03,441 - src.ui.main_window - WARNING - 从cntrl.csv获取参数类型失败: 'list' object has no attribute 'get'
2025-11-01 05:48:03,441 - src.data.csv_processor - INFO - CSV文件读取成功: config/master/prg1/load.csv, 共11行
2025-11-01 05:48:03,441 - src.ui.main_window - WARNING - 从load.csv获取参数类型失败: 'list' object has no attribute 'get'
2025-11-01 05:48:03,441 - src.data.csv_processor - INFO - CSV文件读取成功: config/master/prg1/cntrl.csv, 共67行
2025-11-01 05:48:03,442 - src.ui.main_window - WARNING - 从cntrl.csv获取参数类型失败: 'list' object has no attribute 'get'
2025-11-01 05:48:03,442 - src.data.csv_processor - INFO - CSV文件读取成功: config/master/prg1/load.csv, 共11行
2025-11-01 05:48:03,442 - src.ui.main_window - WARNING - 从load.csv获取参数类型失败: 'list' object has no attribute 'get'
2025-11-01 05:48:03,442 - src.data.csv_processor - INFO - CSV文件读取成功: config/master/prg1/cntrl.csv, 共67行
2025-11-01 05:48:03,442 - src.ui.main_window - WARNING - 从cntrl.csv获取参数类型失败: 'list' object has no attribute 'get'
2025-11-01 05:48:03,443 - src.data.csv_processor - INFO - CSV文件读取成功: config/master/prg1/load.csv, 共11行
2025-11-01 05:48:03,443 - src.ui.main_window - WARNING - 从load.csv获取参数类型失败: 'list' object has no attribute 'get'
2025-11-01 05:48:03,443 - src.data.csv_processor - INFO - CSV文件读取成功: config/master/prg1/cntrl.csv, 共67行
2025-11-01 05:48:03,443 - src.ui.main_window - WARNING - 从cntrl.csv获取参数类型失败: 'list' object has no attribute 'get'
2025-11-01 05:48:03,443 - src.data.csv_processor - INFO - CSV文件读取成功: config/master/prg1/load.csv, 共11行
2025-11-01 05:48:03,444 - src.ui.main_window - WARNING - 从load.csv获取参数类型失败: 'list' object has no attribute 'get'
2025-11-01 05:48:03,444 - src.data.csv_processor - INFO - CSV文件读取成功: config/master/prg1/cntrl.csv, 共67行
2025-11-01 05:48:03,444 - src.ui.main_window - WARNING - 从cntrl.csv获取参数类型失败: 'list' object has no attribute 'get'
2025-11-01 05:48:03,444 - src.data.csv_processor - INFO - CSV文件读取成功: config/master/prg1/load.csv, 共11行
2025-11-01 05:48:03,444 - src.ui.main_window - WARNING - 从load.csv获取参数类型失败: 'list' object has no attribute 'get'
2025-11-01 05:48:03,445 - src.data.csv_processor - INFO - CSV文件读取成功: config/master/prg1/cntrl.csv, 共67行
2025-11-01 05:48:03,445 - src.ui.main_window - WARNING - 从cntrl.csv获取参数类型失败: 'list' object has no attribute 'get'
2025-11-01 05:48:03,445 - src.data.csv_processor - INFO - CSV文件读取成功: config/master/prg1/load.csv, 共11行
2025-11-01 05:48:03,445 - src.ui.main_window - WARNING - 从load.csv获取参数类型失败: 'list' object has no attribute 'get'
2025-11-01 05:48:03,445 - src.data.csv_processor - INFO - CSV文件读取成功: config/master/prg1/cntrl.csv, 共67行
2025-11-01 05:48:03,445 - src.ui.main_window - WARNING - 从cntrl.csv获取参数类型失败: 'list' object has no attribute 'get'
2025-11-01 05:48:03,445 - src.data.csv_processor - INFO - CSV文件读取成功: config/master/prg1/load.csv, 共11行
2025-11-01 05:48:03,445 - src.ui.main_window - WARNING - 从load.csv获取参数类型失败: 'list' object has no attribute 'get'
2025-11-01 05:48:03,445 - src.data.csv_processor - INFO - CSV文件读取成功: config/master/prg1/cntrl.csv, 共67行
2025-11-01 05:48:03,445 - src.ui.main_window - WARNING - 从cntrl.csv获取参数类型失败: 'list' object has no attribute 'get'
2025-11-01 05:48:03,445 - src.data.csv_processor - INFO - CSV文件读取成功: config/master/prg1/load.csv, 共11行
2025-11-01 05:48:03,447 - src.ui.main_window - WARNING - 从load.csv获取参数类型失败: 'list' object has no attribute 'get'
2025-11-01 05:48:03,447 - src.data.csv_processor - INFO - CSV文件读取成功: config/master/prg1/cntrl.csv, 共67行
2025-11-01 05:48:03,447 - src.ui.main_window - WARNING - 从cntrl.csv获取参数类型失败: 'list' object has no attribute 'get'
2025-11-01 05:48:03,447 - src.data.csv_processor - INFO - CSV文件读取成功: config/master/prg1/load.csv, 共11行
2025-11-01 05:48:03,447 - src.ui.main_window - WARNING - 从load.csv获取参数类型失败: 'list' object has no attribute 'get'
2025-11-01 05:48:03,448 - src.data.csv_processor - INFO - CSV文件读取成功: config/master/prg1/cntrl.csv, 共67行
2025-11-01 05:48:03,448 - src.ui.main_window - WARNING - 从cntrl.csv获取参数类型失败: 'list' object has no attribute 'get'
2025-11-01 05:48:03,448 - src.data.csv_processor - INFO - CSV文件读取成功: config/master/prg1/load.csv, 共11行
2025-11-01 05:48:03,448 - src.ui.main_window - WARNING - 从load.csv获取参数类型失败: 'list' object has no attribute 'get'
2025-11-01 05:48:03,448 - src.data.csv_processor - INFO - CSV文件读取成功: config/master/prg1/cntrl.csv, 共67行
2025-11-01 05:48:03,450 - src.ui.main_window - WARNING - 从cntrl.csv获取参数类型失败: 'list' object has no attribute 'get'
2025-11-01 05:48:03,450 - src.data.csv_processor - INFO - CSV文件读取成功: config/master/prg1/load.csv, 共11行
2025-11-01 05:48:03,450 - src.ui.main_window - WARNING - 从load.csv获取参数类型失败: 'list' object has no attribute 'get'
2025-11-01 05:48:03,450 - src.data.csv_processor - INFO - CSV文件读取成功: config/master/prg1/cntrl.csv, 共67行
2025-11-01 05:48:03,450 - src.ui.main_window - WARNING - 从cntrl.csv获取参数类型失败: 'list' object has no attribute 'get'
2025-11-01 05:48:03,450 - src.data.csv_processor - INFO - CSV文件读取成功: config/master/prg1/load.csv, 共11行
2025-11-01 05:48:03,450 - src.ui.main_window - WARNING - 从load.csv获取参数类型失败: 'list' object has no attribute 'get'
2025-11-01 05:48:03,451 - src.data.csv_processor - INFO - CSV文件读取成功: config/master/prg1/cntrl.csv, 共67行
2025-11-01 05:48:03,451 - src.ui.main_window - WARNING - 从cntrl.csv获取参数类型失败: 'list' object has no attribute 'get'
2025-11-01 05:48:03,451 - src.data.csv_processor - INFO - CSV文件读取成功: config/master/prg1/load.csv, 共11行
2025-11-01 05:48:03,451 - src.ui.main_window - WARNING - 从load.csv获取参数类型失败: 'list' object has no attribute 'get'
2025-11-01 05:48:03,451 - src.data.csv_processor - INFO - CSV文件读取成功: config/master/prg1/cntrl.csv, 共67行
2025-11-01 05:48:03,451 - src.ui.main_window - WARNING - 从cntrl.csv获取参数类型失败: 'list' object has no attribute 'get'
2025-11-01 05:48:03,451 - src.data.csv_processor - INFO - CSV文件读取成功: config/master/prg1/load.csv, 共11行
2025-11-01 05:48:03,451 - src.ui.main_window - WARNING - 从load.csv获取参数类型失败: 'list' object has no attribute 'get'
2025-11-01 05:48:03,451 - src.data.csv_processor - INFO - CSV文件读取成功: config/master/prg1/cntrl.csv, 共67行
2025-11-01 05:48:03,451 - src.ui.main_window - WARNING - 从cntrl.csv获取参数类型失败: 'list' object has no attribute 'get'
2025-11-01 05:48:03,453 - src.data.csv_processor - INFO - CSV文件读取成功: config/master/prg1/load.csv, 共11行
2025-11-01 05:48:03,453 - src.ui.main_window - WARNING - 从load.csv获取参数类型失败: 'list' object has no attribute 'get'
2025-11-01 05:48:03,453 - src.data.csv_processor - INFO - CSV文件读取成功: config/master/prg1/cntrl.csv, 共67行
2025-11-01 05:48:03,453 - src.ui.main_window - WARNING - 从cntrl.csv获取参数类型失败: 'list' object has no attribute 'get'
2025-11-01 05:48:03,453 - src.data.csv_processor - INFO - CSV文件读取成功: config/master/prg1/load.csv, 共11行
2025-11-01 05:48:03,453 - src.ui.main_window - WARNING - 从load.csv获取参数类型失败: 'list' object has no attribute 'get'
2025-11-01 05:48:03,453 - src.data.csv_processor - INFO - CSV文件读取成功: config/master/prg1/cntrl.csv, 共67行
2025-11-01 05:48:03,453 - src.ui.main_window - WARNING - 从cntrl.csv获取参数类型失败: 'list' object has no attribute 'get'
2025-11-01 05:48:03,453 - src.data.csv_processor - INFO - CSV文件读取成功: config/master/prg1/load.csv, 共11行
2025-11-01 05:48:03,453 - src.ui.main_window - WARNING - 从load.csv获取参数类型失败: 'list' object has no attribute 'get'
2025-11-01 05:48:03,453 - src.data.csv_processor - INFO - CSV文件读取成功: config/master/prg1/cntrl.csv, 共67行
2025-11-01 05:48:03,453 - src.ui.main_window - WARNING - 从cntrl.csv获取参数类型失败: 'list' object has no attribute 'get'
2025-11-01 05:48:03,453 - src.data.csv_processor - INFO - CSV文件读取成功: config/master/prg1/load.csv, 共11行
2025-11-01 05:48:03,453 - src.ui.main_window - WARNING - 从load.csv获取参数类型失败: 'list' object has no attribute 'get'
2025-11-01 05:48:03,453 - src.data.csv_processor - INFO - CSV文件读取成功: config/master/prg1/cntrl.csv, 共67行
2025-11-01 05:48:03,453 - src.ui.main_window - WARNING - 从cntrl.csv获取参数类型失败: 'list' object has no attribute 'get'
2025-11-01 05:48:03,457 - src.data.csv_processor - INFO - CSV文件读取成功: config/master/prg1/load.csv, 共11行
2025-11-01 05:48:03,457 - src.ui.main_window - WARNING - 从load.csv获取参数类型失败: 'list' object has no attribute 'get'
2025-11-01 05:48:03,458 - src.data.csv_processor - INFO - CSV文件读取成功: config/master/prg1/cntrl.csv, 共67行
2025-11-01 05:48:03,458 - src.ui.main_window - WARNING - 从cntrl.csv获取参数类型失败: 'list' object has no attribute 'get'
2025-11-01 05:48:03,458 - src.data.csv_processor - INFO - CSV文件读取成功: config/master/prg1/load.csv, 共11行
2025-11-01 05:48:03,458 - src.ui.main_window - WARNING - 从load.csv获取参数类型失败: 'list' object has no attribute 'get'
2025-11-01 05:48:03,459 - src.data.csv_processor - INFO - CSV文件读取成功: config/master/prg1/cntrl.csv, 共67行
2025-11-01 05:48:03,459 - src.ui.main_window - WARNING - 从cntrl.csv获取参数类型失败: 'list' object has no attribute 'get'
2025-11-01 05:48:03,459 - src.data.csv_processor - INFO - CSV文件读取成功: config/master/prg1/load.csv, 共11行
2025-11-01 05:48:03,459 - src.ui.main_window - WARNING - 从load.csv获取参数类型失败: 'list' object has no attribute 'get'
2025-11-01 05:48:03,460 - src.data.csv_processor - INFO - CSV文件读取成功: config/master/prg1/cntrl.csv, 共67行
2025-11-01 05:48:03,460 - src.ui.main_window - WARNING - 从cntrl.csv获取参数类型失败: 'list' object has no attribute 'get'
2025-11-01 05:48:03,460 - src.data.csv_processor - INFO - CSV文件读取成功: config/master/prg1/load.csv, 共11行
2025-11-01 05:48:03,460 - src.ui.main_window - WARNING - 从load.csv获取参数类型失败: 'list' object has no attribute 'get'
2025-11-01 05:48:03,461 - src.data.csv_processor - INFO - CSV文件读取成功: config/master/prg1/cntrl.csv, 共67行
2025-11-01 05:48:03,461 - src.ui.main_window - WARNING - 从cntrl.csv获取参数类型失败: 'list' object has no attribute 'get'
2025-11-01 05:48:03,461 - src.data.csv_processor - INFO - CSV文件读取成功: config/master/prg1/load.csv, 共11行
2025-11-01 05:48:03,461 - src.ui.main_window - WARNING - 从load.csv获取参数类型失败: 'list' object has no attribute 'get'
2025-11-01 05:48:03,461 - src.data.csv_processor - INFO - CSV文件读取成功: config/master/prg1/cntrl.csv, 共67行
2025-11-01 05:48:03,462 - src.ui.main_window - WARNING - 从cntrl.csv获取参数类型失败: 'list' object has no attribute 'get'
2025-11-01 05:48:03,462 - src.data.csv_processor - INFO - CSV文件读取成功: config/master/prg1/load.csv, 共11行
2025-11-01 05:48:03,462 - src.ui.main_window - WARNING - 从load.csv获取参数类型失败: 'list' object has no attribute 'get'
2025-11-01 05:48:03,462 - src.data.csv_processor - INFO - CSV文件读取成功: config/master/prg1/cntrl.csv, 共67行
2025-11-01 05:48:03,463 - src.ui.main_window - WARNING - 从cntrl.csv获取参数类型失败: 'list' object has no attribute 'get'
2025-11-01 05:48:03,463 - src.data.csv_processor - INFO - CSV文件读取成功: config/master/prg1/load.csv, 共11行
2025-11-01 05:48:03,463 - src.ui.main_window - WARNING - 从load.csv获取参数类型失败: 'list' object has no attribute 'get'
2025-11-01 05:48:03,463 - src.data.csv_processor - INFO - CSV文件读取成功: config/master/prg1/cntrl.csv, 共67行
2025-11-01 05:48:03,463 - src.ui.main_window - WARNING - 从cntrl.csv获取参数类型失败: 'list' object has no attribute 'get'
2025-11-01 05:48:03,463 - src.data.csv_processor - INFO - CSV文件读取成功: config/master/prg1/load.csv, 共11行
2025-11-01 05:48:03,464 - src.ui.main_window - WARNING - 从load.csv获取参数类型失败: 'list' object has no attribute 'get'
2025-11-01 05:48:03,464 - src.data.csv_processor - INFO - CSV文件读取成功: config/master/prg1/cntrl.csv, 共67行
2025-11-01 05:48:03,464 - src.ui.main_window - WARNING - 从cntrl.csv获取参数类型失败: 'list' object has no attribute 'get'
2025-11-01 05:48:03,464 - src.data.csv_processor - INFO - CSV文件读取成功: config/master/prg1/load.csv, 共11行
2025-11-01 05:48:03,464 - src.ui.main_window - WARNING - 从load.csv获取参数类型失败: 'list' object has no attribute 'get'
2025-11-01 05:48:03,464 - src.data.csv_processor - INFO - CSV文件读取成功: config/master/prg1/cntrl.csv, 共67行
2025-11-01 05:48:03,464 - src.ui.main_window - WARNING - 从cntrl.csv获取参数类型失败: 'list' object has no attribute 'get'
2025-11-01 05:48:03,464 - src.data.csv_processor - INFO - CSV文件读取成功: config/master/prg1/load.csv, 共11行
2025-11-01 05:48:03,464 - src.ui.main_window - WARNING - 从load.csv获取参数类型失败: 'list' object has no attribute 'get'
2025-11-01 05:48:03,464 - src.data.csv_processor - INFO - CSV文件读取成功: config/master/prg1/cntrl.csv, 共67行
2025-11-01 05:48:03,464 - src.ui.main_window - WARNING - 从cntrl.csv获取参数类型失败: 'list' object has no attribute 'get'
2025-11-01 05:49:11,806 - src.communication.named_pipe - WARNING - 命名管道服务器未在运行
2025-11-01 05:49:11,806 - src.data.file_manager - INFO - 所有文件已关闭
2025-11-01 06:16:47,150 - DNCSystem - INFO - DNC Python 系统启动
2025-11-01 06:16:47,150 - src.core.config - INFO - 配置加载成功
2025-11-01 06:16:47,150 - src.data.csv_processor - INFO - CSV文件读取为字典成功: config\master\ini.csv, 共49行
2025-11-01 06:16:47,157 - src.data.csv_processor - INFO - CSV文件读取为字典成功: config\master\ini.csv, 共49行
2025-11-01 06:16:47,158 - src.data.csv_processor - INFO - CSV文件读取为字典成功: config\master\header.csv, 共5行
2025-11-01 06:16:47,159 - src.data.csv_processor - INFO - CSV文件读取为字典成功: config\master\type_define.csv, 共9行
2025-11-01 06:16:47,160 - src.data.csv_processor - INFO - CSV文件读取为字典成功: config\master\type_relation.csv, 共0行
2025-11-01 06:16:47,161 - src.data.csv_processor - INFO - CSV文件读取为字典成功: config\master\type_chngvl.csv, 共0行
2025-11-01 06:16:47,162 - src.data.csv_processor - INFO - CSV文件读取为字典成功: config\master\type_prg.csv, 共9行
2025-11-01 06:16:47,162 - src.data.csv_processor - INFO - CSV文件读取为字典成功: config\master\prg.csv, 共2行
2025-11-01 06:16:47,174 - DNCSystem - INFO - DNC Python 系统初始化成功
2025-11-01 06:16:47,822 - src.ui.main_window - INFO - 宏文件生成器初始化成功
2025-11-01 06:17:41,441 - src.ui.main_window - INFO - 参数已更新: {'basic': {'workpiece_name': '', 'workpiece_id': '', 'process_type': '铣削', 'precision': '普通'}, 'geometry': {'length': 0.0, 'width': 0.0, 'height': 0.0, 'diameter': 0.0, 'angle': 0.0}, 'process': {'spindle_speed': 0.0, 'feed_rate': 0.0, 'cut_depth': 0.0, 'cut_width': 0.0}, 'material': {'material_type': '碳钢', 'material_hardness': '软', 'material_strength': 0.0}, 'model': {'model_type': '自动识别', 'model_description': '123@GPA20GT15040_A-H8@3', 'current_model': None}}
2025-11-01 06:17:41,445 - src.data.csv_processor - INFO - CSV文件读取为字典成功: config\master\ini.csv, 共49行
2025-11-01 06:17:41,446 - src.data.csv_processor - INFO - CSV文件读取为字典成功: config\master\header.csv, 共5行
2025-11-01 06:17:41,447 - src.ui.main_window - INFO - 型号识别完成: {'model': '123', 'qr_code': '123@GPA20GT15040_A-H8@3', 'po': '', 'quantity': '', 'recognition_mode': 'QR', 'confidence': 1.0, 'error_message': None}
2025-11-01 06:17:49,636 - src.ui.main_window - INFO - 转让按钮点击，参数: {'#1': '', '#2': '', '#3': '', '#4': '', '#5': '', '#6': '', '#7': '', '#8': '', '#9': '', '#10': '', '#11': 'defineBTC', '#12': 'defineTL', '#500': '', '#501': '1', '#502': '1', '#503': '关系1', '#504': '关系1', '#505': '', '#506': '', '#507': '', '#508': '选项1', '#509': '关系1', '#510': '关系1', '#511': '10.19', '#512': '9.68', '#513': '关系1', '#514': '', '#515': '', '#516': '关系1', '#517': '', '#518': '', '#519': '7', '#520': '', '#521': '', '#522': '关系1', '#523': '', '#524': '', '#525': '', '#526': '', '#527': '', '#528': '关系1', '#529': '', '#530': '', '#531': '', '#532': '', '#533': '', '#534': '', '#535': '', '#536': '', '#537': '', '#538': '', '#539': '', '#540': '', '#541': '', '#542': '', '#543': '', '#544': '', '#545': '关系1', '#546': '关系1', '#547': '关系1', '#548': '', '#549': '', '#550': '', '#602': False, '#603': '0', '#605': 'relationYSTA'}
2025-11-01 06:17:49,636 - src.data.csv_processor - INFO - CSV文件读取成功: config/master/prg1/load.csv, 共11行
2025-11-01 06:17:49,636 - src.ui.main_window - WARNING - 从load.csv获取参数类型失败: 'list' object has no attribute 'get'
2025-11-01 06:17:49,636 - src.data.csv_processor - INFO - CSV文件读取成功: config/master/prg1/cntrl.csv, 共67行
2025-11-01 06:17:49,636 - src.ui.main_window - WARNING - 从cntrl.csv获取参数类型失败: 'list' object has no attribute 'get'
2025-11-01 06:17:49,636 - src.data.csv_processor - INFO - CSV文件读取成功: config/master/prg1/load.csv, 共11行
2025-11-01 06:17:49,636 - src.ui.main_window - WARNING - 从load.csv获取参数类型失败: 'list' object has no attribute 'get'
2025-11-01 06:17:49,636 - src.data.csv_processor - INFO - CSV文件读取成功: config/master/prg1/cntrl.csv, 共67行
2025-11-01 06:17:49,636 - src.ui.main_window - WARNING - 从cntrl.csv获取参数类型失败: 'list' object has no attribute 'get'
2025-11-01 06:17:49,642 - src.data.csv_processor - INFO - CSV文件读取成功: config/master/prg1/load.csv, 共11行
2025-11-01 06:17:49,642 - src.ui.main_window - WARNING - 从load.csv获取参数类型失败: 'list' object has no attribute 'get'
2025-11-01 06:17:49,642 - src.data.csv_processor - INFO - CSV文件读取成功: config/master/prg1/cntrl.csv, 共67行
2025-11-01 06:17:49,642 - src.ui.main_window - WARNING - 从cntrl.csv获取参数类型失败: 'list' object has no attribute 'get'
2025-11-01 06:17:49,643 - src.data.csv_processor - INFO - CSV文件读取成功: config/master/prg1/load.csv, 共11行
2025-11-01 06:17:49,643 - src.ui.main_window - WARNING - 从load.csv获取参数类型失败: 'list' object has no attribute 'get'
2025-11-01 06:17:49,643 - src.data.csv_processor - INFO - CSV文件读取成功: config/master/prg1/cntrl.csv, 共67行
2025-11-01 06:17:49,644 - src.ui.main_window - WARNING - 从cntrl.csv获取参数类型失败: 'list' object has no attribute 'get'
2025-11-01 06:17:49,644 - src.data.csv_processor - INFO - CSV文件读取成功: config/master/prg1/load.csv, 共11行
2025-11-01 06:17:49,644 - src.ui.main_window - WARNING - 从load.csv获取参数类型失败: 'list' object has no attribute 'get'
2025-11-01 06:17:49,645 - src.data.csv_processor - INFO - CSV文件读取成功: config/master/prg1/cntrl.csv, 共67行
2025-11-01 06:17:49,645 - src.ui.main_window - WARNING - 从cntrl.csv获取参数类型失败: 'list' object has no attribute 'get'
2025-11-01 06:17:49,646 - src.data.csv_processor - INFO - CSV文件读取成功: config/master/prg1/load.csv, 共11行
2025-11-01 06:17:49,646 - src.ui.main_window - WARNING - 从load.csv获取参数类型失败: 'list' object has no attribute 'get'
2025-11-01 06:17:49,647 - src.data.csv_processor - INFO - CSV文件读取成功: config/master/prg1/cntrl.csv, 共67行
2025-11-01 06:17:49,647 - src.ui.main_window - WARNING - 从cntrl.csv获取参数类型失败: 'list' object has no attribute 'get'
2025-11-01 06:17:49,647 - src.data.csv_processor - INFO - CSV文件读取成功: config/master/prg1/load.csv, 共11行
2025-11-01 06:17:49,648 - src.ui.main_window - WARNING - 从load.csv获取参数类型失败: 'list' object has no attribute 'get'
2025-11-01 06:17:49,648 - src.data.csv_processor - INFO - CSV文件读取成功: config/master/prg1/cntrl.csv, 共67行
2025-11-01 06:17:49,648 - src.ui.main_window - WARNING - 从cntrl.csv获取参数类型失败: 'list' object has no attribute 'get'
2025-11-01 06:17:49,648 - src.data.csv_processor - INFO - CSV文件读取成功: config/master/prg1/load.csv, 共11行
2025-11-01 06:17:49,648 - src.ui.main_window - WARNING - 从load.csv获取参数类型失败: 'list' object has no attribute 'get'
2025-11-01 06:17:49,648 - src.data.csv_processor - INFO - CSV文件读取成功: config/master/prg1/cntrl.csv, 共67行
2025-11-01 06:17:49,648 - src.ui.main_window - WARNING - 从cntrl.csv获取参数类型失败: 'list' object has no attribute 'get'
2025-11-01 06:17:49,648 - src.data.csv_processor - INFO - CSV文件读取成功: config/master/prg1/load.csv, 共11行
2025-11-01 06:17:49,648 - src.ui.main_window - WARNING - 从load.csv获取参数类型失败: 'list' object has no attribute 'get'
2025-11-01 06:17:49,648 - src.data.csv_processor - INFO - CSV文件读取成功: config/master/prg1/cntrl.csv, 共67行
2025-11-01 06:17:49,648 - src.ui.main_window - WARNING - 从cntrl.csv获取参数类型失败: 'list' object has no attribute 'get'
2025-11-01 06:17:49,648 - src.data.csv_processor - INFO - CSV文件读取成功: config/master/prg1/load.csv, 共11行
2025-11-01 06:17:49,651 - src.ui.main_window - WARNING - 从load.csv获取参数类型失败: 'list' object has no attribute 'get'
2025-11-01 06:17:49,651 - src.data.csv_processor - INFO - CSV文件读取成功: config/master/prg1/cntrl.csv, 共67行
2025-11-01 06:17:49,651 - src.ui.main_window - WARNING - 从cntrl.csv获取参数类型失败: 'list' object has no attribute 'get'
2025-11-01 06:17:49,651 - src.data.csv_processor - INFO - CSV文件读取成功: config/master/prg1/load.csv, 共11行
2025-11-01 06:17:49,651 - src.ui.main_window - WARNING - 从load.csv获取参数类型失败: 'list' object has no attribute 'get'
2025-11-01 06:17:49,651 - src.data.csv_processor - INFO - CSV文件读取成功: config/master/prg1/cntrl.csv, 共67行
2025-11-01 06:17:49,651 - src.ui.main_window - WARNING - 从cntrl.csv获取参数类型失败: 'list' object has no attribute 'get'
2025-11-01 06:17:49,651 - src.data.csv_processor - INFO - CSV文件读取成功: config/master/prg1/load.csv, 共11行
2025-11-01 06:17:49,651 - src.ui.main_window - WARNING - 从load.csv获取参数类型失败: 'list' object has no attribute 'get'
2025-11-01 06:17:49,651 - src.data.csv_processor - INFO - CSV文件读取成功: config/master/prg1/cntrl.csv, 共67行
2025-11-01 06:17:49,651 - src.ui.main_window - WARNING - 从cntrl.csv获取参数类型失败: 'list' object has no attribute 'get'
2025-11-01 06:17:49,653 - src.data.csv_processor - INFO - CSV文件读取成功: config/master/prg1/load.csv, 共11行
2025-11-01 06:17:49,653 - src.ui.main_window - WARNING - 从load.csv获取参数类型失败: 'list' object has no attribute 'get'
2025-11-01 06:17:49,653 - src.data.csv_processor - INFO - CSV文件读取成功: config/master/prg1/cntrl.csv, 共67行
2025-11-01 06:17:49,653 - src.ui.main_window - WARNING - 从cntrl.csv获取参数类型失败: 'list' object has no attribute 'get'
2025-11-01 06:17:49,653 - src.data.csv_processor - INFO - CSV文件读取成功: config/master/prg1/load.csv, 共11行
2025-11-01 06:17:49,653 - src.ui.main_window - WARNING - 从load.csv获取参数类型失败: 'list' object has no attribute 'get'
2025-11-01 06:17:49,653 - src.data.csv_processor - INFO - CSV文件读取成功: config/master/prg1/cntrl.csv, 共67行
2025-11-01 06:17:49,654 - src.ui.main_window - WARNING - 从cntrl.csv获取参数类型失败: 'list' object has no attribute 'get'
2025-11-01 06:17:49,654 - src.data.csv_processor - INFO - CSV文件读取成功: config/master/prg1/load.csv, 共11行
2025-11-01 06:17:49,654 - src.ui.main_window - WARNING - 从load.csv获取参数类型失败: 'list' object has no attribute 'get'
2025-11-01 06:17:49,654 - src.data.csv_processor - INFO - CSV文件读取成功: config/master/prg1/cntrl.csv, 共67行
2025-11-01 06:17:49,654 - src.ui.main_window - WARNING - 从cntrl.csv获取参数类型失败: 'list' object has no attribute 'get'
2025-11-01 06:17:49,655 - src.data.csv_processor - INFO - CSV文件读取成功: config/master/prg1/load.csv, 共11行
2025-11-01 06:17:49,655 - src.ui.main_window - WARNING - 从load.csv获取参数类型失败: 'list' object has no attribute 'get'
2025-11-01 06:17:49,655 - src.data.csv_processor - INFO - CSV文件读取成功: config/master/prg1/cntrl.csv, 共67行
2025-11-01 06:17:49,655 - src.ui.main_window - WARNING - 从cntrl.csv获取参数类型失败: 'list' object has no attribute 'get'
2025-11-01 06:17:49,657 - src.data.csv_processor - INFO - CSV文件读取成功: config/master/prg1/load.csv, 共11行
2025-11-01 06:17:49,657 - src.ui.main_window - WARNING - 从load.csv获取参数类型失败: 'list' object has no attribute 'get'
2025-11-01 06:17:49,657 - src.data.csv_processor - INFO - CSV文件读取成功: config/master/prg1/cntrl.csv, 共67行
2025-11-01 06:17:49,657 - src.ui.main_window - WARNING - 从cntrl.csv获取参数类型失败: 'list' object has no attribute 'get'
2025-11-01 06:17:49,657 - src.data.csv_processor - INFO - CSV文件读取成功: config/master/prg1/load.csv, 共11行
2025-11-01 06:17:49,657 - src.ui.main_window - WARNING - 从load.csv获取参数类型失败: 'list' object has no attribute 'get'
2025-11-01 06:17:49,657 - src.data.csv_processor - INFO - CSV文件读取成功: config/master/prg1/cntrl.csv, 共67行
2025-11-01 06:17:49,657 - src.ui.main_window - WARNING - 从cntrl.csv获取参数类型失败: 'list' object has no attribute 'get'
2025-11-01 06:17:49,657 - src.data.csv_processor - INFO - CSV文件读取成功: config/master/prg1/load.csv, 共11行
2025-11-01 06:17:49,657 - src.ui.main_window - WARNING - 从load.csv获取参数类型失败: 'list' object has no attribute 'get'
2025-11-01 06:17:49,657 - src.data.csv_processor - INFO - CSV文件读取成功: config/master/prg1/cntrl.csv, 共67行
2025-11-01 06:17:49,657 - src.ui.main_window - WARNING - 从cntrl.csv获取参数类型失败: 'list' object has no attribute 'get'
2025-11-01 06:17:49,657 - src.data.csv_processor - INFO - CSV文件读取成功: config/master/prg1/load.csv, 共11行
2025-11-01 06:17:49,657 - src.ui.main_window - WARNING - 从load.csv获取参数类型失败: 'list' object has no attribute 'get'
2025-11-01 06:17:49,657 - src.data.csv_processor - INFO - CSV文件读取成功: config/master/prg1/cntrl.csv, 共67行
2025-11-01 06:17:49,657 - src.ui.main_window - WARNING - 从cntrl.csv获取参数类型失败: 'list' object has no attribute 'get'
2025-11-01 06:17:49,657 - src.data.csv_processor - INFO - CSV文件读取成功: config/master/prg1/load.csv, 共11行
2025-11-01 06:17:49,657 - src.ui.main_window - WARNING - 从load.csv获取参数类型失败: 'list' object has no attribute 'get'
2025-11-01 06:17:49,657 - src.data.csv_processor - INFO - CSV文件读取成功: config/master/prg1/cntrl.csv, 共67行
2025-11-01 06:17:49,657 - src.ui.main_window - WARNING - 从cntrl.csv获取参数类型失败: 'list' object has no attribute 'get'
2025-11-01 06:17:49,657 - src.data.csv_processor - INFO - CSV文件读取成功: config/master/prg1/load.csv, 共11行
2025-11-01 06:17:49,657 - src.ui.main_window - WARNING - 从load.csv获取参数类型失败: 'list' object has no attribute 'get'
2025-11-01 06:17:49,657 - src.data.csv_processor - INFO - CSV文件读取成功: config/master/prg1/cntrl.csv, 共67行
2025-11-01 06:17:49,657 - src.ui.main_window - WARNING - 从cntrl.csv获取参数类型失败: 'list' object has no attribute 'get'
2025-11-01 06:17:49,657 - src.data.csv_processor - INFO - CSV文件读取成功: config/master/prg1/load.csv, 共11行
2025-11-01 06:17:49,657 - src.ui.main_window - WARNING - 从load.csv获取参数类型失败: 'list' object has no attribute 'get'
2025-11-01 06:17:49,663 - src.data.csv_processor - INFO - CSV文件读取成功: config/master/prg1/cntrl.csv, 共67行
2025-11-01 06:17:49,663 - src.ui.main_window - WARNING - 从cntrl.csv获取参数类型失败: 'list' object has no attribute 'get'
2025-11-01 06:17:49,663 - src.data.csv_processor - INFO - CSV文件读取成功: config/master/prg1/load.csv, 共11行
2025-11-01 06:17:49,663 - src.ui.main_window - WARNING - 从load.csv获取参数类型失败: 'list' object has no attribute 'get'
2025-11-01 06:17:49,663 - src.data.csv_processor - INFO - CSV文件读取成功: config/master/prg1/cntrl.csv, 共67行
2025-11-01 06:17:49,663 - src.ui.main_window - WARNING - 从cntrl.csv获取参数类型失败: 'list' object has no attribute 'get'
2025-11-01 06:17:49,665 - src.data.csv_processor - INFO - CSV文件读取成功: config/master/prg1/load.csv, 共11行
2025-11-01 06:17:49,665 - src.ui.main_window - WARNING - 从load.csv获取参数类型失败: 'list' object has no attribute 'get'
2025-11-01 06:17:49,665 - src.data.csv_processor - INFO - CSV文件读取成功: config/master/prg1/cntrl.csv, 共67行
2025-11-01 06:17:49,665 - src.ui.main_window - WARNING - 从cntrl.csv获取参数类型失败: 'list' object has no attribute 'get'
2025-11-01 06:17:49,665 - src.data.csv_processor - INFO - CSV文件读取成功: config/master/prg1/load.csv, 共11行
2025-11-01 06:17:49,665 - src.ui.main_window - WARNING - 从load.csv获取参数类型失败: 'list' object has no attribute 'get'
2025-11-01 06:17:49,666 - src.data.csv_processor - INFO - CSV文件读取成功: config/master/prg1/cntrl.csv, 共67行
2025-11-01 06:17:49,666 - src.ui.main_window - WARNING - 从cntrl.csv获取参数类型失败: 'list' object has no attribute 'get'
2025-11-01 06:17:49,666 - src.data.csv_processor - INFO - CSV文件读取成功: config/master/prg1/load.csv, 共11行
2025-11-01 06:17:49,666 - src.ui.main_window - WARNING - 从load.csv获取参数类型失败: 'list' object has no attribute 'get'
2025-11-01 06:17:49,666 - src.data.csv_processor - INFO - CSV文件读取成功: config/master/prg1/cntrl.csv, 共67行
2025-11-01 06:17:49,666 - src.ui.main_window - WARNING - 从cntrl.csv获取参数类型失败: 'list' object has no attribute 'get'
2025-11-01 06:17:49,667 - src.data.csv_processor - INFO - CSV文件读取成功: config/master/prg1/load.csv, 共11行
2025-11-01 06:17:49,667 - src.ui.main_window - WARNING - 从load.csv获取参数类型失败: 'list' object has no attribute 'get'
2025-11-01 06:17:49,667 - src.data.csv_processor - INFO - CSV文件读取成功: config/master/prg1/cntrl.csv, 共67行
2025-11-01 06:17:49,667 - src.ui.main_window - WARNING - 从cntrl.csv获取参数类型失败: 'list' object has no attribute 'get'
2025-11-01 06:17:49,667 - src.data.csv_processor - INFO - CSV文件读取成功: config/master/prg1/load.csv, 共11行
2025-11-01 06:17:49,667 - src.ui.main_window - WARNING - 从load.csv获取参数类型失败: 'list' object has no attribute 'get'
2025-11-01 06:17:49,667 - src.data.csv_processor - INFO - CSV文件读取成功: config/master/prg1/cntrl.csv, 共67行
2025-11-01 06:17:49,667 - src.ui.main_window - WARNING - 从cntrl.csv获取参数类型失败: 'list' object has no attribute 'get'
2025-11-01 06:17:49,667 - src.data.csv_processor - INFO - CSV文件读取成功: config/master/prg1/load.csv, 共11行
2025-11-01 06:17:49,667 - src.ui.main_window - WARNING - 从load.csv获取参数类型失败: 'list' object has no attribute 'get'
2025-11-01 06:17:49,667 - src.data.csv_processor - INFO - CSV文件读取成功: config/master/prg1/cntrl.csv, 共67行
2025-11-01 06:17:49,667 - src.ui.main_window - WARNING - 从cntrl.csv获取参数类型失败: 'list' object has no attribute 'get'
2025-11-01 06:17:49,667 - src.data.csv_processor - INFO - CSV文件读取成功: config/master/prg1/load.csv, 共11行
2025-11-01 06:17:49,667 - src.ui.main_window - WARNING - 从load.csv获取参数类型失败: 'list' object has no attribute 'get'
2025-11-01 06:17:49,667 - src.data.csv_processor - INFO - CSV文件读取成功: config/master/prg1/cntrl.csv, 共67行
2025-11-01 06:17:49,667 - src.ui.main_window - WARNING - 从cntrl.csv获取参数类型失败: 'list' object has no attribute 'get'
2025-11-01 06:17:49,667 - src.data.csv_processor - INFO - CSV文件读取成功: config/master/prg1/load.csv, 共11行
2025-11-01 06:17:49,672 - src.ui.main_window - WARNING - 从load.csv获取参数类型失败: 'list' object has no attribute 'get'
2025-11-01 06:17:49,672 - src.data.csv_processor - INFO - CSV文件读取成功: config/master/prg1/cntrl.csv, 共67行
2025-11-01 06:17:49,672 - src.ui.main_window - WARNING - 从cntrl.csv获取参数类型失败: 'list' object has no attribute 'get'
2025-11-01 06:17:49,673 - src.data.csv_processor - INFO - CSV文件读取成功: config/master/prg1/load.csv, 共11行
2025-11-01 06:17:49,673 - src.ui.main_window - WARNING - 从load.csv获取参数类型失败: 'list' object has no attribute 'get'
2025-11-01 06:17:49,673 - src.data.csv_processor - INFO - CSV文件读取成功: config/master/prg1/cntrl.csv, 共67行
2025-11-01 06:17:49,673 - src.ui.main_window - WARNING - 从cntrl.csv获取参数类型失败: 'list' object has no attribute 'get'
2025-11-01 06:17:49,674 - src.data.csv_processor - INFO - CSV文件读取成功: config/master/prg1/load.csv, 共11行
2025-11-01 06:17:49,674 - src.ui.main_window - WARNING - 从load.csv获取参数类型失败: 'list' object has no attribute 'get'
2025-11-01 06:17:49,674 - src.data.csv_processor - INFO - CSV文件读取成功: config/master/prg1/cntrl.csv, 共67行
2025-11-01 06:17:49,675 - src.ui.main_window - WARNING - 从cntrl.csv获取参数类型失败: 'list' object has no attribute 'get'
2025-11-01 06:17:49,675 - src.data.csv_processor - INFO - CSV文件读取成功: config/master/prg1/load.csv, 共11行
2025-11-01 06:17:49,675 - src.ui.main_window - WARNING - 从load.csv获取参数类型失败: 'list' object has no attribute 'get'
2025-11-01 06:17:49,675 - src.data.csv_processor - INFO - CSV文件读取成功: config/master/prg1/cntrl.csv, 共67行
2025-11-01 06:17:49,676 - src.ui.main_window - WARNING - 从cntrl.csv获取参数类型失败: 'list' object has no attribute 'get'
2025-11-01 06:17:49,676 - src.data.csv_processor - INFO - CSV文件读取成功: config/master/prg1/load.csv, 共11行
2025-11-01 06:17:49,676 - src.ui.main_window - WARNING - 从load.csv获取参数类型失败: 'list' object has no attribute 'get'
2025-11-01 06:17:49,676 - src.data.csv_processor - INFO - CSV文件读取成功: config/master/prg1/cntrl.csv, 共67行
2025-11-01 06:17:49,676 - src.ui.main_window - WARNING - 从cntrl.csv获取参数类型失败: 'list' object has no attribute 'get'
2025-11-01 06:17:49,677 - src.data.csv_processor - INFO - CSV文件读取成功: config/master/prg1/load.csv, 共11行
2025-11-01 06:17:49,678 - src.ui.main_window - WARNING - 从load.csv获取参数类型失败: 'list' object has no attribute 'get'
2025-11-01 06:17:49,678 - src.data.csv_processor - INFO - CSV文件读取成功: config/master/prg1/cntrl.csv, 共67行
2025-11-01 06:17:49,678 - src.ui.main_window - WARNING - 从cntrl.csv获取参数类型失败: 'list' object has no attribute 'get'
2025-11-01 06:17:49,678 - src.data.csv_processor - INFO - CSV文件读取成功: config/master/prg1/load.csv, 共11行
2025-11-01 06:17:49,678 - src.ui.main_window - WARNING - 从load.csv获取参数类型失败: 'list' object has no attribute 'get'
2025-11-01 06:17:49,678 - src.data.csv_processor - INFO - CSV文件读取成功: config/master/prg1/cntrl.csv, 共67行
2025-11-01 06:17:49,678 - src.ui.main_window - WARNING - 从cntrl.csv获取参数类型失败: 'list' object has no attribute 'get'
2025-11-01 06:17:49,678 - src.data.csv_processor - INFO - CSV文件读取成功: config/master/prg1/load.csv, 共11行
2025-11-01 06:17:49,678 - src.ui.main_window - WARNING - 从load.csv获取参数类型失败: 'list' object has no attribute 'get'
2025-11-01 06:17:49,678 - src.data.csv_processor - INFO - CSV文件读取成功: config/master/prg1/cntrl.csv, 共67行
2025-11-01 06:17:49,678 - src.ui.main_window - WARNING - 从cntrl.csv获取参数类型失败: 'list' object has no attribute 'get'
2025-11-01 06:17:49,678 - src.data.csv_processor - INFO - CSV文件读取成功: config/master/prg1/load.csv, 共11行
2025-11-01 06:17:49,678 - src.ui.main_window - WARNING - 从load.csv获取参数类型失败: 'list' object has no attribute 'get'
2025-11-01 06:17:49,678 - src.data.csv_processor - INFO - CSV文件读取成功: config/master/prg1/cntrl.csv, 共67行
2025-11-01 06:17:49,678 - src.ui.main_window - WARNING - 从cntrl.csv获取参数类型失败: 'list' object has no attribute 'get'
2025-11-01 06:17:49,678 - src.data.csv_processor - INFO - CSV文件读取成功: config/master/prg1/load.csv, 共11行
2025-11-01 06:17:49,678 - src.ui.main_window - WARNING - 从load.csv获取参数类型失败: 'list' object has no attribute 'get'
2025-11-01 06:17:49,678 - src.data.csv_processor - INFO - CSV文件读取成功: config/master/prg1/cntrl.csv, 共67行
2025-11-01 06:17:49,678 - src.ui.main_window - WARNING - 从cntrl.csv获取参数类型失败: 'list' object has no attribute 'get'
2025-11-01 06:17:49,683 - src.data.csv_processor - INFO - CSV文件读取成功: config/master/prg1/load.csv, 共11行
2025-11-01 06:17:49,683 - src.ui.main_window - WARNING - 从load.csv获取参数类型失败: 'list' object has no attribute 'get'
2025-11-01 06:17:49,683 - src.data.csv_processor - INFO - CSV文件读取成功: config/master/prg1/cntrl.csv, 共67行
2025-11-01 06:17:49,683 - src.ui.main_window - WARNING - 从cntrl.csv获取参数类型失败: 'list' object has no attribute 'get'
2025-11-01 06:17:49,683 - src.data.csv_processor - INFO - CSV文件读取成功: config/master/prg1/load.csv, 共11行
2025-11-01 06:17:49,684 - src.ui.main_window - WARNING - 从load.csv获取参数类型失败: 'list' object has no attribute 'get'
2025-11-01 06:17:49,684 - src.data.csv_processor - INFO - CSV文件读取成功: config/master/prg1/cntrl.csv, 共67行
2025-11-01 06:17:49,684 - src.ui.main_window - WARNING - 从cntrl.csv获取参数类型失败: 'list' object has no attribute 'get'
2025-11-01 06:17:49,684 - src.data.csv_processor - INFO - CSV文件读取成功: config/master/prg1/load.csv, 共11行
2025-11-01 06:17:49,684 - src.ui.main_window - WARNING - 从load.csv获取参数类型失败: 'list' object has no attribute 'get'
2025-11-01 06:17:49,685 - src.data.csv_processor - INFO - CSV文件读取成功: config/master/prg1/cntrl.csv, 共67行
2025-11-01 06:17:49,685 - src.ui.main_window - WARNING - 从cntrl.csv获取参数类型失败: 'list' object has no attribute 'get'
2025-11-01 06:17:49,685 - src.data.csv_processor - INFO - CSV文件读取成功: config/master/prg1/load.csv, 共11行
2025-11-01 06:17:49,685 - src.ui.main_window - WARNING - 从load.csv获取参数类型失败: 'list' object has no attribute 'get'
2025-11-01 06:17:49,685 - src.data.csv_processor - INFO - CSV文件读取成功: config/master/prg1/cntrl.csv, 共67行
2025-11-01 06:17:49,686 - src.ui.main_window - WARNING - 从cntrl.csv获取参数类型失败: 'list' object has no attribute 'get'
2025-11-01 06:17:49,686 - src.data.csv_processor - INFO - CSV文件读取成功: config/master/prg1/load.csv, 共11行
2025-11-01 06:17:49,686 - src.ui.main_window - WARNING - 从load.csv获取参数类型失败: 'list' object has no attribute 'get'
2025-11-01 06:17:49,686 - src.data.csv_processor - INFO - CSV文件读取成功: config/master/prg1/cntrl.csv, 共67行
2025-11-01 06:17:49,687 - src.ui.main_window - WARNING - 从cntrl.csv获取参数类型失败: 'list' object has no attribute 'get'
2025-11-01 06:17:49,688 - src.data.csv_processor - INFO - CSV文件读取成功: config/master/prg1/load.csv, 共11行
2025-11-01 06:17:49,688 - src.ui.main_window - WARNING - 从load.csv获取参数类型失败: 'list' object has no attribute 'get'
2025-11-01 06:17:49,688 - src.data.csv_processor - INFO - CSV文件读取成功: config/master/prg1/cntrl.csv, 共67行
2025-11-01 06:17:49,688 - src.ui.main_window - WARNING - 从cntrl.csv获取参数类型失败: 'list' object has no attribute 'get'
2025-11-01 06:17:49,688 - src.data.csv_processor - INFO - CSV文件读取成功: config/master/prg1/load.csv, 共11行
2025-11-01 06:17:49,688 - src.ui.main_window - WARNING - 从load.csv获取参数类型失败: 'list' object has no attribute 'get'
2025-11-01 06:17:49,689 - src.data.csv_processor - INFO - CSV文件读取成功: config/master/prg1/cntrl.csv, 共67行
2025-11-01 06:17:49,689 - src.ui.main_window - WARNING - 从cntrl.csv获取参数类型失败: 'list' object has no attribute 'get'
2025-11-01 06:17:49,690 - src.data.csv_processor - INFO - CSV文件读取成功: config/master/prg1/load.csv, 共11行
2025-11-01 06:17:49,690 - src.ui.main_window - WARNING - 从load.csv获取参数类型失败: 'list' object has no attribute 'get'
2025-11-01 06:17:49,690 - src.data.csv_processor - INFO - CSV文件读取成功: config/master/prg1/cntrl.csv, 共67行
2025-11-01 06:17:49,690 - src.ui.main_window - WARNING - 从cntrl.csv获取参数类型失败: 'list' object has no attribute 'get'
2025-11-01 06:17:49,690 - src.data.csv_processor - INFO - CSV文件读取成功: config/master/prg1/load.csv, 共11行
2025-11-01 06:17:49,690 - src.ui.main_window - WARNING - 从load.csv获取参数类型失败: 'list' object has no attribute 'get'
2025-11-01 06:17:49,690 - src.data.csv_processor - INFO - CSV文件读取成功: config/master/prg1/cntrl.csv, 共67行
2025-11-01 06:17:49,690 - src.ui.main_window - WARNING - 从cntrl.csv获取参数类型失败: 'list' object has no attribute 'get'
2025-11-01 06:17:49,690 - src.data.csv_processor - INFO - CSV文件读取成功: config/master/prg1/load.csv, 共11行
2025-11-01 06:17:49,690 - src.ui.main_window - WARNING - 从load.csv获取参数类型失败: 'list' object has no attribute 'get'
2025-11-01 06:17:49,690 - src.data.csv_processor - INFO - CSV文件读取成功: config/master/prg1/cntrl.csv, 共67行
2025-11-01 06:17:49,690 - src.ui.main_window - WARNING - 从cntrl.csv获取参数类型失败: 'list' object has no attribute 'get'
2025-11-01 06:17:49,690 - src.data.csv_processor - INFO - CSV文件读取成功: config/master/prg1/load.csv, 共11行
2025-11-01 06:17:49,690 - src.ui.main_window - WARNING - 从load.csv获取参数类型失败: 'list' object has no attribute 'get'
2025-11-01 06:17:49,693 - src.data.csv_processor - INFO - CSV文件读取成功: config/master/prg1/cntrl.csv, 共67行
2025-11-01 06:17:49,693 - src.ui.main_window - WARNING - 从cntrl.csv获取参数类型失败: 'list' object has no attribute 'get'
2025-11-01 06:17:49,693 - src.data.csv_processor - INFO - CSV文件读取成功: config/master/prg1/load.csv, 共11行
2025-11-01 06:17:49,693 - src.ui.main_window - WARNING - 从load.csv获取参数类型失败: 'list' object has no attribute 'get'
2025-11-01 06:17:49,693 - src.data.csv_processor - INFO - CSV文件读取成功: config/master/prg1/cntrl.csv, 共67行
2025-11-01 06:17:49,694 - src.ui.main_window - WARNING - 从cntrl.csv获取参数类型失败: 'list' object has no attribute 'get'
2025-11-01 06:17:49,694 - src.data.csv_processor - INFO - CSV文件读取成功: config/master/prg1/load.csv, 共11行
2025-11-01 06:17:49,694 - src.ui.main_window - WARNING - 从load.csv获取参数类型失败: 'list' object has no attribute 'get'
2025-11-01 06:17:49,694 - src.data.csv_processor - INFO - CSV文件读取成功: config/master/prg1/cntrl.csv, 共67行
2025-11-01 06:17:49,694 - src.ui.main_window - WARNING - 从cntrl.csv获取参数类型失败: 'list' object has no attribute 'get'
2025-11-01 06:17:49,695 - src.data.csv_processor - INFO - CSV文件读取成功: config/master/prg1/load.csv, 共11行
2025-11-01 06:17:49,695 - src.ui.main_window - WARNING - 从load.csv获取参数类型失败: 'list' object has no attribute 'get'
2025-11-01 06:17:49,695 - src.data.csv_processor - INFO - CSV文件读取成功: config/master/prg1/cntrl.csv, 共67行
2025-11-01 06:17:49,695 - src.ui.main_window - WARNING - 从cntrl.csv获取参数类型失败: 'list' object has no attribute 'get'
2025-11-01 06:17:49,695 - src.data.csv_processor - INFO - CSV文件读取成功: config/master/prg1/load.csv, 共11行
2025-11-01 06:17:49,696 - src.ui.main_window - WARNING - 从load.csv获取参数类型失败: 'list' object has no attribute 'get'
2025-11-01 06:17:49,696 - src.data.csv_processor - INFO - CSV文件读取成功: config/master/prg1/cntrl.csv, 共67行
2025-11-01 06:17:49,696 - src.ui.main_window - WARNING - 从cntrl.csv获取参数类型失败: 'list' object has no attribute 'get'
2025-11-01 06:17:49,696 - src.data.csv_processor - INFO - CSV文件读取成功: config/master/prg1/load.csv, 共11行
2025-11-01 06:17:49,696 - src.ui.main_window - WARNING - 从load.csv获取参数类型失败: 'list' object has no attribute 'get'
2025-11-01 06:17:49,697 - src.data.csv_processor - INFO - CSV文件读取成功: config/master/prg1/cntrl.csv, 共67行
2025-11-01 06:17:49,697 - src.ui.main_window - WARNING - 从cntrl.csv获取参数类型失败: 'list' object has no attribute 'get'
2025-11-01 06:17:49,697 - src.data.csv_processor - INFO - CSV文件读取成功: config/master/prg1/load.csv, 共11行
2025-11-01 06:17:49,697 - src.ui.main_window - WARNING - 从load.csv获取参数类型失败: 'list' object has no attribute 'get'
2025-11-01 06:17:49,697 - src.data.csv_processor - INFO - CSV文件读取成功: config/master/prg1/cntrl.csv, 共67行
2025-11-01 06:17:49,697 - src.ui.main_window - WARNING - 从cntrl.csv获取参数类型失败: 'list' object has no attribute 'get'
2025-11-01 06:17:49,697 - src.data.csv_processor - INFO - CSV文件读取成功: config/master/prg1/load.csv, 共11行
2025-11-01 06:17:49,697 - src.ui.main_window - WARNING - 从load.csv获取参数类型失败: 'list' object has no attribute 'get'
2025-11-01 06:17:49,697 - src.data.csv_processor - INFO - CSV文件读取成功: config/master/prg1/cntrl.csv, 共67行
2025-11-01 06:17:49,697 - src.ui.main_window - WARNING - 从cntrl.csv获取参数类型失败: 'list' object has no attribute 'get'
2025-11-01 06:17:49,697 - src.data.csv_processor - INFO - CSV文件读取成功: config/master/prg1/load.csv, 共11行
2025-11-01 06:17:49,697 - src.ui.main_window - WARNING - 从load.csv获取参数类型失败: 'list' object has no attribute 'get'
2025-11-01 06:17:49,697 - src.data.csv_processor - INFO - CSV文件读取成功: config/master/prg1/cntrl.csv, 共67行
2025-11-01 06:17:49,697 - src.ui.main_window - WARNING - 从cntrl.csv获取参数类型失败: 'list' object has no attribute 'get'
2025-11-01 06:17:49,697 - src.data.csv_processor - INFO - CSV文件读取成功: config/master/prg1/load.csv, 共11行
2025-11-01 06:17:49,697 - src.ui.main_window - WARNING - 从load.csv获取参数类型失败: 'list' object has no attribute 'get'
2025-11-01 06:17:49,697 - src.data.csv_processor - INFO - CSV文件读取成功: config/master/prg1/cntrl.csv, 共67行
2025-11-01 06:17:49,697 - src.ui.main_window - WARNING - 从cntrl.csv获取参数类型失败: 'list' object has no attribute 'get'
2025-11-01 06:17:49,697 - src.data.csv_processor - INFO - CSV文件读取成功: config/master/prg1/load.csv, 共11行
2025-11-01 06:17:49,697 - src.ui.main_window - WARNING - 从load.csv获取参数类型失败: 'list' object has no attribute 'get'
2025-11-01 06:17:49,697 - src.data.csv_processor - INFO - CSV文件读取成功: config/master/prg1/cntrl.csv, 共67行
2025-11-01 06:17:49,697 - src.ui.main_window - WARNING - 从cntrl.csv获取参数类型失败: 'list' object has no attribute 'get'
2025-11-01 06:17:49,697 - src.data.csv_processor - INFO - CSV文件读取成功: config/master/prg1/load.csv, 共11行
2025-11-01 06:17:49,697 - src.ui.main_window - WARNING - 从load.csv获取参数类型失败: 'list' object has no attribute 'get'
2025-11-01 06:17:49,697 - src.data.csv_processor - INFO - CSV文件读取成功: config/master/prg1/cntrl.csv, 共67行
2025-11-01 06:17:49,703 - src.ui.main_window - WARNING - 从cntrl.csv获取参数类型失败: 'list' object has no attribute 'get'
2025-11-01 06:17:49,703 - src.data.csv_processor - INFO - CSV文件读取成功: config/master/prg1/load.csv, 共11行
2025-11-01 06:17:49,703 - src.ui.main_window - WARNING - 从load.csv获取参数类型失败: 'list' object has no attribute 'get'
2025-11-01 06:17:49,703 - src.data.csv_processor - INFO - CSV文件读取成功: config/master/prg1/cntrl.csv, 共67行
2025-11-01 06:17:49,703 - src.ui.main_window - WARNING - 从cntrl.csv获取参数类型失败: 'list' object has no attribute 'get'
2025-11-01 06:17:49,704 - src.data.csv_processor - INFO - CSV文件读取成功: config/master/prg1/load.csv, 共11行
2025-11-01 06:17:49,704 - src.ui.main_window - WARNING - 从load.csv获取参数类型失败: 'list' object has no attribute 'get'
2025-11-01 06:17:49,704 - src.data.csv_processor - INFO - CSV文件读取成功: config/master/prg1/cntrl.csv, 共67行
2025-11-01 06:17:49,704 - src.ui.main_window - WARNING - 从cntrl.csv获取参数类型失败: 'list' object has no attribute 'get'
2025-11-01 06:17:49,704 - src.data.csv_processor - INFO - CSV文件读取成功: config/master/prg1/load.csv, 共11行
2025-11-01 06:17:49,704 - src.ui.main_window - WARNING - 从load.csv获取参数类型失败: 'list' object has no attribute 'get'
2025-11-01 06:17:49,704 - src.data.csv_processor - INFO - CSV文件读取成功: config/master/prg1/cntrl.csv, 共67行
2025-11-01 06:17:49,705 - src.ui.main_window - WARNING - 从cntrl.csv获取参数类型失败: 'list' object has no attribute 'get'
2025-11-01 06:19:21,546 - src.communication.named_pipe - WARNING - 命名管道服务器未在运行
2025-11-01 06:19:21,546 - src.data.file_manager - INFO - 所有文件已关闭
2025-11-01 06:19:27,969 - DNCSystem - INFO - DNC Python 系统启动
2025-11-01 06:19:27,969 - src.core.config - INFO - 配置加载成功
2025-11-01 06:19:27,979 - src.data.csv_processor - INFO - CSV文件读取为字典成功: config\master\ini.csv, 共49行
2025-11-01 06:19:27,985 - src.data.csv_processor - INFO - CSV文件读取为字典成功: config\master\ini.csv, 共49行
2025-11-01 06:19:27,986 - src.data.csv_processor - INFO - CSV文件读取为字典成功: config\master\header.csv, 共5行
2025-11-01 06:19:27,987 - src.data.csv_processor - INFO - CSV文件读取为字典成功: config\master\type_define.csv, 共9行
2025-11-01 06:19:27,988 - src.data.csv_processor - INFO - CSV文件读取为字典成功: config\master\type_relation.csv, 共0行
2025-11-01 06:19:27,989 - src.data.csv_processor - INFO - CSV文件读取为字典成功: config\master\type_chngvl.csv, 共0行
2025-11-01 06:19:27,990 - src.data.csv_processor - INFO - CSV文件读取为字典成功: config\master\type_prg.csv, 共9行
2025-11-01 06:19:27,990 - src.data.csv_processor - INFO - CSV文件读取为字典成功: config\master\prg.csv, 共2行
2025-11-01 06:19:28,001 - DNCSystem - INFO - DNC Python 系统初始化成功
2025-11-01 06:19:28,615 - src.ui.main_window - INFO - 宏文件生成器初始化成功
2025-11-01 06:19:51,674 - src.ui.main_window - INFO - 参数已更新: {'basic': {'workpiece_name': '', 'workpiece_id': '', 'process_type': '铣削', 'precision': '普通'}, 'geometry': {'length': 0.0, 'width': 0.0, 'height': 0.0, 'diameter': 0.0, 'angle': 0.0}, 'process': {'spindle_speed': 0.0, 'feed_rate': 0.0, 'cut_depth': 0.0, 'cut_width': 0.0}, 'material': {'material_type': '碳钢', 'material_hardness': '软', 'material_strength': 0.0}, 'model': {'model_type': '自动识别', 'model_description': '123@GPA20GT15040_A-H8@4', 'current_model': None}}
2025-11-01 06:19:51,678 - src.data.csv_processor - INFO - CSV文件读取为字典成功: config\master\ini.csv, 共49行
2025-11-01 06:19:51,679 - src.data.csv_processor - INFO - CSV文件读取为字典成功: config\master\header.csv, 共5行
2025-11-01 06:19:51,680 - src.ui.main_window - INFO - 型号识别完成: {'model': '123', 'qr_code': '123@GPA20GT15040_A-H8@4', 'po': '', 'quantity': '', 'recognition_mode': 'QR', 'confidence': 1.0, 'error_message': None}
2025-11-01 06:19:57,030 - src.ui.main_window - INFO - 转让按钮点击，参数: {'#1': '', '#2': '', '#3': '', '#4': '', '#5': '', '#6': '', '#7': '', '#8': '', '#9': '', '#10': '', '#11': 'defineBTC', '#12': 'defineTL', '#500': '', '#501': '1', '#502': '1', '#503': '关系1', '#504': '关系1', '#505': '', '#506': '', '#507': '', '#508': '选项1', '#509': '关系1', '#510': '关系1', '#511': '10.19', '#512': '9.68', '#513': '关系1', '#514': '', '#515': '', '#516': '关系1', '#517': '', '#518': '', '#519': '7', '#520': '', '#521': '', '#522': '关系1', '#523': '', '#524': '', '#525': '', '#526': '', '#527': '', '#528': '关系1', '#529': '', '#530': '', '#531': '', '#532': '', '#533': '', '#534': '', '#535': '', '#536': '', '#537': '', '#538': '', '#539': '', '#540': '', '#541': '', '#542': '', '#543': '', '#544': '', '#545': '关系1', '#546': '关系1', '#547': '关系1', '#548': '', '#549': '', '#550': '', '#602': False, '#603': '0', '#605': 'relationYSTA'}
2025-11-01 06:19:57,035 - src.data.csv_processor - INFO - CSV文件读取成功: config/master/prg1/load.csv, 共11行
2025-11-01 06:19:57,035 - src.ui.main_window - WARNING - 从load.csv获取参数类型失败: 'list' object has no attribute 'get'
2025-11-01 06:19:57,035 - src.data.csv_processor - INFO - CSV文件读取成功: config/master/prg1/cntrl.csv, 共67行
2025-11-01 06:19:57,035 - src.ui.main_window - WARNING - 从cntrl.csv获取参数类型失败: 'list' object has no attribute 'get'
2025-11-01 06:19:57,035 - src.data.csv_processor - INFO - CSV文件读取成功: config/master/prg1/load.csv, 共11行
2025-11-01 06:19:57,035 - src.ui.main_window - WARNING - 从load.csv获取参数类型失败: 'list' object has no attribute 'get'
2025-11-01 06:19:57,035 - src.data.csv_processor - INFO - CSV文件读取成功: config/master/prg1/cntrl.csv, 共67行
2025-11-01 06:19:57,035 - src.ui.main_window - WARNING - 从cntrl.csv获取参数类型失败: 'list' object has no attribute 'get'
2025-11-01 06:19:57,035 - src.data.csv_processor - INFO - CSV文件读取成功: config/master/prg1/load.csv, 共11行
2025-11-01 06:19:57,040 - src.ui.main_window - WARNING - 从load.csv获取参数类型失败: 'list' object has no attribute 'get'
2025-11-01 06:19:57,040 - src.data.csv_processor - INFO - CSV文件读取成功: config/master/prg1/cntrl.csv, 共67行
2025-11-01 06:19:57,040 - src.ui.main_window - WARNING - 从cntrl.csv获取参数类型失败: 'list' object has no attribute 'get'
2025-11-01 06:19:57,041 - src.data.csv_processor - INFO - CSV文件读取成功: config/master/prg1/load.csv, 共11行
2025-11-01 06:19:57,042 - src.ui.main_window - WARNING - 从load.csv获取参数类型失败: 'list' object has no attribute 'get'
2025-11-01 06:19:57,042 - src.data.csv_processor - INFO - CSV文件读取成功: config/master/prg1/cntrl.csv, 共67行
2025-11-01 06:19:57,042 - src.ui.main_window - WARNING - 从cntrl.csv获取参数类型失败: 'list' object has no attribute 'get'
2025-11-01 06:19:57,042 - src.data.csv_processor - INFO - CSV文件读取成功: config/master/prg1/load.csv, 共11行
2025-11-01 06:19:57,044 - src.ui.main_window - WARNING - 从load.csv获取参数类型失败: 'list' object has no attribute 'get'
2025-11-01 06:19:57,044 - src.data.csv_processor - INFO - CSV文件读取成功: config/master/prg1/cntrl.csv, 共67行
2025-11-01 06:19:57,044 - src.ui.main_window - WARNING - 从cntrl.csv获取参数类型失败: 'list' object has no attribute 'get'
2025-11-01 06:19:57,044 - src.data.csv_processor - INFO - CSV文件读取成功: config/master/prg1/load.csv, 共11行
2025-11-01 06:19:57,045 - src.ui.main_window - WARNING - 从load.csv获取参数类型失败: 'list' object has no attribute 'get'
2025-11-01 06:19:57,045 - src.data.csv_processor - INFO - CSV文件读取成功: config/master/prg1/cntrl.csv, 共67行
2025-11-01 06:19:57,045 - src.ui.main_window - WARNING - 从cntrl.csv获取参数类型失败: 'list' object has no attribute 'get'
2025-11-01 06:19:57,045 - src.data.csv_processor - INFO - CSV文件读取成功: config/master/prg1/load.csv, 共11行
2025-11-01 06:19:57,045 - src.ui.main_window - WARNING - 从load.csv获取参数类型失败: 'list' object has no attribute 'get'
2025-11-01 06:19:57,045 - src.data.csv_processor - INFO - CSV文件读取成功: config/master/prg1/cntrl.csv, 共67行
2025-11-01 06:19:57,045 - src.ui.main_window - WARNING - 从cntrl.csv获取参数类型失败: 'list' object has no attribute 'get'
2025-11-01 06:19:57,045 - src.data.csv_processor - INFO - CSV文件读取成功: config/master/prg1/load.csv, 共11行
2025-11-01 06:19:57,045 - src.ui.main_window - WARNING - 从load.csv获取参数类型失败: 'list' object has no attribute 'get'
2025-11-01 06:19:57,045 - src.data.csv_processor - INFO - CSV文件读取成功: config/master/prg1/cntrl.csv, 共67行
2025-11-01 06:19:57,045 - src.ui.main_window - WARNING - 从cntrl.csv获取参数类型失败: 'list' object has no attribute 'get'
2025-11-01 06:19:57,045 - src.data.csv_processor - INFO - CSV文件读取成功: config/master/prg1/load.csv, 共11行
2025-11-01 06:19:57,045 - src.ui.main_window - WARNING - 从load.csv获取参数类型失败: 'list' object has no attribute 'get'
2025-11-01 06:19:57,045 - src.data.csv_processor - INFO - CSV文件读取成功: config/master/prg1/cntrl.csv, 共67行
2025-11-01 06:19:57,045 - src.ui.main_window - WARNING - 从cntrl.csv获取参数类型失败: 'list' object has no attribute 'get'
2025-11-01 06:19:57,050 - src.data.csv_processor - INFO - CSV文件读取成功: config/master/prg1/load.csv, 共11行
2025-11-01 06:19:57,050 - src.ui.main_window - WARNING - 从load.csv获取参数类型失败: 'list' object has no attribute 'get'
2025-11-01 06:19:57,050 - src.data.csv_processor - INFO - CSV文件读取成功: config/master/prg1/cntrl.csv, 共67行
2025-11-01 06:19:57,051 - src.ui.main_window - WARNING - 从cntrl.csv获取参数类型失败: 'list' object has no attribute 'get'
2025-11-01 06:19:57,051 - src.data.csv_processor - INFO - CSV文件读取成功: config/master/prg1/load.csv, 共11行
2025-11-01 06:19:57,051 - src.ui.main_window - WARNING - 从load.csv获取参数类型失败: 'list' object has no attribute 'get'
2025-11-01 06:19:57,051 - src.data.csv_processor - INFO - CSV文件读取成功: config/master/prg1/cntrl.csv, 共67行
2025-11-01 06:19:57,052 - src.ui.main_window - WARNING - 从cntrl.csv获取参数类型失败: 'list' object has no attribute 'get'
2025-11-01 06:19:57,052 - src.data.csv_processor - INFO - CSV文件读取成功: config/master/prg1/load.csv, 共11行
2025-11-01 06:19:57,052 - src.ui.main_window - WARNING - 从load.csv获取参数类型失败: 'list' object has no attribute 'get'
2025-11-01 06:19:57,052 - src.data.csv_processor - INFO - CSV文件读取成功: config/master/prg1/cntrl.csv, 共67行
2025-11-01 06:19:57,052 - src.ui.main_window - WARNING - 从cntrl.csv获取参数类型失败: 'list' object has no attribute 'get'
2025-11-01 06:19:57,053 - src.data.csv_processor - INFO - CSV文件读取成功: config/master/prg1/load.csv, 共11行
2025-11-01 06:19:57,053 - src.ui.main_window - WARNING - 从load.csv获取参数类型失败: 'list' object has no attribute 'get'
2025-11-01 06:19:57,053 - src.data.csv_processor - INFO - CSV文件读取成功: config/master/prg1/cntrl.csv, 共67行
2025-11-01 06:19:57,054 - src.ui.main_window - WARNING - 从cntrl.csv获取参数类型失败: 'list' object has no attribute 'get'
2025-11-01 06:19:57,054 - src.data.csv_processor - INFO - CSV文件读取成功: config/master/prg1/load.csv, 共11行
2025-11-01 06:19:57,054 - src.ui.main_window - WARNING - 从load.csv获取参数类型失败: 'list' object has no attribute 'get'
2025-11-01 06:19:57,055 - src.data.csv_processor - INFO - CSV文件读取成功: config/master/prg1/cntrl.csv, 共67行
2025-11-01 06:19:57,055 - src.ui.main_window - WARNING - 从cntrl.csv获取参数类型失败: 'list' object has no attribute 'get'
2025-11-01 06:19:57,056 - src.data.csv_processor - INFO - CSV文件读取成功: config/master/prg1/load.csv, 共11行
2025-11-01 06:19:57,056 - src.ui.main_window - WARNING - 从load.csv获取参数类型失败: 'list' object has no attribute 'get'
2025-11-01 06:19:57,056 - src.data.csv_processor - INFO - CSV文件读取成功: config/master/prg1/cntrl.csv, 共67行
2025-11-01 06:19:57,056 - src.ui.main_window - WARNING - 从cntrl.csv获取参数类型失败: 'list' object has no attribute 'get'
2025-11-01 06:19:57,056 - src.data.csv_processor - INFO - CSV文件读取成功: config/master/prg1/load.csv, 共11行
2025-11-01 06:19:57,056 - src.ui.main_window - WARNING - 从load.csv获取参数类型失败: 'list' object has no attribute 'get'
2025-11-01 06:19:57,056 - src.data.csv_processor - INFO - CSV文件读取成功: config/master/prg1/cntrl.csv, 共67行
2025-11-01 06:19:57,056 - src.ui.main_window - WARNING - 从cntrl.csv获取参数类型失败: 'list' object has no attribute 'get'
2025-11-01 06:19:57,056 - src.data.csv_processor - INFO - CSV文件读取成功: config/master/prg1/load.csv, 共11行
2025-11-01 06:19:57,056 - src.ui.main_window - WARNING - 从load.csv获取参数类型失败: 'list' object has no attribute 'get'
2025-11-01 06:19:57,056 - src.data.csv_processor - INFO - CSV文件读取成功: config/master/prg1/cntrl.csv, 共67行
2025-11-01 06:19:57,056 - src.ui.main_window - WARNING - 从cntrl.csv获取参数类型失败: 'list' object has no attribute 'get'
2025-11-01 06:19:57,056 - src.data.csv_processor - INFO - CSV文件读取成功: config/master/prg1/load.csv, 共11行
2025-11-01 06:19:57,056 - src.ui.main_window - WARNING - 从load.csv获取参数类型失败: 'list' object has no attribute 'get'
2025-11-01 06:19:57,056 - src.data.csv_processor - INFO - CSV文件读取成功: config/master/prg1/cntrl.csv, 共67行
2025-11-01 06:19:57,056 - src.ui.main_window - WARNING - 从cntrl.csv获取参数类型失败: 'list' object has no attribute 'get'
2025-11-01 06:19:57,056 - src.data.csv_processor - INFO - CSV文件读取成功: config/master/prg1/load.csv, 共11行
2025-11-01 06:19:57,056 - src.ui.main_window - WARNING - 从load.csv获取参数类型失败: 'list' object has no attribute 'get'
2025-11-01 06:19:57,060 - src.data.csv_processor - INFO - CSV文件读取成功: config/master/prg1/cntrl.csv, 共67行
2025-11-01 06:19:57,060 - src.ui.main_window - WARNING - 从cntrl.csv获取参数类型失败: 'list' object has no attribute 'get'
2025-11-01 06:19:57,060 - src.data.csv_processor - INFO - CSV文件读取成功: config/master/prg1/load.csv, 共11行
2025-11-01 06:19:57,060 - src.ui.main_window - WARNING - 从load.csv获取参数类型失败: 'list' object has no attribute 'get'
2025-11-01 06:19:57,061 - src.data.csv_processor - INFO - CSV文件读取成功: config/master/prg1/cntrl.csv, 共67行
2025-11-01 06:19:57,062 - src.ui.main_window - WARNING - 从cntrl.csv获取参数类型失败: 'list' object has no attribute 'get'
2025-11-01 06:19:57,062 - src.data.csv_processor - INFO - CSV文件读取成功: config/master/prg1/load.csv, 共11行
2025-11-01 06:19:57,062 - src.ui.main_window - WARNING - 从load.csv获取参数类型失败: 'list' object has no attribute 'get'
2025-11-01 06:19:57,063 - src.data.csv_processor - INFO - CSV文件读取成功: config/master/prg1/cntrl.csv, 共67行
2025-11-01 06:19:57,063 - src.ui.main_window - WARNING - 从cntrl.csv获取参数类型失败: 'list' object has no attribute 'get'
2025-11-01 06:19:57,063 - src.data.csv_processor - INFO - CSV文件读取成功: config/master/prg1/load.csv, 共11行
2025-11-01 06:19:57,063 - src.ui.main_window - WARNING - 从load.csv获取参数类型失败: 'list' object has no attribute 'get'
2025-11-01 06:19:57,064 - src.data.csv_processor - INFO - CSV文件读取成功: config/master/prg1/cntrl.csv, 共67行
2025-11-01 06:19:57,064 - src.ui.main_window - WARNING - 从cntrl.csv获取参数类型失败: 'list' object has no attribute 'get'
2025-11-01 06:19:57,064 - src.data.csv_processor - INFO - CSV文件读取成功: config/master/prg1/load.csv, 共11行
2025-11-01 06:19:57,064 - src.ui.main_window - WARNING - 从load.csv获取参数类型失败: 'list' object has no attribute 'get'
2025-11-01 06:19:57,065 - src.data.csv_processor - INFO - CSV文件读取成功: config/master/prg1/cntrl.csv, 共67行
2025-11-01 06:19:57,065 - src.ui.main_window - WARNING - 从cntrl.csv获取参数类型失败: 'list' object has no attribute 'get'
2025-11-01 06:19:57,065 - src.data.csv_processor - INFO - CSV文件读取成功: config/master/prg1/load.csv, 共11行
2025-11-01 06:19:57,065 - src.ui.main_window - WARNING - 从load.csv获取参数类型失败: 'list' object has no attribute 'get'
2025-11-01 06:19:57,065 - src.data.csv_processor - INFO - CSV文件读取成功: config/master/prg1/cntrl.csv, 共67行
2025-11-01 06:19:57,065 - src.ui.main_window - WARNING - 从cntrl.csv获取参数类型失败: 'list' object has no attribute 'get'
2025-11-01 06:19:57,066 - src.data.csv_processor - INFO - CSV文件读取成功: config/master/prg1/load.csv, 共11行
2025-11-01 06:19:57,066 - src.ui.main_window - WARNING - 从load.csv获取参数类型失败: 'list' object has no attribute 'get'
2025-11-01 06:19:57,066 - src.data.csv_processor - INFO - CSV文件读取成功: config/master/prg1/cntrl.csv, 共67行
2025-11-01 06:19:57,066 - src.ui.main_window - WARNING - 从cntrl.csv获取参数类型失败: 'list' object has no attribute 'get'
2025-11-01 06:19:57,067 - src.data.csv_processor - INFO - CSV文件读取成功: config/master/prg1/load.csv, 共11行
2025-11-01 06:19:57,067 - src.ui.main_window - WARNING - 从load.csv获取参数类型失败: 'list' object has no attribute 'get'
2025-11-01 06:19:57,067 - src.data.csv_processor - INFO - CSV文件读取成功: config/master/prg1/cntrl.csv, 共67行
2025-11-01 06:19:57,067 - src.ui.main_window - WARNING - 从cntrl.csv获取参数类型失败: 'list' object has no attribute 'get'
2025-11-01 06:19:57,067 - src.data.csv_processor - INFO - CSV文件读取成功: config/master/prg1/load.csv, 共11行
2025-11-01 06:19:57,067 - src.ui.main_window - WARNING - 从load.csv获取参数类型失败: 'list' object has no attribute 'get'
2025-11-01 06:19:57,067 - src.data.csv_processor - INFO - CSV文件读取成功: config/master/prg1/cntrl.csv, 共67行
2025-11-01 06:19:57,067 - src.ui.main_window - WARNING - 从cntrl.csv获取参数类型失败: 'list' object has no attribute 'get'
2025-11-01 06:19:57,067 - src.data.csv_processor - INFO - CSV文件读取成功: config/master/prg1/load.csv, 共11行
2025-11-01 06:19:57,067 - src.ui.main_window - WARNING - 从load.csv获取参数类型失败: 'list' object has no attribute 'get'
2025-11-01 06:19:57,067 - src.data.csv_processor - INFO - CSV文件读取成功: config/master/prg1/cntrl.csv, 共67行
2025-11-01 06:19:57,067 - src.ui.main_window - WARNING - 从cntrl.csv获取参数类型失败: 'list' object has no attribute 'get'
2025-11-01 06:19:57,067 - src.data.csv_processor - INFO - CSV文件读取成功: config/master/prg1/load.csv, 共11行
2025-11-01 06:19:57,069 - src.ui.main_window - WARNING - 从load.csv获取参数类型失败: 'list' object has no attribute 'get'
2025-11-01 06:19:57,069 - src.data.csv_processor - INFO - CSV文件读取成功: config/master/prg1/cntrl.csv, 共67行
2025-11-01 06:19:57,070 - src.ui.main_window - WARNING - 从cntrl.csv获取参数类型失败: 'list' object has no attribute 'get'
2025-11-01 06:19:57,070 - src.data.csv_processor - INFO - CSV文件读取成功: config/master/prg1/load.csv, 共11行
2025-11-01 06:19:57,070 - src.ui.main_window - WARNING - 从load.csv获取参数类型失败: 'list' object has no attribute 'get'
2025-11-01 06:19:57,071 - src.data.csv_processor - INFO - CSV文件读取成功: config/master/prg1/cntrl.csv, 共67行
2025-11-01 06:19:57,072 - src.ui.main_window - WARNING - 从cntrl.csv获取参数类型失败: 'list' object has no attribute 'get'
2025-11-01 06:19:57,073 - src.data.csv_processor - INFO - CSV文件读取成功: config/master/prg1/load.csv, 共11行
2025-11-01 06:19:57,073 - src.ui.main_window - WARNING - 从load.csv获取参数类型失败: 'list' object has no attribute 'get'
2025-11-01 06:19:57,073 - src.data.csv_processor - INFO - CSV文件读取成功: config/master/prg1/cntrl.csv, 共67行
2025-11-01 06:19:57,073 - src.ui.main_window - WARNING - 从cntrl.csv获取参数类型失败: 'list' object has no attribute 'get'
2025-11-01 06:19:57,073 - src.data.csv_processor - INFO - CSV文件读取成功: config/master/prg1/load.csv, 共11行
2025-11-01 06:19:57,074 - src.ui.main_window - WARNING - 从load.csv获取参数类型失败: 'list' object has no attribute 'get'
2025-11-01 06:19:57,074 - src.data.csv_processor - INFO - CSV文件读取成功: config/master/prg1/cntrl.csv, 共67行
2025-11-01 06:19:57,074 - src.ui.main_window - WARNING - 从cntrl.csv获取参数类型失败: 'list' object has no attribute 'get'
2025-11-01 06:19:57,074 - src.data.csv_processor - INFO - CSV文件读取成功: config/master/prg1/load.csv, 共11行
2025-11-01 06:19:57,074 - src.ui.main_window - WARNING - 从load.csv获取参数类型失败: 'list' object has no attribute 'get'
2025-11-01 06:19:57,075 - src.data.csv_processor - INFO - CSV文件读取成功: config/master/prg1/cntrl.csv, 共67行
2025-11-01 06:19:57,075 - src.ui.main_window - WARNING - 从cntrl.csv获取参数类型失败: 'list' object has no attribute 'get'
2025-11-01 06:19:57,075 - src.data.csv_processor - INFO - CSV文件读取成功: config/master/prg1/load.csv, 共11行
2025-11-01 06:19:57,075 - src.ui.main_window - WARNING - 从load.csv获取参数类型失败: 'list' object has no attribute 'get'
2025-11-01 06:19:57,075 - src.data.csv_processor - INFO - CSV文件读取成功: config/master/prg1/cntrl.csv, 共67行
2025-11-01 06:19:57,075 - src.ui.main_window - WARNING - 从cntrl.csv获取参数类型失败: 'list' object has no attribute 'get'
2025-11-01 06:19:57,075 - src.data.csv_processor - INFO - CSV文件读取成功: config/master/prg1/load.csv, 共11行
2025-11-01 06:19:57,075 - src.ui.main_window - WARNING - 从load.csv获取参数类型失败: 'list' object has no attribute 'get'
2025-11-01 06:19:57,075 - src.data.csv_processor - INFO - CSV文件读取成功: config/master/prg1/cntrl.csv, 共67行
2025-11-01 06:19:57,075 - src.ui.main_window - WARNING - 从cntrl.csv获取参数类型失败: 'list' object has no attribute 'get'
2025-11-01 06:19:57,075 - src.data.csv_processor - INFO - CSV文件读取成功: config/master/prg1/load.csv, 共11行
2025-11-01 06:19:57,075 - src.ui.main_window - WARNING - 从load.csv获取参数类型失败: 'list' object has no attribute 'get'
2025-11-01 06:19:57,075 - src.data.csv_processor - INFO - CSV文件读取成功: config/master/prg1/cntrl.csv, 共67行
2025-11-01 06:19:57,075 - src.ui.main_window - WARNING - 从cntrl.csv获取参数类型失败: 'list' object has no attribute 'get'
2025-11-01 06:19:57,075 - src.data.csv_processor - INFO - CSV文件读取成功: config/master/prg1/load.csv, 共11行
2025-11-01 06:19:57,075 - src.ui.main_window - WARNING - 从load.csv获取参数类型失败: 'list' object has no attribute 'get'
2025-11-01 06:19:57,075 - src.data.csv_processor - INFO - CSV文件读取成功: config/master/prg1/cntrl.csv, 共67行
2025-11-01 06:19:57,075 - src.ui.main_window - WARNING - 从cntrl.csv获取参数类型失败: 'list' object has no attribute 'get'
2025-11-01 06:19:57,075 - src.data.csv_processor - INFO - CSV文件读取成功: config/master/prg1/load.csv, 共11行
2025-11-01 06:19:57,075 - src.ui.main_window - WARNING - 从load.csv获取参数类型失败: 'list' object has no attribute 'get'
2025-11-01 06:19:57,075 - src.data.csv_processor - INFO - CSV文件读取成功: config/master/prg1/cntrl.csv, 共67行
2025-11-01 06:19:57,075 - src.ui.main_window - WARNING - 从cntrl.csv获取参数类型失败: 'list' object has no attribute 'get'
2025-11-01 06:19:57,075 - src.data.csv_processor - INFO - CSV文件读取成功: config/master/prg1/load.csv, 共11行
2025-11-01 06:19:57,075 - src.ui.main_window - WARNING - 从load.csv获取参数类型失败: 'list' object has no attribute 'get'
2025-11-01 06:19:57,081 - src.data.csv_processor - INFO - CSV文件读取成功: config/master/prg1/cntrl.csv, 共67行
2025-11-01 06:19:57,081 - src.ui.main_window - WARNING - 从cntrl.csv获取参数类型失败: 'list' object has no attribute 'get'
2025-11-01 06:19:57,081 - src.data.csv_processor - INFO - CSV文件读取成功: config/master/prg1/load.csv, 共11行
2025-11-01 06:19:57,081 - src.ui.main_window - WARNING - 从load.csv获取参数类型失败: 'list' object has no attribute 'get'
2025-11-01 06:19:57,081 - src.data.csv_processor - INFO - CSV文件读取成功: config/master/prg1/cntrl.csv, 共67行
2025-11-01 06:19:57,081 - src.ui.main_window - WARNING - 从cntrl.csv获取参数类型失败: 'list' object has no attribute 'get'
2025-11-01 06:19:57,082 - src.data.csv_processor - INFO - CSV文件读取成功: config/master/prg1/load.csv, 共11行
2025-11-01 06:19:57,082 - src.ui.main_window - WARNING - 从load.csv获取参数类型失败: 'list' object has no attribute 'get'
2025-11-01 06:19:57,082 - src.data.csv_processor - INFO - CSV文件读取成功: config/master/prg1/cntrl.csv, 共67行
2025-11-01 06:19:57,082 - src.ui.main_window - WARNING - 从cntrl.csv获取参数类型失败: 'list' object has no attribute 'get'
2025-11-01 06:19:57,082 - src.data.csv_processor - INFO - CSV文件读取成功: config/master/prg1/load.csv, 共11行
2025-11-01 06:19:57,082 - src.ui.main_window - WARNING - 从load.csv获取参数类型失败: 'list' object has no attribute 'get'
2025-11-01 06:19:57,083 - src.data.csv_processor - INFO - CSV文件读取成功: config/master/prg1/cntrl.csv, 共67行
2025-11-01 06:19:57,083 - src.ui.main_window - WARNING - 从cntrl.csv获取参数类型失败: 'list' object has no attribute 'get'
2025-11-01 06:19:57,083 - src.data.csv_processor - INFO - CSV文件读取成功: config/master/prg1/load.csv, 共11行
2025-11-01 06:19:57,083 - src.ui.main_window - WARNING - 从load.csv获取参数类型失败: 'list' object has no attribute 'get'
2025-11-01 06:19:57,083 - src.data.csv_processor - INFO - CSV文件读取成功: config/master/prg1/cntrl.csv, 共67行
2025-11-01 06:19:57,083 - src.ui.main_window - WARNING - 从cntrl.csv获取参数类型失败: 'list' object has no attribute 'get'
2025-11-01 06:19:57,083 - src.data.csv_processor - INFO - CSV文件读取成功: config/master/prg1/load.csv, 共11行
2025-11-01 06:19:57,085 - src.ui.main_window - WARNING - 从load.csv获取参数类型失败: 'list' object has no attribute 'get'
2025-11-01 06:19:57,085 - src.data.csv_processor - INFO - CSV文件读取成功: config/master/prg1/cntrl.csv, 共67行
2025-11-01 06:19:57,085 - src.ui.main_window - WARNING - 从cntrl.csv获取参数类型失败: 'list' object has no attribute 'get'
2025-11-01 06:19:57,085 - src.data.csv_processor - INFO - CSV文件读取成功: config/master/prg1/load.csv, 共11行
2025-11-01 06:19:57,086 - src.ui.main_window - WARNING - 从load.csv获取参数类型失败: 'list' object has no attribute 'get'
2025-11-01 06:19:57,086 - src.data.csv_processor - INFO - CSV文件读取成功: config/master/prg1/cntrl.csv, 共67行
2025-11-01 06:19:57,086 - src.ui.main_window - WARNING - 从cntrl.csv获取参数类型失败: 'list' object has no attribute 'get'
2025-11-01 06:19:57,087 - src.data.csv_processor - INFO - CSV文件读取成功: config/master/prg1/load.csv, 共11行
2025-11-01 06:19:57,087 - src.ui.main_window - WARNING - 从load.csv获取参数类型失败: 'list' object has no attribute 'get'
2025-11-01 06:19:57,087 - src.data.csv_processor - INFO - CSV文件读取成功: config/master/prg1/cntrl.csv, 共67行
2025-11-01 06:19:57,087 - src.ui.main_window - WARNING - 从cntrl.csv获取参数类型失败: 'list' object has no attribute 'get'
2025-11-01 06:19:57,088 - src.data.csv_processor - INFO - CSV文件读取成功: config/master/prg1/load.csv, 共11行
2025-11-01 06:19:57,088 - src.ui.main_window - WARNING - 从load.csv获取参数类型失败: 'list' object has no attribute 'get'
2025-11-01 06:19:57,088 - src.data.csv_processor - INFO - CSV文件读取成功: config/master/prg1/cntrl.csv, 共67行
2025-11-01 06:19:57,088 - src.ui.main_window - WARNING - 从cntrl.csv获取参数类型失败: 'list' object has no attribute 'get'
2025-11-01 06:19:57,088 - src.data.csv_processor - INFO - CSV文件读取成功: config/master/prg1/load.csv, 共11行
2025-11-01 06:19:57,088 - src.ui.main_window - WARNING - 从load.csv获取参数类型失败: 'list' object has no attribute 'get'
2025-11-01 06:19:57,088 - src.data.csv_processor - INFO - CSV文件读取成功: config/master/prg1/cntrl.csv, 共67行
2025-11-01 06:19:57,088 - src.ui.main_window - WARNING - 从cntrl.csv获取参数类型失败: 'list' object has no attribute 'get'
2025-11-01 06:19:57,088 - src.data.csv_processor - INFO - CSV文件读取成功: config/master/prg1/load.csv, 共11行
2025-11-01 06:19:57,088 - src.ui.main_window - WARNING - 从load.csv获取参数类型失败: 'list' object has no attribute 'get'
2025-11-01 06:19:57,091 - src.data.csv_processor - INFO - CSV文件读取成功: config/master/prg1/cntrl.csv, 共67行
2025-11-01 06:19:57,091 - src.ui.main_window - WARNING - 从cntrl.csv获取参数类型失败: 'list' object has no attribute 'get'
2025-11-01 06:19:57,091 - src.data.csv_processor - INFO - CSV文件读取成功: config/master/prg1/load.csv, 共11行
2025-11-01 06:19:57,091 - src.ui.main_window - WARNING - 从load.csv获取参数类型失败: 'list' object has no attribute 'get'
2025-11-01 06:19:57,092 - src.data.csv_processor - INFO - CSV文件读取成功: config/master/prg1/cntrl.csv, 共67行
2025-11-01 06:19:57,092 - src.ui.main_window - WARNING - 从cntrl.csv获取参数类型失败: 'list' object has no attribute 'get'
2025-11-01 06:19:57,092 - src.data.csv_processor - INFO - CSV文件读取成功: config/master/prg1/load.csv, 共11行
2025-11-01 06:19:57,092 - src.ui.main_window - WARNING - 从load.csv获取参数类型失败: 'list' object has no attribute 'get'
2025-11-01 06:19:57,092 - src.data.csv_processor - INFO - CSV文件读取成功: config/master/prg1/cntrl.csv, 共67行
2025-11-01 06:19:57,092 - src.ui.main_window - WARNING - 从cntrl.csv获取参数类型失败: 'list' object has no attribute 'get'
2025-11-01 06:19:57,093 - src.data.csv_processor - INFO - CSV文件读取成功: config/master/prg1/load.csv, 共11行
2025-11-01 06:19:57,093 - src.ui.main_window - WARNING - 从load.csv获取参数类型失败: 'list' object has no attribute 'get'
2025-11-01 06:19:57,093 - src.data.csv_processor - INFO - CSV文件读取成功: config/master/prg1/cntrl.csv, 共67行
2025-11-01 06:19:57,093 - src.ui.main_window - WARNING - 从cntrl.csv获取参数类型失败: 'list' object has no attribute 'get'
2025-11-01 06:19:57,093 - src.data.csv_processor - INFO - CSV文件读取成功: config/master/prg1/load.csv, 共11行
2025-11-01 06:19:57,093 - src.ui.main_window - WARNING - 从load.csv获取参数类型失败: 'list' object has no attribute 'get'
2025-11-01 06:19:57,094 - src.data.csv_processor - INFO - CSV文件读取成功: config/master/prg1/cntrl.csv, 共67行
2025-11-01 06:19:57,094 - src.ui.main_window - WARNING - 从cntrl.csv获取参数类型失败: 'list' object has no attribute 'get'
2025-11-01 06:19:57,094 - src.data.csv_processor - INFO - CSV文件读取成功: config/master/prg1/load.csv, 共11行
2025-11-01 06:19:57,094 - src.ui.main_window - WARNING - 从load.csv获取参数类型失败: 'list' object has no attribute 'get'
2025-11-01 06:19:57,095 - src.data.csv_processor - INFO - CSV文件读取成功: config/master/prg1/cntrl.csv, 共67行
2025-11-01 06:19:57,095 - src.ui.main_window - WARNING - 从cntrl.csv获取参数类型失败: 'list' object has no attribute 'get'
2025-11-01 06:19:57,095 - src.data.csv_processor - INFO - CSV文件读取成功: config/master/prg1/load.csv, 共11行
2025-11-01 06:19:57,095 - src.ui.main_window - WARNING - 从load.csv获取参数类型失败: 'list' object has no attribute 'get'
2025-11-01 06:19:57,095 - src.data.csv_processor - INFO - CSV文件读取成功: config/master/prg1/cntrl.csv, 共67行
2025-11-01 06:19:57,095 - src.ui.main_window - WARNING - 从cntrl.csv获取参数类型失败: 'list' object has no attribute 'get'
2025-11-01 06:19:57,095 - src.data.csv_processor - INFO - CSV文件读取成功: config/master/prg1/load.csv, 共11行
2025-11-01 06:19:57,095 - src.ui.main_window - WARNING - 从load.csv获取参数类型失败: 'list' object has no attribute 'get'
2025-11-01 06:19:57,095 - src.data.csv_processor - INFO - CSV文件读取成功: config/master/prg1/cntrl.csv, 共67行
2025-11-01 06:19:57,095 - src.ui.main_window - WARNING - 从cntrl.csv获取参数类型失败: 'list' object has no attribute 'get'
2025-11-01 06:19:57,095 - src.data.csv_processor - INFO - CSV文件读取成功: config/master/prg1/load.csv, 共11行
2025-11-01 06:19:57,095 - src.ui.main_window - WARNING - 从load.csv获取参数类型失败: 'list' object has no attribute 'get'
2025-11-01 06:19:57,095 - src.data.csv_processor - INFO - CSV文件读取成功: config/master/prg1/cntrl.csv, 共67行
2025-11-01 06:19:57,095 - src.ui.main_window - WARNING - 从cntrl.csv获取参数类型失败: 'list' object has no attribute 'get'
2025-11-01 06:19:57,095 - src.data.csv_processor - INFO - CSV文件读取成功: config/master/prg1/load.csv, 共11行
2025-11-01 06:19:57,095 - src.ui.main_window - WARNING - 从load.csv获取参数类型失败: 'list' object has no attribute 'get'
2025-11-01 06:19:57,095 - src.data.csv_processor - INFO - CSV文件读取成功: config/master/prg1/cntrl.csv, 共67行
2025-11-01 06:19:57,095 - src.ui.main_window - WARNING - 从cntrl.csv获取参数类型失败: 'list' object has no attribute 'get'
2025-11-01 06:19:57,095 - src.data.csv_processor - INFO - CSV文件读取成功: config/master/prg1/load.csv, 共11行
2025-11-01 06:19:57,095 - src.ui.main_window - WARNING - 从load.csv获取参数类型失败: 'list' object has no attribute 'get'
2025-11-01 06:19:57,095 - src.data.csv_processor - INFO - CSV文件读取成功: config/master/prg1/cntrl.csv, 共67行
2025-11-01 06:19:57,095 - src.ui.main_window - WARNING - 从cntrl.csv获取参数类型失败: 'list' object has no attribute 'get'
2025-11-01 06:19:57,095 - src.data.csv_processor - INFO - CSV文件读取成功: config/master/prg1/load.csv, 共11行
2025-11-01 06:19:57,095 - src.ui.main_window - WARNING - 从load.csv获取参数类型失败: 'list' object has no attribute 'get'
2025-11-01 06:19:57,095 - src.data.csv_processor - INFO - CSV文件读取成功: config/master/prg1/cntrl.csv, 共67行
2025-11-01 06:19:57,101 - src.ui.main_window - WARNING - 从cntrl.csv获取参数类型失败: 'list' object has no attribute 'get'
2025-11-01 06:19:57,101 - src.data.csv_processor - INFO - CSV文件读取成功: config/master/prg1/load.csv, 共11行
2025-11-01 06:19:57,101 - src.ui.main_window - WARNING - 从load.csv获取参数类型失败: 'list' object has no attribute 'get'
2025-11-01 06:19:57,101 - src.data.csv_processor - INFO - CSV文件读取成功: config/master/prg1/cntrl.csv, 共67行
2025-11-01 06:19:57,101 - src.ui.main_window - WARNING - 从cntrl.csv获取参数类型失败: 'list' object has no attribute 'get'
2025-11-01 06:19:57,101 - src.data.csv_processor - INFO - CSV文件读取成功: config/master/prg1/load.csv, 共11行
2025-11-01 06:19:57,102 - src.ui.main_window - WARNING - 从load.csv获取参数类型失败: 'list' object has no attribute 'get'
2025-11-01 06:19:57,102 - src.data.csv_processor - INFO - CSV文件读取成功: config/master/prg1/cntrl.csv, 共67行
2025-11-01 06:19:57,102 - src.ui.main_window - WARNING - 从cntrl.csv获取参数类型失败: 'list' object has no attribute 'get'
2025-11-01 06:19:57,102 - src.data.csv_processor - INFO - CSV文件读取成功: config/master/prg1/load.csv, 共11行
2025-11-01 06:19:57,103 - src.ui.main_window - WARNING - 从load.csv获取参数类型失败: 'list' object has no attribute 'get'
2025-11-01 06:19:57,103 - src.data.csv_processor - INFO - CSV文件读取成功: config/master/prg1/cntrl.csv, 共67行
2025-11-01 06:19:57,103 - src.ui.main_window - WARNING - 从cntrl.csv获取参数类型失败: 'list' object has no attribute 'get'
2025-11-01 06:19:57,104 - src.data.csv_processor - INFO - CSV文件读取成功: config/master/prg1/load.csv, 共11行
2025-11-01 06:19:57,104 - src.ui.main_window - WARNING - 从load.csv获取参数类型失败: 'list' object has no attribute 'get'
2025-11-01 06:19:57,105 - src.data.csv_processor - INFO - CSV文件读取成功: config/master/prg1/cntrl.csv, 共67行
2025-11-01 06:19:57,105 - src.ui.main_window - WARNING - 从cntrl.csv获取参数类型失败: 'list' object has no attribute 'get'
2025-11-01 06:19:57,105 - src.data.csv_processor - INFO - CSV文件读取成功: config/master/prg1/load.csv, 共11行
2025-11-01 06:19:57,105 - src.ui.main_window - WARNING - 从load.csv获取参数类型失败: 'list' object has no attribute 'get'
2025-11-01 06:19:57,105 - src.data.csv_processor - INFO - CSV文件读取成功: config/master/prg1/cntrl.csv, 共67行
2025-11-01 06:19:57,105 - src.ui.main_window - WARNING - 从cntrl.csv获取参数类型失败: 'list' object has no attribute 'get'
2025-11-01 06:19:57,105 - src.data.csv_processor - INFO - CSV文件读取成功: config/master/prg1/load.csv, 共11行
2025-11-01 06:19:57,105 - src.ui.main_window - WARNING - 从load.csv获取参数类型失败: 'list' object has no attribute 'get'
2025-11-01 06:19:57,105 - src.data.csv_processor - INFO - CSV文件读取成功: config/master/prg1/cntrl.csv, 共67行
2025-11-01 06:19:57,105 - src.ui.main_window - WARNING - 从cntrl.csv获取参数类型失败: 'list' object has no attribute 'get'
2025-11-01 06:20:44,321 - src.communication.named_pipe - WARNING - 命名管道服务器未在运行
2025-11-01 06:20:44,321 - src.data.file_manager - INFO - 所有文件已关闭
2025-11-01 06:42:32,725 - DNCSystem - INFO - DNC Python 系统启动
2025-11-01 06:42:32,725 - src.data.csv_processor - INFO - CSV文件读取为字典成功: config\master\ini.csv, 共49行
2025-11-01 06:42:32,725 - src.core.config - INFO - 配置加载成功
2025-11-01 06:42:32,725 - src.data.csv_processor - INFO - CSV文件读取为字典成功: config\master\ini.csv, 共49行
2025-11-01 06:42:32,735 - src.data.csv_processor - INFO - CSV文件读取为字典成功: config\master\ini.csv, 共49行
2025-11-01 06:42:32,736 - src.data.csv_processor - INFO - CSV文件读取为字典成功: config\master\header.csv, 共5行
2025-11-01 06:42:32,736 - src.data.csv_processor - INFO - CSV文件读取为字典成功: config\master\type_define.csv, 共9行
2025-11-01 06:42:32,737 - src.data.csv_processor - INFO - CSV文件读取为字典成功: config\master\type_relation.csv, 共0行
2025-11-01 06:42:32,738 - src.data.csv_processor - INFO - CSV文件读取为字典成功: config\master\type_chngvl.csv, 共0行
2025-11-01 06:42:32,739 - src.data.csv_processor - INFO - CSV文件读取为字典成功: config\master\type_prg.csv, 共9行
2025-11-01 06:42:32,739 - src.data.csv_processor - INFO - CSV文件读取为字典成功: config\master\prg.csv, 共2行
2025-11-01 06:42:32,751 - DNCSystem - INFO - DNC Python 系统初始化成功
2025-11-01 06:42:33,432 - src.ui.main_window - INFO - 宏文件生成器初始化成功
2025-11-01 06:43:28,115 - src.ui.main_window - INFO - 参数已更新: {'basic': {'workpiece_name': '', 'workpiece_id': '', 'process_type': '铣削', 'precision': '普通'}, 'geometry': {'length': 0.0, 'width': 0.0, 'height': 0.0, 'diameter': 0.0, 'angle': 0.0}, 'process': {'spindle_speed': 0.0, 'feed_rate': 0.0, 'cut_depth': 0.0, 'cut_width': 0.0}, 'material': {'material_type': '碳钢', 'material_hardness': '软', 'material_strength': 0.0}, 'model': {'model_type': '自动识别', 'model_description': '123@GPA20GT15040_A-H8@3', 'current_model': None}}
2025-11-01 06:43:28,115 - src.ui.main_window - INFO - 型号识别完成: {'model': '', 'qr_code': '', 'po': '', 'quantity': '', 'recognition_mode': '', 'confidence': 0.0, 'error_message': "二维码处理失败: QR配置加载失败: 'QRCodeConfig' object has no attribute 'decimal_place'"}
2025-11-01 06:43:37,354 - src.ui.main_window - INFO - 转让按钮点击，参数: {'#1': '', '#2': '', '#3': '', '#4': '', '#5': '', '#6': '', '#7': '', '#8': '', '#9': '', '#10': '', '#11': 'defineBTC', '#12': 'defineTL', '#500': '', '#501': '1', '#502': '1', '#503': '关系1', '#504': '关系1', '#505': '', '#506': '', '#507': '', '#508': '选项1', '#509': '关系1', '#510': '关系1', '#511': '10.19', '#512': '9.68', '#513': '关系1', '#514': '', '#515': '', '#516': '关系1', '#517': '', '#518': '', '#519': '7', '#520': '', '#521': '', '#522': '关系1', '#523': '', '#524': '', '#525': '', '#526': '', '#527': '', '#528': '关系1', '#529': '', '#530': '', '#531': '', '#532': '', '#533': '', '#534': '', '#535': '', '#536': '', '#537': '', '#538': '', '#539': '', '#540': '', '#541': '', '#542': '', '#543': '', '#544': '', '#545': '关系1', '#546': '关系1', '#547': '关系1', '#548': '', '#549': '', '#550': '', '#602': False, '#603': '0', '#605': 'relationYSTA'}
2025-11-01 06:43:37,355 - src.data.csv_processor - INFO - CSV文件读取成功: config/master/prg1/load.csv, 共11行
2025-11-01 06:43:37,356 - src.ui.main_window - WARNING - 从load.csv获取参数类型失败: 'list' object has no attribute 'get'
2025-11-01 06:43:37,356 - src.data.csv_processor - INFO - CSV文件读取成功: config/master/prg1/cntrl.csv, 共67行
2025-11-01 06:43:37,356 - src.ui.main_window - WARNING - 从cntrl.csv获取参数类型失败: 'list' object has no attribute 'get'
2025-11-01 06:43:37,357 - src.data.csv_processor - INFO - CSV文件读取成功: config/master/prg1/load.csv, 共11行
2025-11-01 06:43:37,357 - src.ui.main_window - WARNING - 从load.csv获取参数类型失败: 'list' object has no attribute 'get'
2025-11-01 06:43:37,358 - src.data.csv_processor - INFO - CSV文件读取成功: config/master/prg1/cntrl.csv, 共67行
2025-11-01 06:43:37,359 - src.ui.main_window - WARNING - 从cntrl.csv获取参数类型失败: 'list' object has no attribute 'get'
2025-11-01 06:43:37,359 - src.data.csv_processor - INFO - CSV文件读取成功: config/master/prg1/load.csv, 共11行
2025-11-01 06:43:37,359 - src.ui.main_window - WARNING - 从load.csv获取参数类型失败: 'list' object has no attribute 'get'
2025-11-01 06:43:37,360 - src.data.csv_processor - INFO - CSV文件读取成功: config/master/prg1/cntrl.csv, 共67行
2025-11-01 06:43:37,361 - src.ui.main_window - WARNING - 从cntrl.csv获取参数类型失败: 'list' object has no attribute 'get'
2025-11-01 06:43:37,361 - src.data.csv_processor - INFO - CSV文件读取成功: config/master/prg1/load.csv, 共11行
2025-11-01 06:43:37,362 - src.ui.main_window - WARNING - 从load.csv获取参数类型失败: 'list' object has no attribute 'get'
2025-11-01 06:43:37,362 - src.data.csv_processor - INFO - CSV文件读取成功: config/master/prg1/cntrl.csv, 共67行
2025-11-01 06:43:37,362 - src.ui.main_window - WARNING - 从cntrl.csv获取参数类型失败: 'list' object has no attribute 'get'
2025-11-01 06:43:37,363 - src.data.csv_processor - INFO - CSV文件读取成功: config/master/prg1/load.csv, 共11行
2025-11-01 06:43:37,363 - src.ui.main_window - WARNING - 从load.csv获取参数类型失败: 'list' object has no attribute 'get'
2025-11-01 06:43:37,364 - src.data.csv_processor - INFO - CSV文件读取成功: config/master/prg1/cntrl.csv, 共67行
2025-11-01 06:43:37,364 - src.ui.main_window - WARNING - 从cntrl.csv获取参数类型失败: 'list' object has no attribute 'get'
2025-11-01 06:43:37,365 - src.data.csv_processor - INFO - CSV文件读取成功: config/master/prg1/load.csv, 共11行
2025-11-01 06:43:37,365 - src.ui.main_window - WARNING - 从load.csv获取参数类型失败: 'list' object has no attribute 'get'
2025-11-01 06:43:37,365 - src.data.csv_processor - INFO - CSV文件读取成功: config/master/prg1/cntrl.csv, 共67行
2025-11-01 06:43:37,366 - src.ui.main_window - WARNING - 从cntrl.csv获取参数类型失败: 'list' object has no attribute 'get'
2025-11-01 06:43:37,366 - src.data.csv_processor - INFO - CSV文件读取成功: config/master/prg1/load.csv, 共11行
2025-11-01 06:43:37,367 - src.ui.main_window - WARNING - 从load.csv获取参数类型失败: 'list' object has no attribute 'get'
2025-11-01 06:43:37,367 - src.data.csv_processor - INFO - CSV文件读取成功: config/master/prg1/cntrl.csv, 共67行
2025-11-01 06:43:37,368 - src.ui.main_window - WARNING - 从cntrl.csv获取参数类型失败: 'list' object has no attribute 'get'
2025-11-01 06:43:37,368 - src.data.csv_processor - INFO - CSV文件读取成功: config/master/prg1/load.csv, 共11行
2025-11-01 06:43:37,368 - src.ui.main_window - WARNING - 从load.csv获取参数类型失败: 'list' object has no attribute 'get'
2025-11-01 06:43:37,369 - src.data.csv_processor - INFO - CSV文件读取成功: config/master/prg1/cntrl.csv, 共67行
2025-11-01 06:43:37,369 - src.ui.main_window - WARNING - 从cntrl.csv获取参数类型失败: 'list' object has no attribute 'get'
2025-11-01 06:43:37,369 - src.data.csv_processor - INFO - CSV文件读取成功: config/master/prg1/load.csv, 共11行
2025-11-01 06:43:37,369 - src.ui.main_window - WARNING - 从load.csv获取参数类型失败: 'list' object has no attribute 'get'
2025-11-01 06:43:37,370 - src.data.csv_processor - INFO - CSV文件读取成功: config/master/prg1/cntrl.csv, 共67行
2025-11-01 06:43:37,370 - src.ui.main_window - WARNING - 从cntrl.csv获取参数类型失败: 'list' object has no attribute 'get'
2025-11-01 06:43:37,370 - src.data.csv_processor - INFO - CSV文件读取成功: config/master/prg1/load.csv, 共11行
2025-11-01 06:43:37,370 - src.ui.main_window - WARNING - 从load.csv获取参数类型失败: 'list' object has no attribute 'get'
2025-11-01 06:43:37,371 - src.data.csv_processor - INFO - CSV文件读取成功: config/master/prg1/cntrl.csv, 共67行
2025-11-01 06:43:37,371 - src.ui.main_window - WARNING - 从cntrl.csv获取参数类型失败: 'list' object has no attribute 'get'
2025-11-01 06:43:37,371 - src.data.csv_processor - INFO - CSV文件读取成功: config/master/prg1/load.csv, 共11行
2025-11-01 06:43:37,371 - src.ui.main_window - WARNING - 从load.csv获取参数类型失败: 'list' object has no attribute 'get'
2025-11-01 06:43:37,372 - src.data.csv_processor - INFO - CSV文件读取成功: config/master/prg1/cntrl.csv, 共67行
2025-11-01 06:43:37,372 - src.ui.main_window - WARNING - 从cntrl.csv获取参数类型失败: 'list' object has no attribute 'get'
2025-11-01 06:43:37,372 - src.data.csv_processor - INFO - CSV文件读取成功: config/master/prg1/load.csv, 共11行
2025-11-01 06:43:37,372 - src.ui.main_window - WARNING - 从load.csv获取参数类型失败: 'list' object has no attribute 'get'
2025-11-01 06:43:37,373 - src.data.csv_processor - INFO - CSV文件读取成功: config/master/prg1/cntrl.csv, 共67行
2025-11-01 06:43:37,373 - src.ui.main_window - WARNING - 从cntrl.csv获取参数类型失败: 'list' object has no attribute 'get'
2025-11-01 06:43:37,373 - src.data.csv_processor - INFO - CSV文件读取成功: config/master/prg1/load.csv, 共11行
2025-11-01 06:43:37,373 - src.ui.main_window - WARNING - 从load.csv获取参数类型失败: 'list' object has no attribute 'get'
2025-11-01 06:43:37,373 - src.data.csv_processor - INFO - CSV文件读取成功: config/master/prg1/cntrl.csv, 共67行
2025-11-01 06:43:37,373 - src.ui.main_window - WARNING - 从cntrl.csv获取参数类型失败: 'list' object has no attribute 'get'
2025-11-01 06:43:37,374 - src.data.csv_processor - INFO - CSV文件读取成功: config/master/prg1/load.csv, 共11行
2025-11-01 06:43:37,374 - src.ui.main_window - WARNING - 从load.csv获取参数类型失败: 'list' object has no attribute 'get'
2025-11-01 06:43:37,374 - src.data.csv_processor - INFO - CSV文件读取成功: config/master/prg1/cntrl.csv, 共67行
2025-11-01 06:43:37,374 - src.ui.main_window - WARNING - 从cntrl.csv获取参数类型失败: 'list' object has no attribute 'get'
2025-11-01 06:43:37,375 - src.data.csv_processor - INFO - CSV文件读取成功: config/master/prg1/load.csv, 共11行
2025-11-01 06:43:37,375 - src.ui.main_window - WARNING - 从load.csv获取参数类型失败: 'list' object has no attribute 'get'
2025-11-01 06:43:37,375 - src.data.csv_processor - INFO - CSV文件读取成功: config/master/prg1/cntrl.csv, 共67行
2025-11-01 06:43:37,375 - src.ui.main_window - WARNING - 从cntrl.csv获取参数类型失败: 'list' object has no attribute 'get'
2025-11-01 06:43:37,377 - src.data.csv_processor - INFO - CSV文件读取成功: config/master/prg1/load.csv, 共11行
2025-11-01 06:43:37,377 - src.ui.main_window - WARNING - 从load.csv获取参数类型失败: 'list' object has no attribute 'get'
2025-11-01 06:43:37,377 - src.data.csv_processor - INFO - CSV文件读取成功: config/master/prg1/cntrl.csv, 共67行
2025-11-01 06:43:37,377 - src.ui.main_window - WARNING - 从cntrl.csv获取参数类型失败: 'list' object has no attribute 'get'
2025-11-01 06:43:37,377 - src.data.csv_processor - INFO - CSV文件读取成功: config/master/prg1/load.csv, 共11行
2025-11-01 06:43:37,377 - src.ui.main_window - WARNING - 从load.csv获取参数类型失败: 'list' object has no attribute 'get'
2025-11-01 06:43:37,377 - src.data.csv_processor - INFO - CSV文件读取成功: config/master/prg1/cntrl.csv, 共67行
2025-11-01 06:43:37,378 - src.ui.main_window - WARNING - 从cntrl.csv获取参数类型失败: 'list' object has no attribute 'get'
2025-11-01 06:43:37,378 - src.data.csv_processor - INFO - CSV文件读取成功: config/master/prg1/load.csv, 共11行
2025-11-01 06:43:37,378 - src.ui.main_window - WARNING - 从load.csv获取参数类型失败: 'list' object has no attribute 'get'
2025-11-01 06:43:37,378 - src.data.csv_processor - INFO - CSV文件读取成功: config/master/prg1/cntrl.csv, 共67行
2025-11-01 06:43:37,379 - src.ui.main_window - WARNING - 从cntrl.csv获取参数类型失败: 'list' object has no attribute 'get'
2025-11-01 06:43:37,379 - src.data.csv_processor - INFO - CSV文件读取成功: config/master/prg1/load.csv, 共11行
2025-11-01 06:43:37,379 - src.ui.main_window - WARNING - 从load.csv获取参数类型失败: 'list' object has no attribute 'get'
2025-11-01 06:43:37,379 - src.data.csv_processor - INFO - CSV文件读取成功: config/master/prg1/cntrl.csv, 共67行
2025-11-01 06:43:37,379 - src.ui.main_window - WARNING - 从cntrl.csv获取参数类型失败: 'list' object has no attribute 'get'
2025-11-01 06:43:37,381 - src.data.csv_processor - INFO - CSV文件读取成功: config/master/prg1/load.csv, 共11行
2025-11-01 06:43:37,381 - src.ui.main_window - WARNING - 从load.csv获取参数类型失败: 'list' object has no attribute 'get'
2025-11-01 06:43:37,381 - src.data.csv_processor - INFO - CSV文件读取成功: config/master/prg1/cntrl.csv, 共67行
2025-11-01 06:43:37,381 - src.ui.main_window - WARNING - 从cntrl.csv获取参数类型失败: 'list' object has no attribute 'get'
2025-11-01 06:43:37,382 - src.data.csv_processor - INFO - CSV文件读取成功: config/master/prg1/load.csv, 共11行
2025-11-01 06:43:37,382 - src.ui.main_window - WARNING - 从load.csv获取参数类型失败: 'list' object has no attribute 'get'
2025-11-01 06:43:37,383 - src.data.csv_processor - INFO - CSV文件读取成功: config/master/prg1/cntrl.csv, 共67行
2025-11-01 06:43:37,383 - src.ui.main_window - WARNING - 从cntrl.csv获取参数类型失败: 'list' object has no attribute 'get'
2025-11-01 06:43:37,383 - src.data.csv_processor - INFO - CSV文件读取成功: config/master/prg1/load.csv, 共11行
2025-11-01 06:43:37,383 - src.ui.main_window - WARNING - 从load.csv获取参数类型失败: 'list' object has no attribute 'get'
2025-11-01 06:43:37,383 - src.data.csv_processor - INFO - CSV文件读取成功: config/master/prg1/cntrl.csv, 共67行
2025-11-01 06:43:37,383 - src.ui.main_window - WARNING - 从cntrl.csv获取参数类型失败: 'list' object has no attribute 'get'
2025-11-01 06:43:37,383 - src.data.csv_processor - INFO - CSV文件读取成功: config/master/prg1/load.csv, 共11行
2025-11-01 06:43:37,383 - src.ui.main_window - WARNING - 从load.csv获取参数类型失败: 'list' object has no attribute 'get'
2025-11-01 06:43:37,384 - src.data.csv_processor - INFO - CSV文件读取成功: config/master/prg1/cntrl.csv, 共67行
2025-11-01 06:43:37,384 - src.ui.main_window - WARNING - 从cntrl.csv获取参数类型失败: 'list' object has no attribute 'get'
2025-11-01 06:43:37,384 - src.data.csv_processor - INFO - CSV文件读取成功: config/master/prg1/load.csv, 共11行
2025-11-01 06:43:37,384 - src.ui.main_window - WARNING - 从load.csv获取参数类型失败: 'list' object has no attribute 'get'
2025-11-01 06:43:37,385 - src.data.csv_processor - INFO - CSV文件读取成功: config/master/prg1/cntrl.csv, 共67行
2025-11-01 06:43:37,385 - src.ui.main_window - WARNING - 从cntrl.csv获取参数类型失败: 'list' object has no attribute 'get'
2025-11-01 06:43:37,385 - src.data.csv_processor - INFO - CSV文件读取成功: config/master/prg1/load.csv, 共11行
2025-11-01 06:43:37,385 - src.ui.main_window - WARNING - 从load.csv获取参数类型失败: 'list' object has no attribute 'get'
2025-11-01 06:43:37,386 - src.data.csv_processor - INFO - CSV文件读取成功: config/master/prg1/cntrl.csv, 共67行
2025-11-01 06:43:37,386 - src.ui.main_window - WARNING - 从cntrl.csv获取参数类型失败: 'list' object has no attribute 'get'
2025-11-01 06:43:37,386 - src.data.csv_processor - INFO - CSV文件读取成功: config/master/prg1/load.csv, 共11行
2025-11-01 06:43:37,386 - src.ui.main_window - WARNING - 从load.csv获取参数类型失败: 'list' object has no attribute 'get'
2025-11-01 06:43:37,386 - src.data.csv_processor - INFO - CSV文件读取成功: config/master/prg1/cntrl.csv, 共67行
2025-11-01 06:43:37,386 - src.ui.main_window - WARNING - 从cntrl.csv获取参数类型失败: 'list' object has no attribute 'get'
2025-11-01 06:43:37,387 - src.data.csv_processor - INFO - CSV文件读取成功: config/master/prg1/load.csv, 共11行
2025-11-01 06:43:37,387 - src.ui.main_window - WARNING - 从load.csv获取参数类型失败: 'list' object has no attribute 'get'
2025-11-01 06:43:37,387 - src.data.csv_processor - INFO - CSV文件读取成功: config/master/prg1/cntrl.csv, 共67行
2025-11-01 06:43:37,387 - src.ui.main_window - WARNING - 从cntrl.csv获取参数类型失败: 'list' object has no attribute 'get'
2025-11-01 06:43:37,388 - src.data.csv_processor - INFO - CSV文件读取成功: config/master/prg1/load.csv, 共11行
2025-11-01 06:43:37,388 - src.ui.main_window - WARNING - 从load.csv获取参数类型失败: 'list' object has no attribute 'get'
2025-11-01 06:43:37,388 - src.data.csv_processor - INFO - CSV文件读取成功: config/master/prg1/cntrl.csv, 共67行
2025-11-01 06:43:37,388 - src.ui.main_window - WARNING - 从cntrl.csv获取参数类型失败: 'list' object has no attribute 'get'
2025-11-01 06:43:37,388 - src.data.csv_processor - INFO - CSV文件读取成功: config/master/prg1/load.csv, 共11行
2025-11-01 06:43:37,388 - src.ui.main_window - WARNING - 从load.csv获取参数类型失败: 'list' object has no attribute 'get'
2025-11-01 06:43:37,388 - src.data.csv_processor - INFO - CSV文件读取成功: config/master/prg1/cntrl.csv, 共67行
2025-11-01 06:43:37,390 - src.ui.main_window - WARNING - 从cntrl.csv获取参数类型失败: 'list' object has no attribute 'get'
2025-11-01 06:43:37,390 - src.data.csv_processor - INFO - CSV文件读取成功: config/master/prg1/load.csv, 共11行
2025-11-01 06:43:37,390 - src.ui.main_window - WARNING - 从load.csv获取参数类型失败: 'list' object has no attribute 'get'
2025-11-01 06:43:37,390 - src.data.csv_processor - INFO - CSV文件读取成功: config/master/prg1/cntrl.csv, 共67行
2025-11-01 06:43:37,390 - src.ui.main_window - WARNING - 从cntrl.csv获取参数类型失败: 'list' object has no attribute 'get'
2025-11-01 06:43:37,391 - src.data.csv_processor - INFO - CSV文件读取成功: config/master/prg1/load.csv, 共11行
2025-11-01 06:43:37,391 - src.ui.main_window - WARNING - 从load.csv获取参数类型失败: 'list' object has no attribute 'get'
2025-11-01 06:43:37,391 - src.data.csv_processor - INFO - CSV文件读取成功: config/master/prg1/cntrl.csv, 共67行
2025-11-01 06:43:37,392 - src.ui.main_window - WARNING - 从cntrl.csv获取参数类型失败: 'list' object has no attribute 'get'
2025-11-01 06:43:37,392 - src.data.csv_processor - INFO - CSV文件读取成功: config/master/prg1/load.csv, 共11行
2025-11-01 06:43:37,392 - src.ui.main_window - WARNING - 从load.csv获取参数类型失败: 'list' object has no attribute 'get'
2025-11-01 06:43:37,392 - src.data.csv_processor - INFO - CSV文件读取成功: config/master/prg1/cntrl.csv, 共67行
2025-11-01 06:43:37,393 - src.ui.main_window - WARNING - 从cntrl.csv获取参数类型失败: 'list' object has no attribute 'get'
2025-11-01 06:43:37,393 - src.data.csv_processor - INFO - CSV文件读取成功: config/master/prg1/load.csv, 共11行
2025-11-01 06:43:37,393 - src.ui.main_window - WARNING - 从load.csv获取参数类型失败: 'list' object has no attribute 'get'
2025-11-01 06:43:37,393 - src.data.csv_processor - INFO - CSV文件读取成功: config/master/prg1/cntrl.csv, 共67行
2025-11-01 06:43:37,393 - src.ui.main_window - WARNING - 从cntrl.csv获取参数类型失败: 'list' object has no attribute 'get'
2025-11-01 06:43:37,394 - src.data.csv_processor - INFO - CSV文件读取成功: config/master/prg1/load.csv, 共11行
2025-11-01 06:43:37,394 - src.ui.main_window - WARNING - 从load.csv获取参数类型失败: 'list' object has no attribute 'get'
2025-11-01 06:43:37,394 - src.data.csv_processor - INFO - CSV文件读取成功: config/master/prg1/cntrl.csv, 共67行
2025-11-01 06:43:37,394 - src.ui.main_window - WARNING - 从cntrl.csv获取参数类型失败: 'list' object has no attribute 'get'
2025-11-01 06:43:37,395 - src.data.csv_processor - INFO - CSV文件读取成功: config/master/prg1/load.csv, 共11行
2025-11-01 06:43:37,395 - src.ui.main_window - WARNING - 从load.csv获取参数类型失败: 'list' object has no attribute 'get'
2025-11-01 06:43:37,395 - src.data.csv_processor - INFO - CSV文件读取成功: config/master/prg1/cntrl.csv, 共67行
2025-11-01 06:43:37,395 - src.ui.main_window - WARNING - 从cntrl.csv获取参数类型失败: 'list' object has no attribute 'get'
2025-11-01 06:43:37,395 - src.data.csv_processor - INFO - CSV文件读取成功: config/master/prg1/load.csv, 共11行
2025-11-01 06:43:37,396 - src.ui.main_window - WARNING - 从load.csv获取参数类型失败: 'list' object has no attribute 'get'
2025-11-01 06:43:37,396 - src.data.csv_processor - INFO - CSV文件读取成功: config/master/prg1/cntrl.csv, 共67行
2025-11-01 06:43:37,397 - src.ui.main_window - WARNING - 从cntrl.csv获取参数类型失败: 'list' object has no attribute 'get'
2025-11-01 06:43:37,397 - src.data.csv_processor - INFO - CSV文件读取成功: config/master/prg1/load.csv, 共11行
2025-11-01 06:43:37,397 - src.ui.main_window - WARNING - 从load.csv获取参数类型失败: 'list' object has no attribute 'get'
2025-11-01 06:43:37,397 - src.data.csv_processor - INFO - CSV文件读取成功: config/master/prg1/cntrl.csv, 共67行
2025-11-01 06:43:37,399 - src.ui.main_window - WARNING - 从cntrl.csv获取参数类型失败: 'list' object has no attribute 'get'
2025-11-01 06:43:37,399 - src.data.csv_processor - INFO - CSV文件读取成功: config/master/prg1/load.csv, 共11行
2025-11-01 06:43:37,399 - src.ui.main_window - WARNING - 从load.csv获取参数类型失败: 'list' object has no attribute 'get'
2025-11-01 06:43:37,399 - src.data.csv_processor - INFO - CSV文件读取成功: config/master/prg1/cntrl.csv, 共67行
2025-11-01 06:43:37,399 - src.ui.main_window - WARNING - 从cntrl.csv获取参数类型失败: 'list' object has no attribute 'get'
2025-11-01 06:43:37,400 - src.data.csv_processor - INFO - CSV文件读取成功: config/master/prg1/load.csv, 共11行
2025-11-01 06:43:37,400 - src.ui.main_window - WARNING - 从load.csv获取参数类型失败: 'list' object has no attribute 'get'
2025-11-01 06:43:37,400 - src.data.csv_processor - INFO - CSV文件读取成功: config/master/prg1/cntrl.csv, 共67行
2025-11-01 06:43:37,400 - src.ui.main_window - WARNING - 从cntrl.csv获取参数类型失败: 'list' object has no attribute 'get'
2025-11-01 06:43:37,401 - src.data.csv_processor - INFO - CSV文件读取成功: config/master/prg1/load.csv, 共11行
2025-11-01 06:43:37,401 - src.ui.main_window - WARNING - 从load.csv获取参数类型失败: 'list' object has no attribute 'get'
2025-11-01 06:43:37,401 - src.data.csv_processor - INFO - CSV文件读取成功: config/master/prg1/cntrl.csv, 共67行
2025-11-01 06:43:37,401 - src.ui.main_window - WARNING - 从cntrl.csv获取参数类型失败: 'list' object has no attribute 'get'
2025-11-01 06:43:37,401 - src.data.csv_processor - INFO - CSV文件读取成功: config/master/prg1/load.csv, 共11行
2025-11-01 06:43:37,401 - src.ui.main_window - WARNING - 从load.csv获取参数类型失败: 'list' object has no attribute 'get'
2025-11-01 06:43:37,402 - src.data.csv_processor - INFO - CSV文件读取成功: config/master/prg1/cntrl.csv, 共67行
2025-11-01 06:43:37,402 - src.ui.main_window - WARNING - 从cntrl.csv获取参数类型失败: 'list' object has no attribute 'get'
2025-11-01 06:43:37,402 - src.data.csv_processor - INFO - CSV文件读取成功: config/master/prg1/load.csv, 共11行
2025-11-01 06:43:37,402 - src.ui.main_window - WARNING - 从load.csv获取参数类型失败: 'list' object has no attribute 'get'
2025-11-01 06:43:37,402 - src.data.csv_processor - INFO - CSV文件读取成功: config/master/prg1/cntrl.csv, 共67行
2025-11-01 06:43:37,402 - src.ui.main_window - WARNING - 从cntrl.csv获取参数类型失败: 'list' object has no attribute 'get'
2025-11-01 06:43:37,403 - src.data.csv_processor - INFO - CSV文件读取成功: config/master/prg1/load.csv, 共11行
2025-11-01 06:43:37,403 - src.ui.main_window - WARNING - 从load.csv获取参数类型失败: 'list' object has no attribute 'get'
2025-11-01 06:43:37,403 - src.data.csv_processor - INFO - CSV文件读取成功: config/master/prg1/cntrl.csv, 共67行
2025-11-01 06:43:37,403 - src.ui.main_window - WARNING - 从cntrl.csv获取参数类型失败: 'list' object has no attribute 'get'
2025-11-01 06:43:37,403 - src.data.csv_processor - INFO - CSV文件读取成功: config/master/prg1/load.csv, 共11行
2025-11-01 06:43:37,404 - src.ui.main_window - WARNING - 从load.csv获取参数类型失败: 'list' object has no attribute 'get'
2025-11-01 06:43:37,404 - src.data.csv_processor - INFO - CSV文件读取成功: config/master/prg1/cntrl.csv, 共67行
2025-11-01 06:43:37,404 - src.ui.main_window - WARNING - 从cntrl.csv获取参数类型失败: 'list' object has no attribute 'get'
2025-11-01 06:43:37,404 - src.data.csv_processor - INFO - CSV文件读取成功: config/master/prg1/load.csv, 共11行
2025-11-01 06:43:37,404 - src.ui.main_window - WARNING - 从load.csv获取参数类型失败: 'list' object has no attribute 'get'
2025-11-01 06:43:37,405 - src.data.csv_processor - INFO - CSV文件读取成功: config/master/prg1/cntrl.csv, 共67行
2025-11-01 06:43:37,405 - src.ui.main_window - WARNING - 从cntrl.csv获取参数类型失败: 'list' object has no attribute 'get'
2025-11-01 06:43:37,405 - src.data.csv_processor - INFO - CSV文件读取成功: config/master/prg1/load.csv, 共11行
2025-11-01 06:43:37,405 - src.ui.main_window - WARNING - 从load.csv获取参数类型失败: 'list' object has no attribute 'get'
2025-11-01 06:43:37,405 - src.data.csv_processor - INFO - CSV文件读取成功: config/master/prg1/cntrl.csv, 共67行
2025-11-01 06:43:37,406 - src.ui.main_window - WARNING - 从cntrl.csv获取参数类型失败: 'list' object has no attribute 'get'
2025-11-01 06:43:37,406 - src.data.csv_processor - INFO - CSV文件读取成功: config/master/prg1/load.csv, 共11行
2025-11-01 06:43:37,406 - src.ui.main_window - WARNING - 从load.csv获取参数类型失败: 'list' object has no attribute 'get'
2025-11-01 06:43:37,406 - src.data.csv_processor - INFO - CSV文件读取成功: config/master/prg1/cntrl.csv, 共67行
2025-11-01 06:43:37,406 - src.ui.main_window - WARNING - 从cntrl.csv获取参数类型失败: 'list' object has no attribute 'get'
2025-11-01 06:43:37,408 - src.data.csv_processor - INFO - CSV文件读取成功: config/master/prg1/load.csv, 共11行
2025-11-01 06:43:37,408 - src.ui.main_window - WARNING - 从load.csv获取参数类型失败: 'list' object has no attribute 'get'
2025-11-01 06:43:37,408 - src.data.csv_processor - INFO - CSV文件读取成功: config/master/prg1/cntrl.csv, 共67行
2025-11-01 06:43:37,408 - src.ui.main_window - WARNING - 从cntrl.csv获取参数类型失败: 'list' object has no attribute 'get'
2025-11-01 06:43:37,408 - src.data.csv_processor - INFO - CSV文件读取成功: config/master/prg1/load.csv, 共11行
2025-11-01 06:43:37,408 - src.ui.main_window - WARNING - 从load.csv获取参数类型失败: 'list' object has no attribute 'get'
2025-11-01 06:43:37,409 - src.data.csv_processor - INFO - CSV文件读取成功: config/master/prg1/cntrl.csv, 共67行
2025-11-01 06:43:37,409 - src.ui.main_window - WARNING - 从cntrl.csv获取参数类型失败: 'list' object has no attribute 'get'
2025-11-01 06:43:37,409 - src.data.csv_processor - INFO - CSV文件读取成功: config/master/prg1/load.csv, 共11行
2025-11-01 06:43:37,409 - src.ui.main_window - WARNING - 从load.csv获取参数类型失败: 'list' object has no attribute 'get'
2025-11-01 06:43:37,410 - src.data.csv_processor - INFO - CSV文件读取成功: config/master/prg1/cntrl.csv, 共67行
2025-11-01 06:43:37,410 - src.ui.main_window - WARNING - 从cntrl.csv获取参数类型失败: 'list' object has no attribute 'get'
2025-11-01 06:43:37,410 - src.data.csv_processor - INFO - CSV文件读取成功: config/master/prg1/load.csv, 共11行
2025-11-01 06:43:37,410 - src.ui.main_window - WARNING - 从load.csv获取参数类型失败: 'list' object has no attribute 'get'
2025-11-01 06:43:37,410 - src.data.csv_processor - INFO - CSV文件读取成功: config/master/prg1/cntrl.csv, 共67行
2025-11-01 06:43:37,411 - src.ui.main_window - WARNING - 从cntrl.csv获取参数类型失败: 'list' object has no attribute 'get'
2025-11-01 06:43:37,411 - src.data.csv_processor - INFO - CSV文件读取成功: config/master/prg1/load.csv, 共11行
2025-11-01 06:43:37,411 - src.ui.main_window - WARNING - 从load.csv获取参数类型失败: 'list' object has no attribute 'get'
2025-11-01 06:43:37,411 - src.data.csv_processor - INFO - CSV文件读取成功: config/master/prg1/cntrl.csv, 共67行
2025-11-01 06:43:37,411 - src.ui.main_window - WARNING - 从cntrl.csv获取参数类型失败: 'list' object has no attribute 'get'
2025-11-01 06:43:37,412 - src.data.csv_processor - INFO - CSV文件读取成功: config/master/prg1/load.csv, 共11行
2025-11-01 06:43:37,412 - src.ui.main_window - WARNING - 从load.csv获取参数类型失败: 'list' object has no attribute 'get'
2025-11-01 06:43:37,412 - src.data.csv_processor - INFO - CSV文件读取成功: config/master/prg1/cntrl.csv, 共67行
2025-11-01 06:43:37,412 - src.ui.main_window - WARNING - 从cntrl.csv获取参数类型失败: 'list' object has no attribute 'get'
2025-11-01 06:43:37,413 - src.data.csv_processor - INFO - CSV文件读取成功: config/master/prg1/load.csv, 共11行
2025-11-01 06:43:37,413 - src.ui.main_window - WARNING - 从load.csv获取参数类型失败: 'list' object has no attribute 'get'
2025-11-01 06:43:37,413 - src.data.csv_processor - INFO - CSV文件读取成功: config/master/prg1/cntrl.csv, 共67行
2025-11-01 06:43:37,413 - src.ui.main_window - WARNING - 从cntrl.csv获取参数类型失败: 'list' object has no attribute 'get'
2025-11-01 06:43:37,413 - src.data.csv_processor - INFO - CSV文件读取成功: config/master/prg1/load.csv, 共11行
2025-11-01 06:43:37,413 - src.ui.main_window - WARNING - 从load.csv获取参数类型失败: 'list' object has no attribute 'get'
2025-11-01 06:43:37,415 - src.data.csv_processor - INFO - CSV文件读取成功: config/master/prg1/cntrl.csv, 共67行
2025-11-01 06:43:37,415 - src.ui.main_window - WARNING - 从cntrl.csv获取参数类型失败: 'list' object has no attribute 'get'
2025-11-01 06:43:37,415 - src.data.csv_processor - INFO - CSV文件读取成功: config/master/prg1/load.csv, 共11行
2025-11-01 06:43:37,415 - src.ui.main_window - WARNING - 从load.csv获取参数类型失败: 'list' object has no attribute 'get'
2025-11-01 06:43:37,416 - src.data.csv_processor - INFO - CSV文件读取成功: config/master/prg1/cntrl.csv, 共67行
2025-11-01 06:43:37,416 - src.ui.main_window - WARNING - 从cntrl.csv获取参数类型失败: 'list' object has no attribute 'get'
2025-11-01 06:43:37,416 - src.data.csv_processor - INFO - CSV文件读取成功: config/master/prg1/load.csv, 共11行
2025-11-01 06:43:37,416 - src.ui.main_window - WARNING - 从load.csv获取参数类型失败: 'list' object has no attribute 'get'
2025-11-01 06:43:37,416 - src.data.csv_processor - INFO - CSV文件读取成功: config/master/prg1/cntrl.csv, 共67行
2025-11-01 06:43:37,417 - src.ui.main_window - WARNING - 从cntrl.csv获取参数类型失败: 'list' object has no attribute 'get'
2025-11-01 06:43:37,417 - src.data.csv_processor - INFO - CSV文件读取成功: config/master/prg1/load.csv, 共11行
2025-11-01 06:43:37,417 - src.ui.main_window - WARNING - 从load.csv获取参数类型失败: 'list' object has no attribute 'get'
2025-11-01 06:43:37,417 - src.data.csv_processor - INFO - CSV文件读取成功: config/master/prg1/cntrl.csv, 共67行
2025-11-01 06:43:37,417 - src.ui.main_window - WARNING - 从cntrl.csv获取参数类型失败: 'list' object has no attribute 'get'
2025-11-01 06:43:37,418 - src.data.csv_processor - INFO - CSV文件读取成功: config/master/prg1/load.csv, 共11行
2025-11-01 06:43:37,418 - src.ui.main_window - WARNING - 从load.csv获取参数类型失败: 'list' object has no attribute 'get'
2025-11-01 06:43:37,418 - src.data.csv_processor - INFO - CSV文件读取成功: config/master/prg1/cntrl.csv, 共67行
2025-11-01 06:43:37,418 - src.ui.main_window - WARNING - 从cntrl.csv获取参数类型失败: 'list' object has no attribute 'get'
2025-11-01 06:43:37,418 - src.data.csv_processor - INFO - CSV文件读取成功: config/master/prg1/load.csv, 共11行
2025-11-01 06:43:37,419 - src.ui.main_window - WARNING - 从load.csv获取参数类型失败: 'list' object has no attribute 'get'
2025-11-01 06:43:37,419 - src.data.csv_processor - INFO - CSV文件读取成功: config/master/prg1/cntrl.csv, 共67行
2025-11-01 06:43:37,419 - src.ui.main_window - WARNING - 从cntrl.csv获取参数类型失败: 'list' object has no attribute 'get'
2025-11-01 06:43:37,419 - src.data.csv_processor - INFO - CSV文件读取成功: config/master/prg1/load.csv, 共11行
2025-11-01 06:43:37,419 - src.ui.main_window - WARNING - 从load.csv获取参数类型失败: 'list' object has no attribute 'get'
2025-11-01 06:43:37,419 - src.data.csv_processor - INFO - CSV文件读取成功: config/master/prg1/cntrl.csv, 共67行
2025-11-01 06:43:37,420 - src.ui.main_window - WARNING - 从cntrl.csv获取参数类型失败: 'list' object has no attribute 'get'
2025-11-01 06:43:37,420 - src.data.csv_processor - INFO - CSV文件读取成功: config/master/prg1/load.csv, 共11行
2025-11-01 06:43:37,420 - src.ui.main_window - WARNING - 从load.csv获取参数类型失败: 'list' object has no attribute 'get'
2025-11-01 06:43:37,420 - src.data.csv_processor - INFO - CSV文件读取成功: config/master/prg1/cntrl.csv, 共67行
2025-11-01 06:43:37,420 - src.ui.main_window - WARNING - 从cntrl.csv获取参数类型失败: 'list' object has no attribute 'get'
2025-11-01 06:43:37,421 - src.data.csv_processor - INFO - CSV文件读取成功: config/master/prg1/load.csv, 共11行
2025-11-01 06:43:37,421 - src.ui.main_window - WARNING - 从load.csv获取参数类型失败: 'list' object has no attribute 'get'
2025-11-01 06:43:37,421 - src.data.csv_processor - INFO - CSV文件读取成功: config/master/prg1/cntrl.csv, 共67行
2025-11-01 06:43:37,421 - src.ui.main_window - WARNING - 从cntrl.csv获取参数类型失败: 'list' object has no attribute 'get'
2025-11-01 06:43:37,422 - src.data.csv_processor - INFO - CSV文件读取成功: config/master/prg1/load.csv, 共11行
2025-11-01 06:43:37,422 - src.ui.main_window - WARNING - 从load.csv获取参数类型失败: 'list' object has no attribute 'get'
2025-11-01 06:43:37,422 - src.data.csv_processor - INFO - CSV文件读取成功: config/master/prg1/cntrl.csv, 共67行
2025-11-01 06:43:37,422 - src.ui.main_window - WARNING - 从cntrl.csv获取参数类型失败: 'list' object has no attribute 'get'
2025-11-01 06:43:37,423 - src.data.csv_processor - INFO - CSV文件读取成功: config/master/prg1/load.csv, 共11行
2025-11-01 06:43:37,423 - src.ui.main_window - WARNING - 从load.csv获取参数类型失败: 'list' object has no attribute 'get'
2025-11-01 06:43:37,423 - src.data.csv_processor - INFO - CSV文件读取成功: config/master/prg1/cntrl.csv, 共67行
2025-11-01 06:43:37,423 - src.ui.main_window - WARNING - 从cntrl.csv获取参数类型失败: 'list' object has no attribute 'get'
2025-11-01 06:43:37,423 - src.data.csv_processor - INFO - CSV文件读取成功: config/master/prg1/load.csv, 共11行
2025-11-01 06:43:37,424 - src.ui.main_window - WARNING - 从load.csv获取参数类型失败: 'list' object has no attribute 'get'
2025-11-01 06:43:37,424 - src.data.csv_processor - INFO - CSV文件读取成功: config/master/prg1/cntrl.csv, 共67行
2025-11-01 06:43:37,424 - src.ui.main_window - WARNING - 从cntrl.csv获取参数类型失败: 'list' object has no attribute 'get'
2025-11-01 06:48:37,121 - src.communication.named_pipe - WARNING - 命名管道服务器未在运行
2025-11-01 06:48:37,122 - src.data.file_manager - INFO - 所有文件已关闭
2025-11-01 06:48:52,632 - DNCSystem - INFO - DNC Python 系统启动
2025-11-01 06:48:52,632 - src.data.csv_processor - INFO - CSV文件读取为字典成功: config\master\ini.csv, 共49行
2025-11-01 06:48:52,632 - src.core.config - INFO - 配置加载成功
2025-11-01 06:48:52,632 - src.data.csv_processor - INFO - CSV文件读取为字典成功: config\master\ini.csv, 共49行
2025-11-01 06:48:52,632 - src.data.csv_processor - INFO - CSV文件读取为字典成功: config\master\ini.csv, 共49行
2025-11-01 06:48:52,632 - src.data.csv_processor - INFO - CSV文件读取为字典成功: config\master\header.csv, 共5行
2025-11-01 06:48:52,632 - src.data.csv_processor - INFO - CSV文件读取为字典成功: config\master\type_define.csv, 共9行
2025-11-01 06:48:52,640 - src.data.csv_processor - INFO - CSV文件读取为字典成功: config\master\type_relation.csv, 共0行
2025-11-01 06:48:52,641 - src.data.csv_processor - INFO - CSV文件读取为字典成功: config\master\type_chngvl.csv, 共0行
2025-11-01 06:48:52,642 - src.data.csv_processor - INFO - CSV文件读取为字典成功: config\master\type_prg.csv, 共9行
2025-11-01 06:48:52,642 - src.data.csv_processor - INFO - CSV文件读取为字典成功: config\master\prg.csv, 共2行
2025-11-01 06:48:52,653 - DNCSystem - INFO - DNC Python 系统初始化成功
2025-11-01 06:48:53,254 - src.ui.main_window - INFO - 宏文件生成器初始化成功
2025-11-01 06:49:20,004 - src.ui.main_window - INFO - 参数已更新: {'basic': {'workpiece_name': '', 'workpiece_id': '', 'process_type': '铣削', 'precision': '普通'}, 'geometry': {'length': 0.0, 'width': 0.0, 'height': 0.0, 'diameter': 0.0, 'angle': 0.0}, 'process': {'spindle_speed': 0.0, 'feed_rate': 0.0, 'cut_depth': 0.0, 'cut_width': 0.0}, 'material': {'material_type': '碳钢', 'material_hardness': '软', 'material_strength': 0.0}, 'model': {'model_type': '自动识别', 'model_description': '123@GPA20GT15040_A-H8@3', 'current_model': None}}
2025-11-01 06:49:20,004 - src.data.csv_processor - INFO - CSV文件读取为字典成功: config\master\header.csv, 共5行
2025-11-01 06:49:20,004 - src.ui.main_window - INFO - 型号识别完成: {'model': '123', 'qr_code': '123@GPA20GT15040_A-H8@3', 'po': '', 'quantity': '', 'recognition_mode': 'QR', 'confidence': 1.0, 'error_message': None}
2025-11-01 06:50:15,092 - src.communication.named_pipe - WARNING - 命名管道服务器未在运行
2025-11-01 06:50:15,092 - src.data.file_manager - INFO - 所有文件已关闭
2025-11-01 06:50:19,265 - DNCSystem - INFO - DNC Python 系统启动
2025-11-01 06:50:19,275 - src.data.csv_processor - INFO - CSV文件读取为字典成功: config\master\ini.csv, 共49行
2025-11-01 06:50:19,275 - src.core.config - INFO - 配置加载成功
2025-11-01 06:50:19,275 - src.data.csv_processor - INFO - CSV文件读取为字典成功: config\master\ini.csv, 共49行
2025-11-01 06:50:19,279 - src.data.csv_processor - INFO - CSV文件读取为字典成功: config\master\ini.csv, 共49行
2025-11-01 06:50:19,279 - src.data.csv_processor - INFO - CSV文件读取为字典成功: config\master\header.csv, 共5行
2025-11-01 06:50:19,279 - src.data.csv_processor - INFO - CSV文件读取为字典成功: config\master\type_define.csv, 共9行
2025-11-01 06:50:19,280 - src.data.csv_processor - INFO - CSV文件读取为字典成功: config\master\type_relation.csv, 共0行
2025-11-01 06:50:19,281 - src.data.csv_processor - INFO - CSV文件读取为字典成功: config\master\type_chngvl.csv, 共0行
2025-11-01 06:50:19,318 - src.data.csv_processor - INFO - CSV文件读取为字典成功: config\master\type_prg.csv, 共9行
2025-11-01 06:50:19,323 - src.data.csv_processor - INFO - CSV文件读取为字典成功: config\master\prg.csv, 共2行
2025-11-01 06:50:19,337 - DNCSystem - INFO - DNC Python 系统初始化成功
2025-11-01 06:50:19,966 - src.ui.main_window - INFO - 宏文件生成器初始化成功
2025-11-01 06:50:42,257 - src.ui.main_window - INFO - 参数已更新: {'basic': {'workpiece_name': '', 'workpiece_id': '', 'process_type': '铣削', 'precision': '普通'}, 'geometry': {'length': 0.0, 'width': 0.0, 'height': 0.0, 'diameter': 0.0, 'angle': 0.0}, 'process': {'spindle_speed': 0.0, 'feed_rate': 0.0, 'cut_depth': 0.0, 'cut_width': 0.0}, 'material': {'material_type': '碳钢', 'material_hardness': '软', 'material_strength': 0.0}, 'model': {'model_type': '自动识别', 'model_description': '123@GPA20GT15040_A-H8@4', 'current_model': None}}
2025-11-01 06:50:42,261 - src.data.csv_processor - INFO - CSV文件读取为字典成功: config\master\header.csv, 共5行
2025-11-01 06:50:42,262 - src.ui.main_window - INFO - 型号识别完成: {'model': '123', 'qr_code': '123@GPA20GT15040_A-H8@4', 'po': '', 'quantity': '', 'recognition_mode': 'QR', 'confidence': 1.0, 'error_message': None}
2025-11-01 06:50:47,801 - src.communication.named_pipe - WARNING - 命名管道服务器未在运行
2025-11-01 06:50:47,801 - src.data.file_manager - INFO - 所有文件已关闭
2025-11-01 06:57:54,660 - DNCSystem - INFO - DNC Python 系统启动
2025-11-01 06:57:54,665 - src.data.csv_processor - INFO - CSV文件读取为字典成功: config\master\ini.csv, 共49行
2025-11-01 06:57:54,665 - src.core.config - INFO - 配置加载成功
2025-11-01 06:57:54,665 - src.data.csv_processor - INFO - CSV文件读取为字典成功: config\master\ini.csv, 共49行
2025-11-01 06:57:54,667 - src.data.csv_processor - INFO - CSV文件读取为字典成功: config\master\ini.csv, 共49行
2025-11-01 06:57:54,668 - src.data.csv_processor - INFO - CSV文件读取为字典成功: config\master\header.csv, 共5行
2025-11-01 06:57:54,668 - src.data.csv_processor - INFO - CSV文件读取为字典成功: config\master\type_define.csv, 共9行
2025-11-01 06:57:54,669 - src.data.csv_processor - INFO - CSV文件读取为字典成功: config\master\type_relation.csv, 共0行
2025-11-01 06:57:54,670 - src.data.csv_processor - INFO - CSV文件读取为字典成功: config\master\type_chngvl.csv, 共0行
2025-11-01 06:57:54,672 - src.data.csv_processor - INFO - CSV文件读取为字典成功: config\master\type_prg.csv, 共9行
2025-11-01 06:57:54,672 - src.data.csv_processor - INFO - CSV文件读取为字典成功: config\master\prg.csv, 共2行
2025-11-01 06:57:54,684 - DNCSystem - INFO - DNC Python 系统初始化成功
2025-11-01 06:57:55,336 - src.ui.main_window - INFO - 宏文件生成器初始化成功
2025-11-01 06:58:35,337 - src.ui.main_window - INFO - 参数已更新: {'basic': {'workpiece_name': '', 'workpiece_id': '', 'process_type': '铣削', 'precision': '普通'}, 'geometry': {'length': 0.0, 'width': 0.0, 'height': 0.0, 'diameter': 0.0, 'angle': 0.0}, 'process': {'spindle_speed': 0.0, 'feed_rate': 0.0, 'cut_depth': 0.0, 'cut_width': 0.0}, 'material': {'material_type': '碳钢', 'material_hardness': '软', 'material_strength': 0.0}, 'model': {'model_type': '自动识别', 'model_description': '123@GPA20GT15040_A-H8@3', 'current_model': None}}
2025-11-01 06:58:35,341 - src.data.csv_processor - INFO - CSV文件读取为字典成功: config\master\header.csv, 共5行
2025-11-01 06:58:35,342 - src.ui.main_window - INFO - 型号识别完成: {'model': '123', 'qr_code': '123@GPA20GT15040_A-H8@3', 'po': '', 'quantity': '', 'recognition_mode': 'QR', 'confidence': 1.0, 'error_message': None}
2025-11-01 07:05:32,569 - src.communication.named_pipe - WARNING - 命名管道服务器未在运行
2025-11-01 07:05:32,569 - src.data.file_manager - INFO - 所有文件已关闭
2025-11-01 07:07:48,596 - DNCSystem - INFO - DNC Python 系统启动
2025-11-01 07:07:48,596 - src.data.csv_processor - INFO - CSV文件读取为字典成功: config\master\ini.csv, 共49行
2025-11-01 07:07:48,596 - src.core.config - INFO - 配置加载成功
2025-11-01 07:07:48,596 - src.data.csv_processor - INFO - CSV文件读取为字典成功: config\master\ini.csv, 共49行
2025-11-01 07:07:48,607 - src.data.csv_processor - INFO - CSV文件读取为字典成功: config\master\ini.csv, 共49行
2025-11-01 07:07:48,607 - src.data.csv_processor - INFO - CSV文件读取为字典成功: config\master\header.csv, 共5行
2025-11-01 07:07:48,608 - src.data.csv_processor - INFO - CSV文件读取为字典成功: config\master\type_define.csv, 共9行
2025-11-01 07:07:48,608 - src.data.csv_processor - INFO - CSV文件读取为字典成功: config\master\type_relation.csv, 共0行
2025-11-01 07:07:48,609 - src.data.csv_processor - INFO - CSV文件读取为字典成功: config\master\type_chngvl.csv, 共0行
2025-11-01 07:07:48,610 - src.data.csv_processor - INFO - CSV文件读取为字典成功: config\master\type_prg.csv, 共9行
2025-11-01 07:07:48,610 - src.data.csv_processor - INFO - CSV文件读取为字典成功: config\master\prg.csv, 共2行
2025-11-01 07:07:48,622 - DNCSystem - INFO - DNC Python 系统初始化成功
2025-11-01 07:07:49,270 - src.ui.main_window - INFO - 宏文件生成器初始化成功
2025-11-01 07:08:04,438 - src.ui.main_window - INFO - 参数已更新: {'basic': {'workpiece_name': '', 'workpiece_id': '', 'process_type': '铣削', 'precision': '普通'}, 'geometry': {'length': 0.0, 'width': 0.0, 'height': 0.0, 'diameter': 0.0, 'angle': 0.0}, 'process': {'spindle_speed': 0.0, 'feed_rate': 0.0, 'cut_depth': 0.0, 'cut_width': 0.0}, 'material': {'material_type': '碳钢', 'material_hardness': '软', 'material_strength': 0.0}, 'model': {'model_type': '自动识别', 'model_description': '123@GPA20GT15040_A-H8@3', 'current_model': None}}
2025-11-01 07:08:04,450 - src.data.csv_processor - INFO - CSV文件读取为字典成功: config\master\header.csv, 共5行
2025-11-01 07:08:04,450 - src.ui.main_window - INFO - 型号识别完成: {'model': '123', 'qr_code': '123@GPA20GT15040_A-H8@3', 'po': '', 'quantity': '', 'recognition_mode': 'QR', 'confidence': 1.0, 'error_message': None}
2025-11-01 07:08:14,531 - src.ui.main_window - INFO - 转让按钮点击，参数: {'#1': '', '#2': '', '#3': '', '#4': '', '#5': '', '#6': '', '#7': '', '#8': '', '#9': '', '#10': '', '#11': 'defineBTC', '#12': 'defineTL', '#500': '', '#501': '1', '#502': '1', '#503': '关系1', '#504': '关系1', '#505': '', '#506': '', '#507': '', '#508': '选项1', '#509': '关系1', '#510': '关系1', '#511': '10.19', '#512': '9.68', '#513': '关系1', '#514': '', '#515': '', '#516': '关系1', '#517': '', '#518': '', '#519': '7', '#520': '', '#521': '', '#522': '关系1', '#523': '', '#524': '', '#525': '', '#526': '', '#527': '', '#528': '关系1', '#529': '', '#530': '', '#531': '', '#532': '', '#533': '', '#534': '', '#535': '', '#536': '', '#537': '', '#538': '', '#539': '', '#540': '', '#541': '', '#542': '', '#543': '', '#544': '', '#545': '关系1', '#546': '关系1', '#547': '关系1', '#548': '', '#549': '', '#550': '', '#602': False, '#603': '0', '#605': 'relationYSTA'}
2025-11-01 07:08:14,532 - src.data.csv_processor - INFO - CSV文件读取成功: config/master/prg1/load.csv, 共11行
2025-11-01 07:08:14,532 - src.ui.main_window - WARNING - 从load.csv获取参数类型失败: 'list' object has no attribute 'get'
2025-11-01 07:08:14,533 - src.data.csv_processor - INFO - CSV文件读取成功: config/master/prg1/cntrl.csv, 共67行
2025-11-01 07:08:14,533 - src.ui.main_window - WARNING - 从cntrl.csv获取参数类型失败: 'list' object has no attribute 'get'
2025-11-01 07:08:14,533 - src.data.csv_processor - INFO - CSV文件读取成功: config/master/prg1/load.csv, 共11行
2025-11-01 07:08:14,534 - src.ui.main_window - WARNING - 从load.csv获取参数类型失败: 'list' object has no attribute 'get'
2025-11-01 07:08:14,534 - src.data.csv_processor - INFO - CSV文件读取成功: config/master/prg1/cntrl.csv, 共67行
2025-11-01 07:08:14,534 - src.ui.main_window - WARNING - 从cntrl.csv获取参数类型失败: 'list' object has no attribute 'get'
2025-11-01 07:08:14,535 - src.data.csv_processor - INFO - CSV文件读取成功: config/master/prg1/load.csv, 共11行
2025-11-01 07:08:14,535 - src.ui.main_window - WARNING - 从load.csv获取参数类型失败: 'list' object has no attribute 'get'
2025-11-01 07:08:14,536 - src.data.csv_processor - INFO - CSV文件读取成功: config/master/prg1/cntrl.csv, 共67行
2025-11-01 07:08:14,536 - src.ui.main_window - WARNING - 从cntrl.csv获取参数类型失败: 'list' object has no attribute 'get'
2025-11-01 07:08:14,537 - src.data.csv_processor - INFO - CSV文件读取成功: config/master/prg1/load.csv, 共11行
2025-11-01 07:08:14,537 - src.ui.main_window - WARNING - 从load.csv获取参数类型失败: 'list' object has no attribute 'get'
2025-11-01 07:08:14,538 - src.data.csv_processor - INFO - CSV文件读取成功: config/master/prg1/cntrl.csv, 共67行
2025-11-01 07:08:14,538 - src.ui.main_window - WARNING - 从cntrl.csv获取参数类型失败: 'list' object has no attribute 'get'
2025-11-01 07:08:14,539 - src.data.csv_processor - INFO - CSV文件读取成功: config/master/prg1/load.csv, 共11行
2025-11-01 07:08:14,539 - src.ui.main_window - WARNING - 从load.csv获取参数类型失败: 'list' object has no attribute 'get'
2025-11-01 07:08:14,539 - src.data.csv_processor - INFO - CSV文件读取成功: config/master/prg1/cntrl.csv, 共67行
2025-11-01 07:08:14,540 - src.ui.main_window - WARNING - 从cntrl.csv获取参数类型失败: 'list' object has no attribute 'get'
2025-11-01 07:08:14,540 - src.data.csv_processor - INFO - CSV文件读取成功: config/master/prg1/load.csv, 共11行
2025-11-01 07:08:14,540 - src.ui.main_window - WARNING - 从load.csv获取参数类型失败: 'list' object has no attribute 'get'
2025-11-01 07:08:14,541 - src.data.csv_processor - INFO - CSV文件读取成功: config/master/prg1/cntrl.csv, 共67行
2025-11-01 07:08:14,541 - src.ui.main_window - WARNING - 从cntrl.csv获取参数类型失败: 'list' object has no attribute 'get'
2025-11-01 07:08:14,542 - src.data.csv_processor - INFO - CSV文件读取成功: config/master/prg1/load.csv, 共11行
2025-11-01 07:08:14,542 - src.ui.main_window - WARNING - 从load.csv获取参数类型失败: 'list' object has no attribute 'get'
2025-11-01 07:08:14,543 - src.data.csv_processor - INFO - CSV文件读取成功: config/master/prg1/cntrl.csv, 共67行
2025-11-01 07:08:14,543 - src.ui.main_window - WARNING - 从cntrl.csv获取参数类型失败: 'list' object has no attribute 'get'
2025-11-01 07:08:14,543 - src.data.csv_processor - INFO - CSV文件读取成功: config/master/prg1/load.csv, 共11行
2025-11-01 07:08:14,544 - src.ui.main_window - WARNING - 从load.csv获取参数类型失败: 'list' object has no attribute 'get'
2025-11-01 07:08:14,544 - src.data.csv_processor - INFO - CSV文件读取成功: config/master/prg1/cntrl.csv, 共67行
2025-11-01 07:08:14,544 - src.ui.main_window - WARNING - 从cntrl.csv获取参数类型失败: 'list' object has no attribute 'get'
2025-11-01 07:08:14,545 - src.data.csv_processor - INFO - CSV文件读取成功: config/master/prg1/load.csv, 共11行
2025-11-01 07:08:14,545 - src.ui.main_window - WARNING - 从load.csv获取参数类型失败: 'list' object has no attribute 'get'
2025-11-01 07:08:14,545 - src.data.csv_processor - INFO - CSV文件读取成功: config/master/prg1/cntrl.csv, 共67行
2025-11-01 07:08:14,546 - src.ui.main_window - WARNING - 从cntrl.csv获取参数类型失败: 'list' object has no attribute 'get'
2025-11-01 07:08:14,546 - src.data.csv_processor - INFO - CSV文件读取成功: config/master/prg1/load.csv, 共11行
2025-11-01 07:08:14,546 - src.ui.main_window - WARNING - 从load.csv获取参数类型失败: 'list' object has no attribute 'get'
2025-11-01 07:08:14,547 - src.data.csv_processor - INFO - CSV文件读取成功: config/master/prg1/cntrl.csv, 共67行
2025-11-01 07:08:14,547 - src.ui.main_window - WARNING - 从cntrl.csv获取参数类型失败: 'list' object has no attribute 'get'
2025-11-01 07:08:14,547 - src.data.csv_processor - INFO - CSV文件读取成功: config/master/prg1/load.csv, 共11行
2025-11-01 07:08:14,547 - src.ui.main_window - WARNING - 从load.csv获取参数类型失败: 'list' object has no attribute 'get'
2025-11-01 07:08:14,549 - src.data.csv_processor - INFO - CSV文件读取成功: config/master/prg1/cntrl.csv, 共67行
2025-11-01 07:08:14,549 - src.ui.main_window - WARNING - 从cntrl.csv获取参数类型失败: 'list' object has no attribute 'get'
2025-11-01 07:08:14,549 - src.data.csv_processor - INFO - CSV文件读取成功: config/master/prg1/load.csv, 共11行
2025-11-01 07:08:14,550 - src.ui.main_window - WARNING - 从load.csv获取参数类型失败: 'list' object has no attribute 'get'
2025-11-01 07:08:14,550 - src.data.csv_processor - INFO - CSV文件读取成功: config/master/prg1/cntrl.csv, 共67行
2025-11-01 07:08:14,550 - src.ui.main_window - WARNING - 从cntrl.csv获取参数类型失败: 'list' object has no attribute 'get'
2025-11-01 07:08:14,550 - src.data.csv_processor - INFO - CSV文件读取成功: config/master/prg1/load.csv, 共11行
2025-11-01 07:08:14,551 - src.ui.main_window - WARNING - 从load.csv获取参数类型失败: 'list' object has no attribute 'get'
2025-11-01 07:08:14,551 - src.data.csv_processor - INFO - CSV文件读取成功: config/master/prg1/cntrl.csv, 共67行
2025-11-01 07:08:14,551 - src.ui.main_window - WARNING - 从cntrl.csv获取参数类型失败: 'list' object has no attribute 'get'
2025-11-01 07:08:14,552 - src.data.csv_processor - INFO - CSV文件读取成功: config/master/prg1/load.csv, 共11行
2025-11-01 07:08:14,552 - src.ui.main_window - WARNING - 从load.csv获取参数类型失败: 'list' object has no attribute 'get'
2025-11-01 07:08:14,552 - src.data.csv_processor - INFO - CSV文件读取成功: config/master/prg1/cntrl.csv, 共67行
2025-11-01 07:08:14,552 - src.ui.main_window - WARNING - 从cntrl.csv获取参数类型失败: 'list' object has no attribute 'get'
2025-11-01 07:08:14,553 - src.data.csv_processor - INFO - CSV文件读取成功: config/master/prg1/load.csv, 共11行
2025-11-01 07:08:14,553 - src.ui.main_window - WARNING - 从load.csv获取参数类型失败: 'list' object has no attribute 'get'
2025-11-01 07:08:14,553 - src.data.csv_processor - INFO - CSV文件读取成功: config/master/prg1/cntrl.csv, 共67行
2025-11-01 07:08:14,553 - src.ui.main_window - WARNING - 从cntrl.csv获取参数类型失败: 'list' object has no attribute 'get'
2025-11-01 07:08:14,554 - src.data.csv_processor - INFO - CSV文件读取成功: config/master/prg1/load.csv, 共11行
2025-11-01 07:08:14,555 - src.ui.main_window - WARNING - 从load.csv获取参数类型失败: 'list' object has no attribute 'get'
2025-11-01 07:08:14,555 - src.data.csv_processor - INFO - CSV文件读取成功: config/master/prg1/cntrl.csv, 共67行
2025-11-01 07:08:14,555 - src.ui.main_window - WARNING - 从cntrl.csv获取参数类型失败: 'list' object has no attribute 'get'
2025-11-01 07:08:14,555 - src.data.csv_processor - INFO - CSV文件读取成功: config/master/prg1/load.csv, 共11行
2025-11-01 07:08:14,556 - src.ui.main_window - WARNING - 从load.csv获取参数类型失败: 'list' object has no attribute 'get'
2025-11-01 07:08:14,556 - src.data.csv_processor - INFO - CSV文件读取成功: config/master/prg1/cntrl.csv, 共67行
2025-11-01 07:08:14,556 - src.ui.main_window - WARNING - 从cntrl.csv获取参数类型失败: 'list' object has no attribute 'get'
2025-11-01 07:08:14,556 - src.data.csv_processor - INFO - CSV文件读取成功: config/master/prg1/load.csv, 共11行
2025-11-01 07:08:14,557 - src.ui.main_window - WARNING - 从load.csv获取参数类型失败: 'list' object has no attribute 'get'
2025-11-01 07:08:14,557 - src.data.csv_processor - INFO - CSV文件读取成功: config/master/prg1/cntrl.csv, 共67行
2025-11-01 07:08:14,557 - src.ui.main_window - WARNING - 从cntrl.csv获取参数类型失败: 'list' object has no attribute 'get'
2025-11-01 07:08:14,557 - src.data.csv_processor - INFO - CSV文件读取成功: config/master/prg1/load.csv, 共11行
2025-11-01 07:08:14,558 - src.ui.main_window - WARNING - 从load.csv获取参数类型失败: 'list' object has no attribute 'get'
2025-11-01 07:08:14,558 - src.data.csv_processor - INFO - CSV文件读取成功: config/master/prg1/cntrl.csv, 共67行
2025-11-01 07:08:14,558 - src.ui.main_window - WARNING - 从cntrl.csv获取参数类型失败: 'list' object has no attribute 'get'
2025-11-01 07:08:14,560 - src.data.csv_processor - INFO - CSV文件读取成功: config/master/prg1/load.csv, 共11行
2025-11-01 07:08:14,560 - src.ui.main_window - WARNING - 从load.csv获取参数类型失败: 'list' object has no attribute 'get'
2025-11-01 07:08:14,560 - src.data.csv_processor - INFO - CSV文件读取成功: config/master/prg1/cntrl.csv, 共67行
2025-11-01 07:08:14,560 - src.ui.main_window - WARNING - 从cntrl.csv获取参数类型失败: 'list' object has no attribute 'get'
2025-11-01 07:08:14,560 - src.data.csv_processor - INFO - CSV文件读取成功: config/master/prg1/load.csv, 共11行
2025-11-01 07:08:14,561 - src.ui.main_window - WARNING - 从load.csv获取参数类型失败: 'list' object has no attribute 'get'
2025-11-01 07:08:14,561 - src.data.csv_processor - INFO - CSV文件读取成功: config/master/prg1/cntrl.csv, 共67行
2025-11-01 07:08:14,561 - src.ui.main_window - WARNING - 从cntrl.csv获取参数类型失败: 'list' object has no attribute 'get'
2025-11-01 07:08:14,561 - src.data.csv_processor - INFO - CSV文件读取成功: config/master/prg1/load.csv, 共11行
2025-11-01 07:08:14,562 - src.ui.main_window - WARNING - 从load.csv获取参数类型失败: 'list' object has no attribute 'get'
2025-11-01 07:08:14,562 - src.data.csv_processor - INFO - CSV文件读取成功: config/master/prg1/cntrl.csv, 共67行
2025-11-01 07:08:14,562 - src.ui.main_window - WARNING - 从cntrl.csv获取参数类型失败: 'list' object has no attribute 'get'
2025-11-01 07:08:14,562 - src.data.csv_processor - INFO - CSV文件读取成功: config/master/prg1/load.csv, 共11行
2025-11-01 07:08:14,562 - src.ui.main_window - WARNING - 从load.csv获取参数类型失败: 'list' object has no attribute 'get'
2025-11-01 07:08:14,563 - src.data.csv_processor - INFO - CSV文件读取成功: config/master/prg1/cntrl.csv, 共67行
2025-11-01 07:08:14,563 - src.ui.main_window - WARNING - 从cntrl.csv获取参数类型失败: 'list' object has no attribute 'get'
2025-11-01 07:08:14,563 - src.data.csv_processor - INFO - CSV文件读取成功: config/master/prg1/load.csv, 共11行
2025-11-01 07:08:14,563 - src.ui.main_window - WARNING - 从load.csv获取参数类型失败: 'list' object has no attribute 'get'
2025-11-01 07:08:14,563 - src.data.csv_processor - INFO - CSV文件读取成功: config/master/prg1/cntrl.csv, 共67行
2025-11-01 07:08:14,563 - src.ui.main_window - WARNING - 从cntrl.csv获取参数类型失败: 'list' object has no attribute 'get'
2025-11-01 07:08:14,565 - src.data.csv_processor - INFO - CSV文件读取成功: config/master/prg1/load.csv, 共11行
2025-11-01 07:08:14,565 - src.ui.main_window - WARNING - 从load.csv获取参数类型失败: 'list' object has no attribute 'get'
2025-11-01 07:08:14,565 - src.data.csv_processor - INFO - CSV文件读取成功: config/master/prg1/cntrl.csv, 共67行
2025-11-01 07:08:14,565 - src.ui.main_window - WARNING - 从cntrl.csv获取参数类型失败: 'list' object has no attribute 'get'
2025-11-01 07:08:14,565 - src.data.csv_processor - INFO - CSV文件读取成功: config/master/prg1/load.csv, 共11行
2025-11-01 07:08:14,566 - src.ui.main_window - WARNING - 从load.csv获取参数类型失败: 'list' object has no attribute 'get'
2025-11-01 07:08:14,566 - src.data.csv_processor - INFO - CSV文件读取成功: config/master/prg1/cntrl.csv, 共67行
2025-11-01 07:08:14,566 - src.ui.main_window - WARNING - 从cntrl.csv获取参数类型失败: 'list' object has no attribute 'get'
2025-11-01 07:08:14,566 - src.data.csv_processor - INFO - CSV文件读取成功: config/master/prg1/load.csv, 共11行
2025-11-01 07:08:14,566 - src.ui.main_window - WARNING - 从load.csv获取参数类型失败: 'list' object has no attribute 'get'
2025-11-01 07:08:14,567 - src.data.csv_processor - INFO - CSV文件读取成功: config/master/prg1/cntrl.csv, 共67行
2025-11-01 07:08:14,567 - src.ui.main_window - WARNING - 从cntrl.csv获取参数类型失败: 'list' object has no attribute 'get'
2025-11-01 07:08:14,567 - src.data.csv_processor - INFO - CSV文件读取成功: config/master/prg1/load.csv, 共11行
2025-11-01 07:08:14,567 - src.ui.main_window - WARNING - 从load.csv获取参数类型失败: 'list' object has no attribute 'get'
2025-11-01 07:08:14,567 - src.data.csv_processor - INFO - CSV文件读取成功: config/master/prg1/cntrl.csv, 共67行
2025-11-01 07:08:14,567 - src.ui.main_window - WARNING - 从cntrl.csv获取参数类型失败: 'list' object has no attribute 'get'
2025-11-01 07:08:14,568 - src.data.csv_processor - INFO - CSV文件读取成功: config/master/prg1/load.csv, 共11行
2025-11-01 07:08:14,568 - src.ui.main_window - WARNING - 从load.csv获取参数类型失败: 'list' object has no attribute 'get'
2025-11-01 07:08:14,568 - src.data.csv_processor - INFO - CSV文件读取成功: config/master/prg1/cntrl.csv, 共67行
2025-11-01 07:08:14,568 - src.ui.main_window - WARNING - 从cntrl.csv获取参数类型失败: 'list' object has no attribute 'get'
2025-11-01 07:08:14,568 - src.data.csv_processor - INFO - CSV文件读取成功: config/master/prg1/load.csv, 共11行
2025-11-01 07:08:14,568 - src.ui.main_window - WARNING - 从load.csv获取参数类型失败: 'list' object has no attribute 'get'
2025-11-01 07:08:14,569 - src.data.csv_processor - INFO - CSV文件读取成功: config/master/prg1/cntrl.csv, 共67行
2025-11-01 07:08:14,569 - src.ui.main_window - WARNING - 从cntrl.csv获取参数类型失败: 'list' object has no attribute 'get'
2025-11-01 07:08:14,569 - src.data.csv_processor - INFO - CSV文件读取成功: config/master/prg1/load.csv, 共11行
2025-11-01 07:08:14,570 - src.ui.main_window - WARNING - 从load.csv获取参数类型失败: 'list' object has no attribute 'get'
2025-11-01 07:08:14,570 - src.data.csv_processor - INFO - CSV文件读取成功: config/master/prg1/cntrl.csv, 共67行
2025-11-01 07:08:14,570 - src.ui.main_window - WARNING - 从cntrl.csv获取参数类型失败: 'list' object has no attribute 'get'
2025-11-01 07:08:14,572 - src.data.csv_processor - INFO - CSV文件读取成功: config/master/prg1/load.csv, 共11行
2025-11-01 07:08:14,572 - src.ui.main_window - WARNING - 从load.csv获取参数类型失败: 'list' object has no attribute 'get'
2025-11-01 07:08:14,572 - src.data.csv_processor - INFO - CSV文件读取成功: config/master/prg1/cntrl.csv, 共67行
2025-11-01 07:08:14,573 - src.ui.main_window - WARNING - 从cntrl.csv获取参数类型失败: 'list' object has no attribute 'get'
2025-11-01 07:08:14,573 - src.data.csv_processor - INFO - CSV文件读取成功: config/master/prg1/load.csv, 共11行
2025-11-01 07:08:14,573 - src.ui.main_window - WARNING - 从load.csv获取参数类型失败: 'list' object has no attribute 'get'
2025-11-01 07:08:14,573 - src.data.csv_processor - INFO - CSV文件读取成功: config/master/prg1/cntrl.csv, 共67行
2025-11-01 07:08:14,573 - src.ui.main_window - WARNING - 从cntrl.csv获取参数类型失败: 'list' object has no attribute 'get'
2025-11-01 07:08:14,573 - src.data.csv_processor - INFO - CSV文件读取成功: config/master/prg1/load.csv, 共11行
2025-11-01 07:08:14,573 - src.ui.main_window - WARNING - 从load.csv获取参数类型失败: 'list' object has no attribute 'get'
2025-11-01 07:08:14,574 - src.data.csv_processor - INFO - CSV文件读取成功: config/master/prg1/cntrl.csv, 共67行
2025-11-01 07:08:14,574 - src.ui.main_window - WARNING - 从cntrl.csv获取参数类型失败: 'list' object has no attribute 'get'
2025-11-01 07:08:14,574 - src.data.csv_processor - INFO - CSV文件读取成功: config/master/prg1/load.csv, 共11行
2025-11-01 07:08:14,574 - src.ui.main_window - WARNING - 从load.csv获取参数类型失败: 'list' object has no attribute 'get'
2025-11-01 07:08:14,575 - src.data.csv_processor - INFO - CSV文件读取成功: config/master/prg1/cntrl.csv, 共67行
2025-11-01 07:08:14,575 - src.ui.main_window - WARNING - 从cntrl.csv获取参数类型失败: 'list' object has no attribute 'get'
2025-11-01 07:08:14,575 - src.data.csv_processor - INFO - CSV文件读取成功: config/master/prg1/load.csv, 共11行
2025-11-01 07:08:14,575 - src.ui.main_window - WARNING - 从load.csv获取参数类型失败: 'list' object has no attribute 'get'
2025-11-01 07:08:14,577 - src.data.csv_processor - INFO - CSV文件读取成功: config/master/prg1/cntrl.csv, 共67行
2025-11-01 07:08:14,577 - src.ui.main_window - WARNING - 从cntrl.csv获取参数类型失败: 'list' object has no attribute 'get'
2025-11-01 07:08:14,577 - src.data.csv_processor - INFO - CSV文件读取成功: config/master/prg1/load.csv, 共11行
2025-11-01 07:08:14,577 - src.ui.main_window - WARNING - 从load.csv获取参数类型失败: 'list' object has no attribute 'get'
2025-11-01 07:08:14,577 - src.data.csv_processor - INFO - CSV文件读取成功: config/master/prg1/cntrl.csv, 共67行
2025-11-01 07:08:14,577 - src.ui.main_window - WARNING - 从cntrl.csv获取参数类型失败: 'list' object has no attribute 'get'
2025-11-01 07:08:14,578 - src.data.csv_processor - INFO - CSV文件读取成功: config/master/prg1/load.csv, 共11行
2025-11-01 07:08:14,578 - src.ui.main_window - WARNING - 从load.csv获取参数类型失败: 'list' object has no attribute 'get'
2025-11-01 07:08:14,578 - src.data.csv_processor - INFO - CSV文件读取成功: config/master/prg1/cntrl.csv, 共67行
2025-11-01 07:08:14,578 - src.ui.main_window - WARNING - 从cntrl.csv获取参数类型失败: 'list' object has no attribute 'get'
2025-11-01 07:08:14,579 - src.data.csv_processor - INFO - CSV文件读取成功: config/master/prg1/load.csv, 共11行
2025-11-01 07:08:14,579 - src.ui.main_window - WARNING - 从load.csv获取参数类型失败: 'list' object has no attribute 'get'
2025-11-01 07:08:14,579 - src.data.csv_processor - INFO - CSV文件读取成功: config/master/prg1/cntrl.csv, 共67行
2025-11-01 07:08:14,579 - src.ui.main_window - WARNING - 从cntrl.csv获取参数类型失败: 'list' object has no attribute 'get'
2025-11-01 07:08:14,579 - src.data.csv_processor - INFO - CSV文件读取成功: config/master/prg1/load.csv, 共11行
2025-11-01 07:08:14,579 - src.ui.main_window - WARNING - 从load.csv获取参数类型失败: 'list' object has no attribute 'get'
2025-11-01 07:08:14,580 - src.data.csv_processor - INFO - CSV文件读取成功: config/master/prg1/cntrl.csv, 共67行
2025-11-01 07:08:14,580 - src.ui.main_window - WARNING - 从cntrl.csv获取参数类型失败: 'list' object has no attribute 'get'
2025-11-01 07:08:14,580 - src.data.csv_processor - INFO - CSV文件读取成功: config/master/prg1/load.csv, 共11行
2025-11-01 07:08:14,580 - src.ui.main_window - WARNING - 从load.csv获取参数类型失败: 'list' object has no attribute 'get'
2025-11-01 07:08:14,581 - src.data.csv_processor - INFO - CSV文件读取成功: config/master/prg1/cntrl.csv, 共67行
2025-11-01 07:08:14,581 - src.ui.main_window - WARNING - 从cntrl.csv获取参数类型失败: 'list' object has no attribute 'get'
2025-11-01 07:08:14,581 - src.data.csv_processor - INFO - CSV文件读取成功: config/master/prg1/load.csv, 共11行
2025-11-01 07:08:14,581 - src.ui.main_window - WARNING - 从load.csv获取参数类型失败: 'list' object has no attribute 'get'
2025-11-01 07:08:14,581 - src.data.csv_processor - INFO - CSV文件读取成功: config/master/prg1/cntrl.csv, 共67行
2025-11-01 07:08:14,581 - src.ui.main_window - WARNING - 从cntrl.csv获取参数类型失败: 'list' object has no attribute 'get'
2025-11-01 07:08:14,582 - src.data.csv_processor - INFO - CSV文件读取成功: config/master/prg1/load.csv, 共11行
2025-11-01 07:08:14,582 - src.ui.main_window - WARNING - 从load.csv获取参数类型失败: 'list' object has no attribute 'get'
2025-11-01 07:08:14,582 - src.data.csv_processor - INFO - CSV文件读取成功: config/master/prg1/cntrl.csv, 共67行
2025-11-01 07:08:14,582 - src.ui.main_window - WARNING - 从cntrl.csv获取参数类型失败: 'list' object has no attribute 'get'
2025-11-01 07:08:14,583 - src.data.csv_processor - INFO - CSV文件读取成功: config/master/prg1/load.csv, 共11行
2025-11-01 07:08:14,583 - src.ui.main_window - WARNING - 从load.csv获取参数类型失败: 'list' object has no attribute 'get'
2025-11-01 07:08:14,583 - src.data.csv_processor - INFO - CSV文件读取成功: config/master/prg1/cntrl.csv, 共67行
2025-11-01 07:08:14,583 - src.ui.main_window - WARNING - 从cntrl.csv获取参数类型失败: 'list' object has no attribute 'get'
2025-11-01 07:08:14,583 - src.data.csv_processor - INFO - CSV文件读取成功: config/master/prg1/load.csv, 共11行
2025-11-01 07:08:14,583 - src.ui.main_window - WARNING - 从load.csv获取参数类型失败: 'list' object has no attribute 'get'
2025-11-01 07:08:14,583 - src.data.csv_processor - INFO - CSV文件读取成功: config/master/prg1/cntrl.csv, 共67行
2025-11-01 07:08:14,585 - src.ui.main_window - WARNING - 从cntrl.csv获取参数类型失败: 'list' object has no attribute 'get'
2025-11-01 07:08:14,585 - src.data.csv_processor - INFO - CSV文件读取成功: config/master/prg1/load.csv, 共11行
2025-11-01 07:08:14,585 - src.ui.main_window - WARNING - 从load.csv获取参数类型失败: 'list' object has no attribute 'get'
2025-11-01 07:08:14,585 - src.data.csv_processor - INFO - CSV文件读取成功: config/master/prg1/cntrl.csv, 共67行
2025-11-01 07:08:14,585 - src.ui.main_window - WARNING - 从cntrl.csv获取参数类型失败: 'list' object has no attribute 'get'
2025-11-01 07:08:14,586 - src.data.csv_processor - INFO - CSV文件读取成功: config/master/prg1/load.csv, 共11行
2025-11-01 07:08:14,586 - src.ui.main_window - WARNING - 从load.csv获取参数类型失败: 'list' object has no attribute 'get'
2025-11-01 07:08:14,586 - src.data.csv_processor - INFO - CSV文件读取成功: config/master/prg1/cntrl.csv, 共67行
2025-11-01 07:08:14,587 - src.ui.main_window - WARNING - 从cntrl.csv获取参数类型失败: 'list' object has no attribute 'get'
2025-11-01 07:08:14,587 - src.data.csv_processor - INFO - CSV文件读取成功: config/master/prg1/load.csv, 共11行
2025-11-01 07:08:14,587 - src.ui.main_window - WARNING - 从load.csv获取参数类型失败: 'list' object has no attribute 'get'
2025-11-01 07:08:14,588 - src.data.csv_processor - INFO - CSV文件读取成功: config/master/prg1/cntrl.csv, 共67行
2025-11-01 07:08:14,588 - src.ui.main_window - WARNING - 从cntrl.csv获取参数类型失败: 'list' object has no attribute 'get'
2025-11-01 07:08:14,588 - src.data.csv_processor - INFO - CSV文件读取成功: config/master/prg1/load.csv, 共11行
2025-11-01 07:08:14,588 - src.ui.main_window - WARNING - 从load.csv获取参数类型失败: 'list' object has no attribute 'get'
2025-11-01 07:08:14,588 - src.data.csv_processor - INFO - CSV文件读取成功: config/master/prg1/cntrl.csv, 共67行
2025-11-01 07:08:14,588 - src.ui.main_window - WARNING - 从cntrl.csv获取参数类型失败: 'list' object has no attribute 'get'
2025-11-01 07:08:14,589 - src.data.csv_processor - INFO - CSV文件读取成功: config/master/prg1/load.csv, 共11行
2025-11-01 07:08:14,589 - src.ui.main_window - WARNING - 从load.csv获取参数类型失败: 'list' object has no attribute 'get'
2025-11-01 07:08:14,589 - src.data.csv_processor - INFO - CSV文件读取成功: config/master/prg1/cntrl.csv, 共67行
2025-11-01 07:08:14,591 - src.ui.main_window - WARNING - 从cntrl.csv获取参数类型失败: 'list' object has no attribute 'get'
2025-11-01 07:08:14,591 - src.data.csv_processor - INFO - CSV文件读取成功: config/master/prg1/load.csv, 共11行
2025-11-01 07:08:14,591 - src.ui.main_window - WARNING - 从load.csv获取参数类型失败: 'list' object has no attribute 'get'
2025-11-01 07:08:14,591 - src.data.csv_processor - INFO - CSV文件读取成功: config/master/prg1/cntrl.csv, 共67行
2025-11-01 07:08:14,591 - src.ui.main_window - WARNING - 从cntrl.csv获取参数类型失败: 'list' object has no attribute 'get'
2025-11-01 07:08:14,592 - src.data.csv_processor - INFO - CSV文件读取成功: config/master/prg1/load.csv, 共11行
2025-11-01 07:08:14,592 - src.ui.main_window - WARNING - 从load.csv获取参数类型失败: 'list' object has no attribute 'get'
2025-11-01 07:08:14,592 - src.data.csv_processor - INFO - CSV文件读取成功: config/master/prg1/cntrl.csv, 共67行
2025-11-01 07:08:14,592 - src.ui.main_window - WARNING - 从cntrl.csv获取参数类型失败: 'list' object has no attribute 'get'
2025-11-01 07:08:14,592 - src.data.csv_processor - INFO - CSV文件读取成功: config/master/prg1/load.csv, 共11行
2025-11-01 07:08:14,593 - src.ui.main_window - WARNING - 从load.csv获取参数类型失败: 'list' object has no attribute 'get'
2025-11-01 07:08:14,593 - src.data.csv_processor - INFO - CSV文件读取成功: config/master/prg1/cntrl.csv, 共67行
2025-11-01 07:08:14,593 - src.ui.main_window - WARNING - 从cntrl.csv获取参数类型失败: 'list' object has no attribute 'get'
2025-11-01 07:08:14,593 - src.data.csv_processor - INFO - CSV文件读取成功: config/master/prg1/load.csv, 共11行
2025-11-01 07:08:14,593 - src.ui.main_window - WARNING - 从load.csv获取参数类型失败: 'list' object has no attribute 'get'
2025-11-01 07:08:14,594 - src.data.csv_processor - INFO - CSV文件读取成功: config/master/prg1/cntrl.csv, 共67行
2025-11-01 07:08:14,595 - src.ui.main_window - WARNING - 从cntrl.csv获取参数类型失败: 'list' object has no attribute 'get'
2025-11-01 07:08:14,595 - src.data.csv_processor - INFO - CSV文件读取成功: config/master/prg1/load.csv, 共11行
2025-11-01 07:08:14,595 - src.ui.main_window - WARNING - 从load.csv获取参数类型失败: 'list' object has no attribute 'get'
2025-11-01 07:08:14,595 - src.data.csv_processor - INFO - CSV文件读取成功: config/master/prg1/cntrl.csv, 共67行
2025-11-01 07:08:14,595 - src.ui.main_window - WARNING - 从cntrl.csv获取参数类型失败: 'list' object has no attribute 'get'
2025-11-01 07:08:14,596 - src.data.csv_processor - INFO - CSV文件读取成功: config/master/prg1/load.csv, 共11行
2025-11-01 07:08:14,596 - src.ui.main_window - WARNING - 从load.csv获取参数类型失败: 'list' object has no attribute 'get'
2025-11-01 07:08:14,596 - src.data.csv_processor - INFO - CSV文件读取成功: config/master/prg1/cntrl.csv, 共67行
2025-11-01 07:08:14,596 - src.ui.main_window - WARNING - 从cntrl.csv获取参数类型失败: 'list' object has no attribute 'get'
2025-11-01 07:08:14,596 - src.data.csv_processor - INFO - CSV文件读取成功: config/master/prg1/load.csv, 共11行
2025-11-01 07:08:14,597 - src.ui.main_window - WARNING - 从load.csv获取参数类型失败: 'list' object has no attribute 'get'
2025-11-01 07:08:14,597 - src.data.csv_processor - INFO - CSV文件读取成功: config/master/prg1/cntrl.csv, 共67行
2025-11-01 07:08:14,597 - src.ui.main_window - WARNING - 从cntrl.csv获取参数类型失败: 'list' object has no attribute 'get'
2025-11-01 07:08:14,597 - src.data.csv_processor - INFO - CSV文件读取成功: config/master/prg1/load.csv, 共11行
2025-11-01 07:08:14,598 - src.ui.main_window - WARNING - 从load.csv获取参数类型失败: 'list' object has no attribute 'get'
2025-11-01 07:08:14,598 - src.data.csv_processor - INFO - CSV文件读取成功: config/master/prg1/cntrl.csv, 共67行
2025-11-01 07:08:14,598 - src.ui.main_window - WARNING - 从cntrl.csv获取参数类型失败: 'list' object has no attribute 'get'
2025-11-01 07:08:14,598 - src.data.csv_processor - INFO - CSV文件读取成功: config/master/prg1/load.csv, 共11行
2025-11-01 07:08:14,598 - src.ui.main_window - WARNING - 从load.csv获取参数类型失败: 'list' object has no attribute 'get'
2025-11-01 07:08:14,599 - src.data.csv_processor - INFO - CSV文件读取成功: config/master/prg1/cntrl.csv, 共67行
2025-11-01 07:08:14,599 - src.ui.main_window - WARNING - 从cntrl.csv获取参数类型失败: 'list' object has no attribute 'get'
2025-11-01 07:08:14,599 - src.data.csv_processor - INFO - CSV文件读取成功: config/master/prg1/load.csv, 共11行
2025-11-01 07:08:14,599 - src.ui.main_window - WARNING - 从load.csv获取参数类型失败: 'list' object has no attribute 'get'
2025-11-01 07:08:14,599 - src.data.csv_processor - INFO - CSV文件读取成功: config/master/prg1/cntrl.csv, 共67行
2025-11-01 07:08:14,600 - src.ui.main_window - WARNING - 从cntrl.csv获取参数类型失败: 'list' object has no attribute 'get'
2025-11-01 07:08:14,600 - src.data.csv_processor - INFO - CSV文件读取成功: config/master/prg1/load.csv, 共11行
2025-11-01 07:08:14,600 - src.ui.main_window - WARNING - 从load.csv获取参数类型失败: 'list' object has no attribute 'get'
2025-11-01 07:08:14,600 - src.data.csv_processor - INFO - CSV文件读取成功: config/master/prg1/cntrl.csv, 共67行
2025-11-01 07:08:14,600 - src.ui.main_window - WARNING - 从cntrl.csv获取参数类型失败: 'list' object has no attribute 'get'
2025-11-01 07:08:14,600 - src.data.csv_processor - INFO - CSV文件读取成功: config/master/prg1/load.csv, 共11行
2025-11-01 07:08:14,601 - src.ui.main_window - WARNING - 从load.csv获取参数类型失败: 'list' object has no attribute 'get'
2025-11-01 07:08:14,601 - src.data.csv_processor - INFO - CSV文件读取成功: config/master/prg1/cntrl.csv, 共67行
2025-11-01 07:08:14,601 - src.ui.main_window - WARNING - 从cntrl.csv获取参数类型失败: 'list' object has no attribute 'get'
2025-11-01 07:08:14,601 - src.data.csv_processor - INFO - CSV文件读取成功: config/master/prg1/load.csv, 共11行
2025-11-01 07:08:14,601 - src.ui.main_window - WARNING - 从load.csv获取参数类型失败: 'list' object has no attribute 'get'
2025-11-01 07:08:14,601 - src.data.csv_processor - INFO - CSV文件读取成功: config/master/prg1/cntrl.csv, 共67行
2025-11-01 07:08:14,602 - src.ui.main_window - WARNING - 从cntrl.csv获取参数类型失败: 'list' object has no attribute 'get'
2025-11-01 07:08:14,602 - src.data.csv_processor - INFO - CSV文件读取成功: config/master/prg1/load.csv, 共11行
2025-11-01 07:08:14,602 - src.ui.main_window - WARNING - 从load.csv获取参数类型失败: 'list' object has no attribute 'get'
2025-11-01 07:08:14,603 - src.data.csv_processor - INFO - CSV文件读取成功: config/master/prg1/cntrl.csv, 共67行
2025-11-01 07:08:14,603 - src.ui.main_window - WARNING - 从cntrl.csv获取参数类型失败: 'list' object has no attribute 'get'
2025-11-01 07:08:14,603 - src.data.csv_processor - INFO - CSV文件读取成功: config/master/prg1/load.csv, 共11行
2025-11-01 07:08:14,603 - src.ui.main_window - WARNING - 从load.csv获取参数类型失败: 'list' object has no attribute 'get'
2025-11-01 07:08:14,604 - src.data.csv_processor - INFO - CSV文件读取成功: config/master/prg1/cntrl.csv, 共67行
2025-11-01 07:08:14,604 - src.ui.main_window - WARNING - 从cntrl.csv获取参数类型失败: 'list' object has no attribute 'get'
2025-11-01 07:08:14,604 - src.data.csv_processor - INFO - CSV文件读取成功: config/master/prg1/load.csv, 共11行
2025-11-01 07:08:14,604 - src.ui.main_window - WARNING - 从load.csv获取参数类型失败: 'list' object has no attribute 'get'
2025-11-01 07:08:14,605 - src.data.csv_processor - INFO - CSV文件读取成功: config/master/prg1/cntrl.csv, 共67行
2025-11-01 07:08:14,605 - src.ui.main_window - WARNING - 从cntrl.csv获取参数类型失败: 'list' object has no attribute 'get'
2025-11-01 07:29:02,621 - src.communication.named_pipe - WARNING - 命名管道服务器未在运行
2025-11-01 07:29:02,621 - src.data.file_manager - INFO - 所有文件已关闭
2025-11-01 07:29:41,710 - DNCSystem - INFO - DNC Python 系统启动
2025-11-01 07:29:41,714 - src.data.csv_processor - INFO - CSV文件读取为字典成功: config\master\ini.csv, 共49行
2025-11-01 07:29:41,714 - src.core.config - INFO - 配置加载成功
2025-11-01 07:29:41,714 - src.data.csv_processor - INFO - CSV文件读取为字典成功: config\master\ini.csv, 共49行
2025-11-01 07:29:41,717 - src.data.csv_processor - INFO - CSV文件读取为字典成功: config\master\ini.csv, 共49行
2025-11-01 07:29:41,719 - src.data.csv_processor - INFO - CSV文件读取为字典成功: config\master\header.csv, 共5行
2025-11-01 07:29:41,719 - src.data.csv_processor - INFO - CSV文件读取为字典成功: config\master\type_define.csv, 共9行
2025-11-01 07:29:41,720 - src.data.csv_processor - INFO - CSV文件读取为字典成功: config\master\type_relation.csv, 共0行
2025-11-01 07:29:41,721 - src.data.csv_processor - INFO - CSV文件读取为字典成功: config\master\type_chngvl.csv, 共0行
2025-11-01 07:29:41,722 - src.data.csv_processor - INFO - CSV文件读取为字典成功: config\master\type_prg.csv, 共9行
2025-11-01 07:29:41,722 - src.data.csv_processor - INFO - CSV文件读取为字典成功: config\master\prg.csv, 共2行
2025-11-01 07:29:41,733 - DNCSystem - INFO - DNC Python 系统初始化成功
2025-11-01 07:29:42,765 - src.ui.main_window - INFO - 宏文件生成器初始化成功
2025-11-01 07:30:10,845 - src.ui.main_window - INFO - 参数已更新: {'basic': {'workpiece_name': '', 'workpiece_id': '', 'process_type': '铣削', 'precision': '普通'}, 'geometry': {'length': 0.0, 'width': 0.0, 'height': 0.0, 'diameter': 0.0, 'angle': 0.0}, 'process': {'spindle_speed': 0.0, 'feed_rate': 0.0, 'cut_depth': 0.0, 'cut_width': 0.0}, 'material': {'material_type': '碳钢', 'material_hardness': '软', 'material_strength': 0.0}, 'model': {'model_type': '自动识别', 'model_description': '123@GPA20GT15040_A-H8@3', 'current_model': None}}
2025-11-01 07:30:10,845 - src.data.csv_processor - INFO - CSV文件读取为字典成功: config\master\header.csv, 共5行
2025-11-01 07:30:10,845 - src.ui.main_window - INFO - 型号识别完成: {'model': '123', 'qr_code': '123@GPA20GT15040_A-H8@3', 'po': '', 'quantity': '', 'recognition_mode': 'QR', 'confidence': 1.0, 'error_message': None}
2025-11-01 07:30:24,424 - src.ui.main_window - INFO - 参数已更新: {'basic': {'workpiece_name': '', 'workpiece_id': '', 'process_type': '铣削', 'precision': '普通'}, 'geometry': {'length': 0.0, 'width': 0.0, 'height': 0.0, 'diameter': 0.0, 'angle': 0.0}, 'process': {'spindle_speed': 0.0, 'feed_rate': 0.0, 'cut_depth': 0.0, 'cut_width': 0.0}, 'material': {'material_type': '碳钢', 'material_hardness': '软', 'material_strength': 0.0}, 'model': {'model_type': '自动识别', 'model_description': '123@GPA20GT15040_A-H8@3', 'current_model': None}}
2025-11-01 07:30:24,428 - src.data.csv_processor - INFO - CSV文件读取为字典成功: config\master\header.csv, 共5行
2025-11-01 07:30:24,429 - src.ui.main_window - INFO - 型号识别完成: {'model': '123', 'qr_code': '123@GPA20GT15040_A-H8@3', 'po': '', 'quantity': '', 'recognition_mode': 'QR', 'confidence': 1.0, 'error_message': None}
2025-11-01 07:30:45,288 - src.ui.main_window - INFO - 转让按钮点击，参数: {'#1': '', '#2': '', '#3': '', '#4': '', '#5': '', '#6': '', '#7': '', '#8': '', '#9': '', '#10': '', '#11': 'defineBTC', '#12': 'defineTL', '#500': '', '#501': '1', '#502': '1', '#503': '关系1', '#504': '关系1', '#505': '', '#506': '', '#507': '', '#508': '选项1', '#509': '关系1', '#510': '关系1', '#511': '10.19', '#512': '9.68', '#513': '关系1', '#514': '', '#515': '', '#516': '关系1', '#517': '', '#518': '', '#519': '7', '#520': '', '#521': '', '#522': '关系1', '#523': '', '#524': '', '#525': '', '#526': '', '#527': '', '#528': '关系1', '#529': '', '#530': '', '#531': '', '#532': '', '#533': '', '#534': '', '#535': '', '#536': '', '#537': '', '#538': '', '#539': '', '#540': '', '#541': '', '#542': '', '#543': '', '#544': '', '#545': '关系1', '#546': '关系1', '#547': '关系1', '#548': '', '#549': '', '#550': '', '#602': False, '#603': '0', '#605': 'relationYSTA'}
2025-11-01 07:30:45,288 - src.data.csv_processor - INFO - CSV文件读取成功: config/master/prg1/load.csv, 共11行
2025-11-01 07:30:45,288 - src.ui.main_window - WARNING - 从load.csv获取参数类型失败: 'list' object has no attribute 'get'
2025-11-01 07:30:45,288 - src.data.csv_processor - INFO - CSV文件读取成功: config/master/prg1/cntrl.csv, 共67行
2025-11-01 07:30:45,288 - src.ui.main_window - WARNING - 从cntrl.csv获取参数类型失败: 'list' object has no attribute 'get'
2025-11-01 07:30:45,288 - src.data.csv_processor - INFO - CSV文件读取成功: config/master/prg1/load.csv, 共11行
2025-11-01 07:30:45,288 - src.ui.main_window - WARNING - 从load.csv获取参数类型失败: 'list' object has no attribute 'get'
2025-11-01 07:30:45,288 - src.data.csv_processor - INFO - CSV文件读取成功: config/master/prg1/cntrl.csv, 共67行
2025-11-01 07:30:45,288 - src.ui.main_window - WARNING - 从cntrl.csv获取参数类型失败: 'list' object has no attribute 'get'
2025-11-01 07:30:45,288 - src.data.csv_processor - INFO - CSV文件读取成功: config/master/prg1/load.csv, 共11行
2025-11-01 07:30:45,288 - src.ui.main_window - WARNING - 从load.csv获取参数类型失败: 'list' object has no attribute 'get'
2025-11-01 07:30:45,288 - src.data.csv_processor - INFO - CSV文件读取成功: config/master/prg1/cntrl.csv, 共67行
2025-11-01 07:30:45,288 - src.ui.main_window - WARNING - 从cntrl.csv获取参数类型失败: 'list' object has no attribute 'get'
2025-11-01 07:30:45,288 - src.data.csv_processor - INFO - CSV文件读取成功: config/master/prg1/load.csv, 共11行
2025-11-01 07:30:45,296 - src.ui.main_window - WARNING - 从load.csv获取参数类型失败: 'list' object has no attribute 'get'
2025-11-01 07:30:45,297 - src.data.csv_processor - INFO - CSV文件读取成功: config/master/prg1/cntrl.csv, 共67行
2025-11-01 07:30:45,297 - src.ui.main_window - WARNING - 从cntrl.csv获取参数类型失败: 'list' object has no attribute 'get'
2025-11-01 07:30:45,298 - src.data.csv_processor - INFO - CSV文件读取成功: config/master/prg1/load.csv, 共11行
2025-11-01 07:30:45,298 - src.ui.main_window - WARNING - 从load.csv获取参数类型失败: 'list' object has no attribute 'get'
2025-11-01 07:30:45,299 - src.data.csv_processor - INFO - CSV文件读取成功: config/master/prg1/cntrl.csv, 共67行
2025-11-01 07:30:45,299 - src.ui.main_window - WARNING - 从cntrl.csv获取参数类型失败: 'list' object has no attribute 'get'
2025-11-01 07:30:45,300 - src.data.csv_processor - INFO - CSV文件读取成功: config/master/prg1/load.csv, 共11行
2025-11-01 07:30:45,300 - src.ui.main_window - WARNING - 从load.csv获取参数类型失败: 'list' object has no attribute 'get'
2025-11-01 07:30:45,301 - src.data.csv_processor - INFO - CSV文件读取成功: config/master/prg1/cntrl.csv, 共67行
2025-11-01 07:30:45,301 - src.ui.main_window - WARNING - 从cntrl.csv获取参数类型失败: 'list' object has no attribute 'get'
2025-11-01 07:30:45,302 - src.data.csv_processor - INFO - CSV文件读取成功: config/master/prg1/load.csv, 共11行
2025-11-01 07:30:45,302 - src.ui.main_window - WARNING - 从load.csv获取参数类型失败: 'list' object has no attribute 'get'
2025-11-01 07:30:45,302 - src.data.csv_processor - INFO - CSV文件读取成功: config/master/prg1/cntrl.csv, 共67行
2025-11-01 07:30:45,302 - src.ui.main_window - WARNING - 从cntrl.csv获取参数类型失败: 'list' object has no attribute 'get'
2025-11-01 07:30:45,302 - src.data.csv_processor - INFO - CSV文件读取成功: config/master/prg1/load.csv, 共11行
2025-11-01 07:30:45,302 - src.ui.main_window - WARNING - 从load.csv获取参数类型失败: 'list' object has no attribute 'get'
2025-11-01 07:30:45,302 - src.data.csv_processor - INFO - CSV文件读取成功: config/master/prg1/cntrl.csv, 共67行
2025-11-01 07:30:45,302 - src.ui.main_window - WARNING - 从cntrl.csv获取参数类型失败: 'list' object has no attribute 'get'
2025-11-01 07:30:45,302 - src.data.csv_processor - INFO - CSV文件读取成功: config/master/prg1/load.csv, 共11行
2025-11-01 07:30:45,302 - src.ui.main_window - WARNING - 从load.csv获取参数类型失败: 'list' object has no attribute 'get'
2025-11-01 07:30:45,302 - src.data.csv_processor - INFO - CSV文件读取成功: config/master/prg1/cntrl.csv, 共67行
2025-11-01 07:30:45,302 - src.ui.main_window - WARNING - 从cntrl.csv获取参数类型失败: 'list' object has no attribute 'get'
2025-11-01 07:30:45,306 - src.data.csv_processor - INFO - CSV文件读取成功: config/master/prg1/load.csv, 共11行
2025-11-01 07:30:45,306 - src.ui.main_window - WARNING - 从load.csv获取参数类型失败: 'list' object has no attribute 'get'
2025-11-01 07:30:45,307 - src.data.csv_processor - INFO - CSV文件读取成功: config/master/prg1/cntrl.csv, 共67行
2025-11-01 07:30:45,307 - src.ui.main_window - WARNING - 从cntrl.csv获取参数类型失败: 'list' object has no attribute 'get'
2025-11-01 07:30:45,307 - src.data.csv_processor - INFO - CSV文件读取成功: config/master/prg1/load.csv, 共11行
2025-11-01 07:30:45,307 - src.ui.main_window - WARNING - 从load.csv获取参数类型失败: 'list' object has no attribute 'get'
2025-11-01 07:30:45,309 - src.data.csv_processor - INFO - CSV文件读取成功: config/master/prg1/cntrl.csv, 共67行
2025-11-01 07:30:45,309 - src.ui.main_window - WARNING - 从cntrl.csv获取参数类型失败: 'list' object has no attribute 'get'
2025-11-01 07:30:45,309 - src.data.csv_processor - INFO - CSV文件读取成功: config/master/prg1/load.csv, 共11行
2025-11-01 07:30:45,309 - src.ui.main_window - WARNING - 从load.csv获取参数类型失败: 'list' object has no attribute 'get'
2025-11-01 07:30:45,310 - src.data.csv_processor - INFO - CSV文件读取成功: config/master/prg1/cntrl.csv, 共67行
2025-11-01 07:30:45,310 - src.ui.main_window - WARNING - 从cntrl.csv获取参数类型失败: 'list' object has no attribute 'get'
2025-11-01 07:30:45,310 - src.data.csv_processor - INFO - CSV文件读取成功: config/master/prg1/load.csv, 共11行
2025-11-01 07:30:45,310 - src.ui.main_window - WARNING - 从load.csv获取参数类型失败: 'list' object has no attribute 'get'
2025-11-01 07:30:45,310 - src.data.csv_processor - INFO - CSV文件读取成功: config/master/prg1/cntrl.csv, 共67行
2025-11-01 07:30:45,310 - src.ui.main_window - WARNING - 从cntrl.csv获取参数类型失败: 'list' object has no attribute 'get'
2025-11-01 07:30:45,312 - src.data.csv_processor - INFO - CSV文件读取成功: config/master/prg1/load.csv, 共11行
2025-11-01 07:30:45,312 - src.ui.main_window - WARNING - 从load.csv获取参数类型失败: 'list' object has no attribute 'get'
2025-11-01 07:30:45,312 - src.data.csv_processor - INFO - CSV文件读取成功: config/master/prg1/cntrl.csv, 共67行
2025-11-01 07:30:45,313 - src.ui.main_window - WARNING - 从cntrl.csv获取参数类型失败: 'list' object has no attribute 'get'
2025-11-01 07:30:45,313 - src.data.csv_processor - INFO - CSV文件读取成功: config/master/prg1/load.csv, 共11行
2025-11-01 07:30:45,313 - src.ui.main_window - WARNING - 从load.csv获取参数类型失败: 'list' object has no attribute 'get'
2025-11-01 07:30:45,315 - src.data.csv_processor - INFO - CSV文件读取成功: config/master/prg1/cntrl.csv, 共67行
2025-11-01 07:30:45,315 - src.ui.main_window - WARNING - 从cntrl.csv获取参数类型失败: 'list' object has no attribute 'get'
2025-11-01 07:30:45,315 - src.data.csv_processor - INFO - CSV文件读取成功: config/master/prg1/load.csv, 共11行
2025-11-01 07:30:45,315 - src.ui.main_window - WARNING - 从load.csv获取参数类型失败: 'list' object has no attribute 'get'
2025-11-01 07:30:45,315 - src.data.csv_processor - INFO - CSV文件读取成功: config/master/prg1/cntrl.csv, 共67行
2025-11-01 07:30:45,315 - src.ui.main_window - WARNING - 从cntrl.csv获取参数类型失败: 'list' object has no attribute 'get'
2025-11-01 07:30:45,317 - src.data.csv_processor - INFO - CSV文件读取成功: config/master/prg1/load.csv, 共11行
2025-11-01 07:30:45,317 - src.ui.main_window - WARNING - 从load.csv获取参数类型失败: 'list' object has no attribute 'get'
2025-11-01 07:30:45,317 - src.data.csv_processor - INFO - CSV文件读取成功: config/master/prg1/cntrl.csv, 共67行
2025-11-01 07:30:45,318 - src.ui.main_window - WARNING - 从cntrl.csv获取参数类型失败: 'list' object has no attribute 'get'
2025-11-01 07:30:45,318 - src.data.csv_processor - INFO - CSV文件读取成功: config/master/prg1/load.csv, 共11行
2025-11-01 07:30:45,318 - src.ui.main_window - WARNING - 从load.csv获取参数类型失败: 'list' object has no attribute 'get'
2025-11-01 07:30:45,318 - src.data.csv_processor - INFO - CSV文件读取成功: config/master/prg1/cntrl.csv, 共67行
2025-11-01 07:30:45,318 - src.ui.main_window - WARNING - 从cntrl.csv获取参数类型失败: 'list' object has no attribute 'get'
2025-11-01 07:30:45,318 - src.data.csv_processor - INFO - CSV文件读取成功: config/master/prg1/load.csv, 共11行
2025-11-01 07:30:45,319 - src.ui.main_window - WARNING - 从load.csv获取参数类型失败: 'list' object has no attribute 'get'
2025-11-01 07:30:45,319 - src.data.csv_processor - INFO - CSV文件读取成功: config/master/prg1/cntrl.csv, 共67行
2025-11-01 07:30:45,319 - src.ui.main_window - WARNING - 从cntrl.csv获取参数类型失败: 'list' object has no attribute 'get'
2025-11-01 07:30:45,319 - src.data.csv_processor - INFO - CSV文件读取成功: config/master/prg1/load.csv, 共11行
2025-11-01 07:30:45,319 - src.ui.main_window - WARNING - 从load.csv获取参数类型失败: 'list' object has no attribute 'get'
2025-11-01 07:30:45,320 - src.data.csv_processor - INFO - CSV文件读取成功: config/master/prg1/cntrl.csv, 共67行
2025-11-01 07:30:45,320 - src.ui.main_window - WARNING - 从cntrl.csv获取参数类型失败: 'list' object has no attribute 'get'
2025-11-01 07:30:45,320 - src.data.csv_processor - INFO - CSV文件读取成功: config/master/prg1/load.csv, 共11行
2025-11-01 07:30:45,321 - src.ui.main_window - WARNING - 从load.csv获取参数类型失败: 'list' object has no attribute 'get'
2025-11-01 07:30:45,321 - src.data.csv_processor - INFO - CSV文件读取成功: config/master/prg1/cntrl.csv, 共67行
2025-11-01 07:30:45,321 - src.ui.main_window - WARNING - 从cntrl.csv获取参数类型失败: 'list' object has no attribute 'get'
2025-11-01 07:30:45,321 - src.data.csv_processor - INFO - CSV文件读取成功: config/master/prg1/load.csv, 共11行
2025-11-01 07:30:45,321 - src.ui.main_window - WARNING - 从load.csv获取参数类型失败: 'list' object has no attribute 'get'
2025-11-01 07:30:45,321 - src.data.csv_processor - INFO - CSV文件读取成功: config/master/prg1/cntrl.csv, 共67行
2025-11-01 07:30:45,322 - src.ui.main_window - WARNING - 从cntrl.csv获取参数类型失败: 'list' object has no attribute 'get'
2025-11-01 07:30:45,322 - src.data.csv_processor - INFO - CSV文件读取成功: config/master/prg1/load.csv, 共11行
2025-11-01 07:30:45,322 - src.ui.main_window - WARNING - 从load.csv获取参数类型失败: 'list' object has no attribute 'get'
2025-11-01 07:30:45,322 - src.data.csv_processor - INFO - CSV文件读取成功: config/master/prg1/cntrl.csv, 共67行
2025-11-01 07:30:45,322 - src.ui.main_window - WARNING - 从cntrl.csv获取参数类型失败: 'list' object has no attribute 'get'
2025-11-01 07:30:45,322 - src.data.csv_processor - INFO - CSV文件读取成功: config/master/prg1/load.csv, 共11行
2025-11-01 07:30:45,322 - src.ui.main_window - WARNING - 从load.csv获取参数类型失败: 'list' object has no attribute 'get'
2025-11-01 07:30:45,322 - src.data.csv_processor - INFO - CSV文件读取成功: config/master/prg1/cntrl.csv, 共67行
2025-11-01 07:30:45,322 - src.ui.main_window - WARNING - 从cntrl.csv获取参数类型失败: 'list' object has no attribute 'get'
2025-11-01 07:30:45,322 - src.data.csv_processor - INFO - CSV文件读取成功: config/master/prg1/load.csv, 共11行
2025-11-01 07:30:45,322 - src.ui.main_window - WARNING - 从load.csv获取参数类型失败: 'list' object has no attribute 'get'
2025-11-01 07:30:45,322 - src.data.csv_processor - INFO - CSV文件读取成功: config/master/prg1/cntrl.csv, 共67行
2025-11-01 07:30:45,322 - src.ui.main_window - WARNING - 从cntrl.csv获取参数类型失败: 'list' object has no attribute 'get'
2025-11-01 07:30:45,322 - src.data.csv_processor - INFO - CSV文件读取成功: config/master/prg1/load.csv, 共11行
2025-11-01 07:30:45,322 - src.ui.main_window - WARNING - 从load.csv获取参数类型失败: 'list' object has no attribute 'get'
2025-11-01 07:30:45,322 - src.data.csv_processor - INFO - CSV文件读取成功: config/master/prg1/cntrl.csv, 共67行
2025-11-01 07:30:45,322 - src.ui.main_window - WARNING - 从cntrl.csv获取参数类型失败: 'list' object has no attribute 'get'
2025-11-01 07:30:45,326 - src.data.csv_processor - INFO - CSV文件读取成功: config/master/prg1/load.csv, 共11行
2025-11-01 07:30:45,326 - src.ui.main_window - WARNING - 从load.csv获取参数类型失败: 'list' object has no attribute 'get'
2025-11-01 07:30:45,326 - src.data.csv_processor - INFO - CSV文件读取成功: config/master/prg1/cntrl.csv, 共67行
2025-11-01 07:30:45,326 - src.ui.main_window - WARNING - 从cntrl.csv获取参数类型失败: 'list' object has no attribute 'get'
2025-11-01 07:30:45,326 - src.data.csv_processor - INFO - CSV文件读取成功: config/master/prg1/load.csv, 共11行
2025-11-01 07:30:45,327 - src.ui.main_window - WARNING - 从load.csv获取参数类型失败: 'list' object has no attribute 'get'
2025-11-01 07:30:45,327 - src.data.csv_processor - INFO - CSV文件读取成功: config/master/prg1/cntrl.csv, 共67行
2025-11-01 07:30:45,327 - src.ui.main_window - WARNING - 从cntrl.csv获取参数类型失败: 'list' object has no attribute 'get'
2025-11-01 07:30:45,327 - src.data.csv_processor - INFO - CSV文件读取成功: config/master/prg1/load.csv, 共11行
2025-11-01 07:30:45,327 - src.ui.main_window - WARNING - 从load.csv获取参数类型失败: 'list' object has no attribute 'get'
2025-11-01 07:30:45,328 - src.data.csv_processor - INFO - CSV文件读取成功: config/master/prg1/cntrl.csv, 共67行
2025-11-01 07:30:45,328 - src.ui.main_window - WARNING - 从cntrl.csv获取参数类型失败: 'list' object has no attribute 'get'
2025-11-01 07:30:45,328 - src.data.csv_processor - INFO - CSV文件读取成功: config/master/prg1/load.csv, 共11行
2025-11-01 07:30:45,328 - src.ui.main_window - WARNING - 从load.csv获取参数类型失败: 'list' object has no attribute 'get'
2025-11-01 07:30:45,328 - src.data.csv_processor - INFO - CSV文件读取成功: config/master/prg1/cntrl.csv, 共67行
2025-11-01 07:30:45,330 - src.ui.main_window - WARNING - 从cntrl.csv获取参数类型失败: 'list' object has no attribute 'get'
2025-11-01 07:30:45,330 - src.data.csv_processor - INFO - CSV文件读取成功: config/master/prg1/load.csv, 共11行
2025-11-01 07:30:45,330 - src.ui.main_window - WARNING - 从load.csv获取参数类型失败: 'list' object has no attribute 'get'
2025-11-01 07:30:45,330 - src.data.csv_processor - INFO - CSV文件读取成功: config/master/prg1/cntrl.csv, 共67行
2025-11-01 07:30:45,330 - src.ui.main_window - WARNING - 从cntrl.csv获取参数类型失败: 'list' object has no attribute 'get'
2025-11-01 07:30:45,331 - src.data.csv_processor - INFO - CSV文件读取成功: config/master/prg1/load.csv, 共11行
2025-11-01 07:30:45,331 - src.ui.main_window - WARNING - 从load.csv获取参数类型失败: 'list' object has no attribute 'get'
2025-11-01 07:30:45,331 - src.data.csv_processor - INFO - CSV文件读取成功: config/master/prg1/cntrl.csv, 共67行
2025-11-01 07:30:45,331 - src.ui.main_window - WARNING - 从cntrl.csv获取参数类型失败: 'list' object has no attribute 'get'
2025-11-01 07:30:45,331 - src.data.csv_processor - INFO - CSV文件读取成功: config/master/prg1/load.csv, 共11行
2025-11-01 07:30:45,331 - src.ui.main_window - WARNING - 从load.csv获取参数类型失败: 'list' object has no attribute 'get'
2025-11-01 07:30:45,331 - src.data.csv_processor - INFO - CSV文件读取成功: config/master/prg1/cntrl.csv, 共67行
2025-11-01 07:30:45,331 - src.ui.main_window - WARNING - 从cntrl.csv获取参数类型失败: 'list' object has no attribute 'get'
2025-11-01 07:30:45,331 - src.data.csv_processor - INFO - CSV文件读取成功: config/master/prg1/load.csv, 共11行
2025-11-01 07:30:45,331 - src.ui.main_window - WARNING - 从load.csv获取参数类型失败: 'list' object has no attribute 'get'
2025-11-01 07:30:45,331 - src.data.csv_processor - INFO - CSV文件读取成功: config/master/prg1/cntrl.csv, 共67行
2025-11-01 07:30:45,331 - src.ui.main_window - WARNING - 从cntrl.csv获取参数类型失败: 'list' object has no attribute 'get'
2025-11-01 07:30:45,331 - src.data.csv_processor - INFO - CSV文件读取成功: config/master/prg1/load.csv, 共11行
2025-11-01 07:30:45,331 - src.ui.main_window - WARNING - 从load.csv获取参数类型失败: 'list' object has no attribute 'get'
2025-11-01 07:30:45,331 - src.data.csv_processor - INFO - CSV文件读取成功: config/master/prg1/cntrl.csv, 共67行
2025-11-01 07:30:45,331 - src.ui.main_window - WARNING - 从cntrl.csv获取参数类型失败: 'list' object has no attribute 'get'
2025-11-01 07:30:45,331 - src.data.csv_processor - INFO - CSV文件读取成功: config/master/prg1/load.csv, 共11行
2025-11-01 07:30:45,331 - src.ui.main_window - WARNING - 从load.csv获取参数类型失败: 'list' object has no attribute 'get'
2025-11-01 07:30:45,331 - src.data.csv_processor - INFO - CSV文件读取成功: config/master/prg1/cntrl.csv, 共67行
2025-11-01 07:30:45,331 - src.ui.main_window - WARNING - 从cntrl.csv获取参数类型失败: 'list' object has no attribute 'get'
2025-11-01 07:30:45,331 - src.data.csv_processor - INFO - CSV文件读取成功: config/master/prg1/load.csv, 共11行
2025-11-01 07:30:45,331 - src.ui.main_window - WARNING - 从load.csv获取参数类型失败: 'list' object has no attribute 'get'
2025-11-01 07:30:45,336 - src.data.csv_processor - INFO - CSV文件读取成功: config/master/prg1/cntrl.csv, 共67行
2025-11-01 07:30:45,336 - src.ui.main_window - WARNING - 从cntrl.csv获取参数类型失败: 'list' object has no attribute 'get'
2025-11-01 07:30:45,336 - src.data.csv_processor - INFO - CSV文件读取成功: config/master/prg1/load.csv, 共11行
2025-11-01 07:30:45,336 - src.ui.main_window - WARNING - 从load.csv获取参数类型失败: 'list' object has no attribute 'get'
2025-11-01 07:30:45,336 - src.data.csv_processor - INFO - CSV文件读取成功: config/master/prg1/cntrl.csv, 共67行
2025-11-01 07:30:45,336 - src.ui.main_window - WARNING - 从cntrl.csv获取参数类型失败: 'list' object has no attribute 'get'
2025-11-01 07:30:45,337 - src.data.csv_processor - INFO - CSV文件读取成功: config/master/prg1/load.csv, 共11行
2025-11-01 07:30:45,337 - src.ui.main_window - WARNING - 从load.csv获取参数类型失败: 'list' object has no attribute 'get'
2025-11-01 07:30:45,337 - src.data.csv_processor - INFO - CSV文件读取成功: config/master/prg1/cntrl.csv, 共67行
2025-11-01 07:30:45,337 - src.ui.main_window - WARNING - 从cntrl.csv获取参数类型失败: 'list' object has no attribute 'get'
2025-11-01 07:30:45,338 - src.data.csv_processor - INFO - CSV文件读取成功: config/master/prg1/load.csv, 共11行
2025-11-01 07:30:45,338 - src.ui.main_window - WARNING - 从load.csv获取参数类型失败: 'list' object has no attribute 'get'
2025-11-01 07:30:45,338 - src.data.csv_processor - INFO - CSV文件读取成功: config/master/prg1/cntrl.csv, 共67行
2025-11-01 07:30:45,338 - src.ui.main_window - WARNING - 从cntrl.csv获取参数类型失败: 'list' object has no attribute 'get'
2025-11-01 07:30:45,338 - src.data.csv_processor - INFO - CSV文件读取成功: config/master/prg1/load.csv, 共11行
2025-11-01 07:30:45,338 - src.ui.main_window - WARNING - 从load.csv获取参数类型失败: 'list' object has no attribute 'get'
2025-11-01 07:30:45,338 - src.data.csv_processor - INFO - CSV文件读取成功: config/master/prg1/cntrl.csv, 共67行
2025-11-01 07:30:45,340 - src.ui.main_window - WARNING - 从cntrl.csv获取参数类型失败: 'list' object has no attribute 'get'
2025-11-01 07:30:45,340 - src.data.csv_processor - INFO - CSV文件读取成功: config/master/prg1/load.csv, 共11行
2025-11-01 07:30:45,340 - src.ui.main_window - WARNING - 从load.csv获取参数类型失败: 'list' object has no attribute 'get'
2025-11-01 07:30:45,340 - src.data.csv_processor - INFO - CSV文件读取成功: config/master/prg1/cntrl.csv, 共67行
2025-11-01 07:30:45,340 - src.ui.main_window - WARNING - 从cntrl.csv获取参数类型失败: 'list' object has no attribute 'get'
2025-11-01 07:30:45,340 - src.data.csv_processor - INFO - CSV文件读取成功: config/master/prg1/load.csv, 共11行
2025-11-01 07:30:45,340 - src.ui.main_window - WARNING - 从load.csv获取参数类型失败: 'list' object has no attribute 'get'
2025-11-01 07:30:45,340 - src.data.csv_processor - INFO - CSV文件读取成功: config/master/prg1/cntrl.csv, 共67行
2025-11-01 07:30:45,340 - src.ui.main_window - WARNING - 从cntrl.csv获取参数类型失败: 'list' object has no attribute 'get'
2025-11-01 07:30:45,340 - src.data.csv_processor - INFO - CSV文件读取成功: config/master/prg1/load.csv, 共11行
2025-11-01 07:30:45,340 - src.ui.main_window - WARNING - 从load.csv获取参数类型失败: 'list' object has no attribute 'get'
2025-11-01 07:30:45,340 - src.data.csv_processor - INFO - CSV文件读取成功: config/master/prg1/cntrl.csv, 共67行
2025-11-01 07:30:45,340 - src.ui.main_window - WARNING - 从cntrl.csv获取参数类型失败: 'list' object has no attribute 'get'
2025-11-01 07:30:45,340 - src.data.csv_processor - INFO - CSV文件读取成功: config/master/prg1/load.csv, 共11行
2025-11-01 07:30:45,340 - src.ui.main_window - WARNING - 从load.csv获取参数类型失败: 'list' object has no attribute 'get'
2025-11-01 07:30:45,340 - src.data.csv_processor - INFO - CSV文件读取成功: config/master/prg1/cntrl.csv, 共67行
2025-11-01 07:30:45,340 - src.ui.main_window - WARNING - 从cntrl.csv获取参数类型失败: 'list' object has no attribute 'get'
2025-11-01 07:30:45,340 - src.data.csv_processor - INFO - CSV文件读取成功: config/master/prg1/load.csv, 共11行
2025-11-01 07:30:45,340 - src.ui.main_window - WARNING - 从load.csv获取参数类型失败: 'list' object has no attribute 'get'
2025-11-01 07:30:45,340 - src.data.csv_processor - INFO - CSV文件读取成功: config/master/prg1/cntrl.csv, 共67行
2025-11-01 07:30:45,340 - src.ui.main_window - WARNING - 从cntrl.csv获取参数类型失败: 'list' object has no attribute 'get'
2025-11-01 07:30:45,340 - src.data.csv_processor - INFO - CSV文件读取成功: config/master/prg1/load.csv, 共11行
2025-11-01 07:30:45,340 - src.ui.main_window - WARNING - 从load.csv获取参数类型失败: 'list' object has no attribute 'get'
2025-11-01 07:30:45,340 - src.data.csv_processor - INFO - CSV文件读取成功: config/master/prg1/cntrl.csv, 共67行
2025-11-01 07:30:45,340 - src.ui.main_window - WARNING - 从cntrl.csv获取参数类型失败: 'list' object has no attribute 'get'
2025-11-01 07:30:45,340 - src.data.csv_processor - INFO - CSV文件读取成功: config/master/prg1/load.csv, 共11行
2025-11-01 07:30:45,340 - src.ui.main_window - WARNING - 从load.csv获取参数类型失败: 'list' object has no attribute 'get'
2025-11-01 07:30:45,340 - src.data.csv_processor - INFO - CSV文件读取成功: config/master/prg1/cntrl.csv, 共67行
2025-11-01 07:30:45,346 - src.ui.main_window - WARNING - 从cntrl.csv获取参数类型失败: 'list' object has no attribute 'get'
2025-11-01 07:30:45,346 - src.data.csv_processor - INFO - CSV文件读取成功: config/master/prg1/load.csv, 共11行
2025-11-01 07:30:45,346 - src.ui.main_window - WARNING - 从load.csv获取参数类型失败: 'list' object has no attribute 'get'
2025-11-01 07:30:45,346 - src.data.csv_processor - INFO - CSV文件读取成功: config/master/prg1/cntrl.csv, 共67行
2025-11-01 07:30:45,347 - src.ui.main_window - WARNING - 从cntrl.csv获取参数类型失败: 'list' object has no attribute 'get'
2025-11-01 07:30:45,347 - src.data.csv_processor - INFO - CSV文件读取成功: config/master/prg1/load.csv, 共11行
2025-11-01 07:30:45,347 - src.ui.main_window - WARNING - 从load.csv获取参数类型失败: 'list' object has no attribute 'get'
2025-11-01 07:30:45,347 - src.data.csv_processor - INFO - CSV文件读取成功: config/master/prg1/cntrl.csv, 共67行
2025-11-01 07:30:45,347 - src.ui.main_window - WARNING - 从cntrl.csv获取参数类型失败: 'list' object has no attribute 'get'
2025-11-01 07:30:45,348 - src.data.csv_processor - INFO - CSV文件读取成功: config/master/prg1/load.csv, 共11行
2025-11-01 07:30:45,348 - src.ui.main_window - WARNING - 从load.csv获取参数类型失败: 'list' object has no attribute 'get'
2025-11-01 07:30:45,348 - src.data.csv_processor - INFO - CSV文件读取成功: config/master/prg1/cntrl.csv, 共67行
2025-11-01 07:30:45,349 - src.ui.main_window - WARNING - 从cntrl.csv获取参数类型失败: 'list' object has no attribute 'get'
2025-11-01 07:30:45,349 - src.data.csv_processor - INFO - CSV文件读取成功: config/master/prg1/load.csv, 共11行
2025-11-01 07:30:45,349 - src.ui.main_window - WARNING - 从load.csv获取参数类型失败: 'list' object has no attribute 'get'
2025-11-01 07:30:45,350 - src.data.csv_processor - INFO - CSV文件读取成功: config/master/prg1/cntrl.csv, 共67行
2025-11-01 07:30:45,350 - src.ui.main_window - WARNING - 从cntrl.csv获取参数类型失败: 'list' object has no attribute 'get'
2025-11-01 07:30:45,350 - src.data.csv_processor - INFO - CSV文件读取成功: config/master/prg1/load.csv, 共11行
2025-11-01 07:30:45,350 - src.ui.main_window - WARNING - 从load.csv获取参数类型失败: 'list' object has no attribute 'get'
2025-11-01 07:30:45,350 - src.data.csv_processor - INFO - CSV文件读取成功: config/master/prg1/cntrl.csv, 共67行
2025-11-01 07:30:45,350 - src.ui.main_window - WARNING - 从cntrl.csv获取参数类型失败: 'list' object has no attribute 'get'
2025-11-01 07:30:45,350 - src.data.csv_processor - INFO - CSV文件读取成功: config/master/prg1/load.csv, 共11行
2025-11-01 07:30:45,350 - src.ui.main_window - WARNING - 从load.csv获取参数类型失败: 'list' object has no attribute 'get'
2025-11-01 07:30:45,350 - src.data.csv_processor - INFO - CSV文件读取成功: config/master/prg1/cntrl.csv, 共67行
2025-11-01 07:30:45,350 - src.ui.main_window - WARNING - 从cntrl.csv获取参数类型失败: 'list' object has no attribute 'get'
2025-11-01 07:30:45,350 - src.data.csv_processor - INFO - CSV文件读取成功: config/master/prg1/load.csv, 共11行
2025-11-01 07:30:45,350 - src.ui.main_window - WARNING - 从load.csv获取参数类型失败: 'list' object has no attribute 'get'
2025-11-01 07:30:45,350 - src.data.csv_processor - INFO - CSV文件读取成功: config/master/prg1/cntrl.csv, 共67行
2025-11-01 07:30:45,350 - src.ui.main_window - WARNING - 从cntrl.csv获取参数类型失败: 'list' object has no attribute 'get'
2025-11-01 07:30:45,350 - src.data.csv_processor - INFO - CSV文件读取成功: config/master/prg1/load.csv, 共11行
2025-11-01 07:30:45,350 - src.ui.main_window - WARNING - 从load.csv获取参数类型失败: 'list' object has no attribute 'get'
2025-11-01 07:30:45,350 - src.data.csv_processor - INFO - CSV文件读取成功: config/master/prg1/cntrl.csv, 共67行
2025-11-01 07:30:45,350 - src.ui.main_window - WARNING - 从cntrl.csv获取参数类型失败: 'list' object has no attribute 'get'
2025-11-01 07:30:45,350 - src.data.csv_processor - INFO - CSV文件读取成功: config/master/prg1/load.csv, 共11行
2025-11-01 07:30:45,350 - src.ui.main_window - WARNING - 从load.csv获取参数类型失败: 'list' object has no attribute 'get'
2025-11-01 07:30:45,350 - src.data.csv_processor - INFO - CSV文件读取成功: config/master/prg1/cntrl.csv, 共67行
2025-11-01 07:30:45,350 - src.ui.main_window - WARNING - 从cntrl.csv获取参数类型失败: 'list' object has no attribute 'get'
2025-11-01 07:30:45,350 - src.data.csv_processor - INFO - CSV文件读取成功: config/master/prg1/load.csv, 共11行
2025-11-01 07:30:45,350 - src.ui.main_window - WARNING - 从load.csv获取参数类型失败: 'list' object has no attribute 'get'
2025-11-01 07:30:45,350 - src.data.csv_processor - INFO - CSV文件读取成功: config/master/prg1/cntrl.csv, 共67行
2025-11-01 07:30:45,350 - src.ui.main_window - WARNING - 从cntrl.csv获取参数类型失败: 'list' object has no attribute 'get'
2025-11-01 07:30:45,350 - src.data.csv_processor - INFO - CSV文件读取成功: config/master/prg1/load.csv, 共11行
2025-11-01 07:30:45,350 - src.ui.main_window - WARNING - 从load.csv获取参数类型失败: 'list' object has no attribute 'get'
2025-11-01 07:30:45,350 - src.data.csv_processor - INFO - CSV文件读取成功: config/master/prg1/cntrl.csv, 共67行
2025-11-01 07:30:45,350 - src.ui.main_window - WARNING - 从cntrl.csv获取参数类型失败: 'list' object has no attribute 'get'
2025-11-01 07:30:45,356 - src.data.csv_processor - INFO - CSV文件读取成功: config/master/prg1/load.csv, 共11行
2025-11-01 07:30:45,356 - src.ui.main_window - WARNING - 从load.csv获取参数类型失败: 'list' object has no attribute 'get'
2025-11-01 07:30:45,356 - src.data.csv_processor - INFO - CSV文件读取成功: config/master/prg1/cntrl.csv, 共67行
2025-11-01 07:30:45,356 - src.ui.main_window - WARNING - 从cntrl.csv获取参数类型失败: 'list' object has no attribute 'get'
2025-11-01 07:30:45,356 - src.data.csv_processor - INFO - CSV文件读取成功: config/master/prg1/load.csv, 共11行
2025-11-01 07:30:45,357 - src.ui.main_window - WARNING - 从load.csv获取参数类型失败: 'list' object has no attribute 'get'
2025-11-01 07:30:45,357 - src.data.csv_processor - INFO - CSV文件读取成功: config/master/prg1/cntrl.csv, 共67行
2025-11-01 07:30:45,357 - src.ui.main_window - WARNING - 从cntrl.csv获取参数类型失败: 'list' object has no attribute 'get'
2025-11-01 07:30:45,357 - src.data.csv_processor - INFO - CSV文件读取成功: config/master/prg1/load.csv, 共11行
2025-11-01 07:30:45,357 - src.ui.main_window - WARNING - 从load.csv获取参数类型失败: 'list' object has no attribute 'get'
2025-11-01 07:30:45,357 - src.data.csv_processor - INFO - CSV文件读取成功: config/master/prg1/cntrl.csv, 共67行
2025-11-01 07:30:45,359 - src.ui.main_window - WARNING - 从cntrl.csv获取参数类型失败: 'list' object has no attribute 'get'
2025-11-01 07:30:45,359 - src.data.csv_processor - INFO - CSV文件读取成功: config/master/prg1/load.csv, 共11行
2025-11-01 07:30:45,359 - src.ui.main_window - WARNING - 从load.csv获取参数类型失败: 'list' object has no attribute 'get'
2025-11-01 07:30:45,359 - src.data.csv_processor - INFO - CSV文件读取成功: config/master/prg1/cntrl.csv, 共67行
2025-11-01 07:30:45,359 - src.ui.main_window - WARNING - 从cntrl.csv获取参数类型失败: 'list' object has no attribute 'get'
2025-11-01 07:30:45,360 - src.data.csv_processor - INFO - CSV文件读取成功: config/master/prg1/load.csv, 共11行
2025-11-01 07:30:45,360 - src.ui.main_window - WARNING - 从load.csv获取参数类型失败: 'list' object has no attribute 'get'
2025-11-01 07:30:45,360 - src.data.csv_processor - INFO - CSV文件读取成功: config/master/prg1/cntrl.csv, 共67行
2025-11-01 07:30:45,360 - src.ui.main_window - WARNING - 从cntrl.csv获取参数类型失败: 'list' object has no attribute 'get'
2025-11-01 07:30:45,360 - src.data.csv_processor - INFO - CSV文件读取成功: config/master/prg1/load.csv, 共11行
2025-11-01 07:30:45,361 - src.ui.main_window - WARNING - 从load.csv获取参数类型失败: 'list' object has no attribute 'get'
2025-11-01 07:30:45,361 - src.data.csv_processor - INFO - CSV文件读取成功: config/master/prg1/cntrl.csv, 共67行
2025-11-01 07:30:45,361 - src.ui.main_window - WARNING - 从cntrl.csv获取参数类型失败: 'list' object has no attribute 'get'
2025-11-01 07:30:45,361 - src.data.csv_processor - INFO - CSV文件读取成功: config/master/prg1/load.csv, 共11行
2025-11-01 07:30:45,361 - src.ui.main_window - WARNING - 从load.csv获取参数类型失败: 'list' object has no attribute 'get'
2025-11-01 07:30:45,361 - src.data.csv_processor - INFO - CSV文件读取成功: config/master/prg1/cntrl.csv, 共67行
2025-11-01 07:30:45,362 - src.ui.main_window - WARNING - 从cntrl.csv获取参数类型失败: 'list' object has no attribute 'get'
2025-11-01 07:30:52,257 - src.communication.named_pipe - WARNING - 命名管道服务器未在运行
2025-11-01 07:30:52,257 - src.data.file_manager - INFO - 所有文件已关闭
2025-11-01 07:46:33,909 - DNCSystem - INFO - DNC Python 系统启动
2025-11-01 07:46:33,929 - src.data.csv_processor - INFO - CSV文件读取为字典成功: config\master\ini.csv, 共49行
2025-11-01 07:46:33,929 - src.core.config - INFO - 配置加载成功
2025-11-01 07:46:33,930 - src.data.csv_processor - INFO - CSV文件读取为字典成功: config\master\ini.csv, 共49行
2025-11-01 07:46:33,930 - src.data.csv_processor - INFO - CSV文件读取为字典成功: config\master\ini.csv, 共49行
2025-11-01 07:46:33,934 - src.data.csv_processor - INFO - CSV文件读取为字典成功: config\master\header.csv, 共5行
2025-11-01 07:46:33,944 - src.data.csv_processor - INFO - CSV文件读取为字典成功: config\master\type_define.csv, 共9行
2025-11-01 07:46:33,947 - src.data.csv_processor - INFO - CSV文件读取为字典成功: config\master\type_relation.csv, 共0行
2025-11-01 07:46:33,960 - src.data.csv_processor - INFO - CSV文件读取为字典成功: config\master\type_chngvl.csv, 共0行
2025-11-01 07:46:33,971 - src.data.csv_processor - INFO - CSV文件读取为字典成功: config\master\type_prg.csv, 共9行
2025-11-01 07:46:33,974 - src.data.csv_processor - INFO - CSV文件读取为字典成功: config\master\prg.csv, 共2行
2025-11-01 07:46:33,987 - DNCSystem - INFO - DNC Python 系统初始化成功
2025-11-01 07:46:34,698 - src.ui.main_window - INFO - 宏文件生成器初始化成功
2025-11-01 07:47:11,591 - src.ui.main_window - INFO - 参数已更新: {'basic': {'workpiece_name': '', 'workpiece_id': '', 'process_type': '铣削', 'precision': '普通'}, 'geometry': {'length': 0.0, 'width': 0.0, 'height': 0.0, 'diameter': 0.0, 'angle': 0.0}, 'process': {'spindle_speed': 0.0, 'feed_rate': 0.0, 'cut_depth': 0.0, 'cut_width': 0.0}, 'material': {'material_type': '碳钢', 'material_hardness': '软', 'material_strength': 0.0}, 'model': {'model_type': '自动识别', 'model_description': '1234@GPA20GT15040_A-H8@1', 'current_model': None}}
2025-11-01 07:47:11,591 - src.data.csv_processor - INFO - CSV文件读取为字典成功: config\master\header.csv, 共5行
2025-11-01 07:47:11,591 - src.ui.main_window - INFO - 型号识别完成: {'model': '1234', 'qr_code': '1234@GPA20GT15040_A-H8@1', 'po': '', 'quantity': '', 'recognition_mode': 'QR', 'confidence': 1.0, 'error_message': None}
2025-11-01 07:54:19,693 - src.communication.named_pipe - WARNING - 命名管道服务器未在运行
2025-11-01 07:54:19,693 - src.data.file_manager - INFO - 所有文件已关闭
2025-11-01 08:06:06,818 - DNCSystem - INFO - DNC Python 系统启动
2025-11-01 08:06:06,818 - src.data.csv_processor - INFO - CSV文件读取为字典成功: config\master\ini.csv, 共48行
2025-11-01 08:06:06,818 - src.core.config - INFO - 加载ini.csv配置: 48行
2025-11-01 08:06:06,818 - src.core.config - INFO - 处理配置项: DEFINE=TB_modelTextStringSize, VALUE=26
2025-11-01 08:06:06,818 - src.core.config - INFO - 处理配置项: DEFINE=TextStringSize, VALUE=24
2025-11-01 08:06:06,818 - src.core.config - INFO - 处理配置项: DEFINE=LabelStringSize, VALUE=16
2025-11-01 08:06:06,818 - src.core.config - INFO - 处理配置项: DEFINE=ButtnStringSize, VALUE=20
2025-11-01 08:06:06,818 - src.core.config - INFO - 处理配置项: DEFINE=TxtBorderStyle, VALUE=0
2025-11-01 08:06:06,818 - src.core.config - INFO - 处理配置项: DEFINE=DrawingFlg, VALUE=0
2025-11-01 08:06:06,826 - src.core.config - INFO - 处理配置项: DEFINE=DrawingBorderStype, VALUE=1
2025-11-01 08:06:06,826 - src.core.config - INFO - 处理配置项: DEFINE=DrawingWidth, VALUE=480
2025-11-01 08:06:06,827 - src.core.config - INFO - 处理配置项: DEFINE=DrawingHeight, VALUE=430
2025-11-01 08:06:06,827 - src.core.config - INFO - 处理配置项: DEFINE=WaitTime_AfterSend, VALUE=3
2025-11-01 08:06:06,827 - src.core.config - INFO - 处理配置项: DEFINE=WaitTime_TB_Focus, VALUE=1000
2025-11-01 08:06:06,827 - src.core.config - INFO - 处理配置项: DEFINE=TextMaxInputNum, VALUE=4
2025-11-01 08:06:06,827 - src.core.config - INFO - 处理配置项: DEFINE=BarCodeHeaderStrNum, VALUE=11
2025-11-01 08:06:06,827 - src.core.config - INFO - 设置条码头长度: 11
2025-11-01 08:06:06,827 - src.core.config - INFO - 处理配置项: DEFINE=onofftxt, VALUE=C:\macro\onoff.txt
2025-11-01 08:06:06,827 - src.core.config - INFO - 处理配置项: DEFINE=macrotxt, VALUE=C:\macro\macro.txt
2025-11-01 08:06:06,828 - src.core.config - INFO - 处理配置项: DEFINE=Btn_ChngPrm_text, VALUE=壛岺曽岦
2025-11-01 08:06:06,828 - src.core.config - INFO - 处理配置项: DEFINE=Btn_keyboard_text, VALUE=KeyBoard
2025-11-01 08:06:06,828 - src.core.config - INFO - 处理配置项: DEFINE=Btn_send_text, VALUE=
2025-11-01 08:06:06,828 - src.core.config - INFO - 处理配置项: DEFINE=TB_alart_text_machineON, VALUE=
2025-11-01 08:06:06,828 - src.core.config - INFO - 处理配置项: DEFINE=TB_alart_text_send, VALUE=
2025-11-01 08:06:06,828 - src.core.config - INFO - 处理配置项: DEFINE=MeasureValueLength, VALUE=4
2025-11-01 08:06:06,829 - src.core.config - INFO - 处理配置项: DEFINE=MeasureTextColor, VALUE=blue
2025-11-01 08:06:06,829 - src.core.config - INFO - 处理配置项: DEFINE=AutoSendFlg, VALUE=0
2025-11-01 08:06:06,829 - src.core.config - INFO - 处理配置项: DEFINE=Btn_add_text, VALUE=楢懕擖椡
2025-11-01 08:06:06,829 - src.core.config - INFO - 处理配置项: DEFINE=POInfoRecordFlg, VALUE=1
2025-11-01 08:06:06,830 - src.core.config - INFO - 处理配置项: DEFINE=POReadFlg, VALUE=0
2025-11-01 08:06:06,830 - src.core.config - INFO - 处理配置项: DEFINE=POAddress, VALUE=C:\macro\CCC.csv
2025-11-01 08:06:06,830 - src.core.config - INFO - 处理配置项: DEFINE=WorkInfoRecordFlg, VALUE=0
2025-11-01 08:06:06,830 - src.core.config - INFO - 处理配置项: DEFINE=Btn_chgOperator_text, VALUE=嶌嬈幰曄峏
2025-11-01 08:06:06,830 - src.core.config - INFO - 处理配置项: DEFINE=MachineID, VALUE=
2025-11-01 08:06:06,830 - src.core.config - INFO - 处理配置项: DEFINE=PRO_STATUS_CD, VALUE=
2025-11-01 08:06:06,830 - src.core.config - INFO - 处理配置项: DEFINE=PRO_S_STATUS_CD, VALUE=
2025-11-01 08:06:06,830 - src.core.config - INFO - 处理配置项: DEFINE=SendFileFormat, VALUE=1
2025-11-01 08:06:06,830 - src.core.config - INFO - 处理配置项: DEFINE=ScreenSizeRatio, VALUE=83
2025-11-01 08:06:06,830 - src.core.config - INFO - 处理配置项: DEFINE=commandtxt, VALUE=C:\macro\command.txt
2025-11-01 08:06:06,830 - src.core.config - INFO - 处理配置项: DEFINE=TopMacro, VALUE=500
2025-11-01 08:06:06,830 - src.core.config - INFO - 处理配置项: DEFINE=EndMacro, VALUE=600
2025-11-01 08:06:06,830 - src.core.config - INFO - 处理配置项: DEFINE=SmacroBrother, VALUE=C:\SBrotherNcSys\SBrotherNcSys.exe
2025-11-01 08:06:06,830 - src.core.config - INFO - 处理配置项: DEFINE=QRmode, VALUE=1
2025-11-01 08:06:06,830 - src.core.config - INFO - 设置QR模式: 1
2025-11-01 08:06:06,830 - src.core.config - INFO - 处理配置项: DEFINE=POplc, VALUE=1
2025-11-01 08:06:06,830 - src.core.config - INFO - 设置PO位置: 1
2025-11-01 08:06:06,830 - src.core.config - INFO - 处理配置项: DEFINE=MODELplc, VALUE=2
2025-11-01 08:06:06,830 - src.core.config - INFO - 设置型号位置: 2
2025-11-01 08:06:06,830 - src.core.config - INFO - 处理配置项: DEFINE=QTYplc, VALUE=3
2025-11-01 08:06:06,830 - src.core.config - INFO - 设置数量位置: 3
2025-11-01 08:06:06,830 - src.core.config - INFO - 处理配置项: DEFINE=QRspltStr, VALUE=@
2025-11-01 08:06:06,830 - src.core.config - INFO - 设置QR分隔符: @
2025-11-01 08:06:06,830 - src.core.config - INFO - 处理配置项: DEFINE=PrgAutoChangeFlg, VALUE=0
2025-11-01 08:06:06,830 - src.core.config - INFO - 处理配置项: DEFINE=MonitoringFolder, VALUE=
2025-11-01 08:06:06,830 - src.core.config - INFO - 处理配置项: DEFINE=DLWaitTime, VALUE=5000
2025-11-01 08:06:06,830 - src.core.config - INFO - 处理配置项: DEFINE=DecimalPlace, VALUE=2
2025-11-01 08:06:06,830 - src.core.config - INFO - 设置小数位数: 2
2025-11-01 08:06:06,830 - src.core.config - INFO - 处理配置项: DEFINE=UseFixedFilename, VALUE=0
2025-11-01 08:06:06,830 - src.core.config - INFO - 最终QR配置: qr_mode=1, model_place=2, split_str='@'
2025-11-01 08:06:06,830 - src.core.config - INFO - 配置加载成功
2025-11-01 08:06:06,830 - src.data.csv_processor - INFO - CSV文件读取为字典成功: config\master\ini.csv, 共48行
2025-11-01 08:06:06,837 - src.data.csv_processor - INFO - CSV文件读取为字典成功: config\master\ini.csv, 共48行
2025-11-01 08:06:06,837 - src.data.csv_processor - INFO - CSV文件读取为字典成功: config\master\header.csv, 共5行
2025-11-01 08:06:06,838 - src.data.csv_processor - INFO - CSV文件读取为字典成功: config\master\type_define.csv, 共9行
2025-11-01 08:06:06,838 - src.data.csv_processor - INFO - CSV文件读取为字典成功: config\master\type_relation.csv, 共0行
2025-11-01 08:06:06,839 - src.data.csv_processor - INFO - CSV文件读取为字典成功: config\master\type_chngvl.csv, 共0行
2025-11-01 08:06:06,840 - src.data.csv_processor - INFO - CSV文件读取为字典成功: config\master\type_prg.csv, 共9行
2025-11-01 08:06:06,841 - src.data.csv_processor - INFO - CSV文件读取为字典成功: config\master\prg.csv, 共2行
2025-11-01 08:06:06,853 - DNCSystem - INFO - DNC Python 系统初始化成功
2025-11-01 08:06:07,503 - src.ui.main_window - INFO - 宏文件生成器初始化成功
2025-11-01 08:06:42,470 - src.ui.main_window - INFO - 参数已更新: {'basic': {'workpiece_name': '', 'workpiece_id': '', 'process_type': '铣削', 'precision': '普通'}, 'geometry': {'length': 0.0, 'width': 0.0, 'height': 0.0, 'diameter': 0.0, 'angle': 0.0}, 'process': {'spindle_speed': 0.0, 'feed_rate': 0.0, 'cut_depth': 0.0, 'cut_width': 0.0}, 'material': {'material_type': '碳钢', 'material_hardness': '软', 'material_strength': 0.0}, 'model': {'model_type': '自动识别', 'model_description': '123@GPA20GT15040_A-H8@6', 'current_model': None}}
2025-11-01 08:06:42,479 - src.data.csv_processor - INFO - CSV文件读取为字典成功: config\master\header.csv, 共5行
2025-11-01 08:06:42,480 - src.ui.main_window - INFO - 型号识别完成: {'model': 'GPA20GT15040_A-H8', 'qr_code': '123@GPA20GT15040_A-H8@6', 'po': '', 'quantity': '', 'recognition_mode': 'QR', 'confidence': 1.0, 'error_message': None}
2025-11-01 08:06:47,423 - src.ui.main_window - INFO - 转让按钮点击，参数: {'#1': '', '#2': '', '#3': '', '#4': '', '#5': '', '#6': '', '#7': '', '#8': '', '#9': '', '#10': '', '#11': 'defineBTC', '#12': 'defineTL', '#500': '', '#501': '1', '#502': '1', '#503': '关系1', '#504': '关系1', '#505': '', '#506': '', '#507': '', '#508': '选项1', '#509': '关系1', '#510': '关系1', '#511': '10.19', '#512': '9.68', '#513': '关系1', '#514': '', '#515': '', '#516': '关系1', '#517': '', '#518': '', '#519': '7', '#520': '', '#521': '', '#522': '关系1', '#523': '', '#524': '', '#525': '', '#526': '', '#527': '', '#528': '关系1', '#529': '', '#530': '', '#531': '', '#532': '', '#533': '', '#534': '', '#535': '', '#536': '', '#537': '', '#538': '', '#539': '', '#540': '', '#541': '', '#542': '', '#543': '', '#544': '', '#545': '关系1', '#546': '关系1', '#547': '关系1', '#548': '', '#549': '', '#550': '', '#602': False, '#603': '0', '#605': 'relationYSTA'}
2025-11-01 08:06:47,424 - src.data.csv_processor - INFO - CSV文件读取成功: config/master/prg1/load.csv, 共11行
2025-11-01 08:06:47,425 - src.ui.main_window - WARNING - 从load.csv获取参数类型失败: 'list' object has no attribute 'get'
2025-11-01 08:06:47,425 - src.data.csv_processor - INFO - CSV文件读取成功: config/master/prg1/cntrl.csv, 共67行
2025-11-01 08:06:47,425 - src.ui.main_window - WARNING - 从cntrl.csv获取参数类型失败: 'list' object has no attribute 'get'
2025-11-01 08:06:47,426 - src.data.csv_processor - INFO - CSV文件读取成功: config/master/prg1/load.csv, 共11行
2025-11-01 08:06:47,426 - src.ui.main_window - WARNING - 从load.csv获取参数类型失败: 'list' object has no attribute 'get'
2025-11-01 08:06:47,427 - src.data.csv_processor - INFO - CSV文件读取成功: config/master/prg1/cntrl.csv, 共67行
2025-11-01 08:06:47,427 - src.ui.main_window - WARNING - 从cntrl.csv获取参数类型失败: 'list' object has no attribute 'get'
2025-11-01 08:06:47,428 - src.data.csv_processor - INFO - CSV文件读取成功: config/master/prg1/load.csv, 共11行
2025-11-01 08:06:47,428 - src.ui.main_window - WARNING - 从load.csv获取参数类型失败: 'list' object has no attribute 'get'
2025-11-01 08:06:47,429 - src.data.csv_processor - INFO - CSV文件读取成功: config/master/prg1/cntrl.csv, 共67行
2025-11-01 08:06:47,429 - src.ui.main_window - WARNING - 从cntrl.csv获取参数类型失败: 'list' object has no attribute 'get'
2025-11-01 08:06:47,430 - src.data.csv_processor - INFO - CSV文件读取成功: config/master/prg1/load.csv, 共11行
2025-11-01 08:06:47,430 - src.ui.main_window - WARNING - 从load.csv获取参数类型失败: 'list' object has no attribute 'get'
2025-11-01 08:06:47,430 - src.data.csv_processor - INFO - CSV文件读取成功: config/master/prg1/cntrl.csv, 共67行
2025-11-01 08:06:47,431 - src.ui.main_window - WARNING - 从cntrl.csv获取参数类型失败: 'list' object has no attribute 'get'
2025-11-01 08:06:47,431 - src.data.csv_processor - INFO - CSV文件读取成功: config/master/prg1/load.csv, 共11行
2025-11-01 08:06:47,433 - src.ui.main_window - WARNING - 从load.csv获取参数类型失败: 'list' object has no attribute 'get'
2025-11-01 08:06:47,433 - src.data.csv_processor - INFO - CSV文件读取成功: config/master/prg1/cntrl.csv, 共67行
2025-11-01 08:06:47,434 - src.ui.main_window - WARNING - 从cntrl.csv获取参数类型失败: 'list' object has no attribute 'get'
2025-11-01 08:06:47,434 - src.data.csv_processor - INFO - CSV文件读取成功: config/master/prg1/load.csv, 共11行
2025-11-01 08:06:47,434 - src.ui.main_window - WARNING - 从load.csv获取参数类型失败: 'list' object has no attribute 'get'
2025-11-01 08:06:47,435 - src.data.csv_processor - INFO - CSV文件读取成功: config/master/prg1/cntrl.csv, 共67行
2025-11-01 08:06:47,435 - src.ui.main_window - WARNING - 从cntrl.csv获取参数类型失败: 'list' object has no attribute 'get'
2025-11-01 08:06:47,436 - src.data.csv_processor - INFO - CSV文件读取成功: config/master/prg1/load.csv, 共11行
2025-11-01 08:06:47,436 - src.ui.main_window - WARNING - 从load.csv获取参数类型失败: 'list' object has no attribute 'get'
2025-11-01 08:06:47,436 - src.data.csv_processor - INFO - CSV文件读取成功: config/master/prg1/cntrl.csv, 共67行
2025-11-01 08:06:47,436 - src.ui.main_window - WARNING - 从cntrl.csv获取参数类型失败: 'list' object has no attribute 'get'
2025-11-01 08:06:47,437 - src.data.csv_processor - INFO - CSV文件读取成功: config/master/prg1/load.csv, 共11行
2025-11-01 08:06:47,437 - src.ui.main_window - WARNING - 从load.csv获取参数类型失败: 'list' object has no attribute 'get'
2025-11-01 08:06:47,438 - src.data.csv_processor - INFO - CSV文件读取成功: config/master/prg1/cntrl.csv, 共67行
2025-11-01 08:06:47,438 - src.ui.main_window - WARNING - 从cntrl.csv获取参数类型失败: 'list' object has no attribute 'get'
2025-11-01 08:06:47,438 - src.data.csv_processor - INFO - CSV文件读取成功: config/master/prg1/load.csv, 共11行
2025-11-01 08:06:47,439 - src.ui.main_window - WARNING - 从load.csv获取参数类型失败: 'list' object has no attribute 'get'
2025-11-01 08:06:47,439 - src.data.csv_processor - INFO - CSV文件读取成功: config/master/prg1/cntrl.csv, 共67行
2025-11-01 08:06:47,439 - src.ui.main_window - WARNING - 从cntrl.csv获取参数类型失败: 'list' object has no attribute 'get'
2025-11-01 08:06:47,439 - src.data.csv_processor - INFO - CSV文件读取成功: config/master/prg1/load.csv, 共11行
2025-11-01 08:06:47,439 - src.ui.main_window - WARNING - 从load.csv获取参数类型失败: 'list' object has no attribute 'get'
2025-11-01 08:06:47,440 - src.data.csv_processor - INFO - CSV文件读取成功: config/master/prg1/cntrl.csv, 共67行
2025-11-01 08:06:47,441 - src.ui.main_window - WARNING - 从cntrl.csv获取参数类型失败: 'list' object has no attribute 'get'
2025-11-01 08:06:47,441 - src.data.csv_processor - INFO - CSV文件读取成功: config/master/prg1/load.csv, 共11行
2025-11-01 08:06:47,441 - src.ui.main_window - WARNING - 从load.csv获取参数类型失败: 'list' object has no attribute 'get'
2025-11-01 08:06:47,442 - src.data.csv_processor - INFO - CSV文件读取成功: config/master/prg1/cntrl.csv, 共67行
2025-11-01 08:06:47,442 - src.ui.main_window - WARNING - 从cntrl.csv获取参数类型失败: 'list' object has no attribute 'get'
2025-11-01 08:06:47,443 - src.data.csv_processor - INFO - CSV文件读取成功: config/master/prg1/load.csv, 共11行
2025-11-01 08:06:47,443 - src.ui.main_window - WARNING - 从load.csv获取参数类型失败: 'list' object has no attribute 'get'
2025-11-01 08:06:47,443 - src.data.csv_processor - INFO - CSV文件读取成功: config/master/prg1/cntrl.csv, 共67行
2025-11-01 08:06:47,443 - src.ui.main_window - WARNING - 从cntrl.csv获取参数类型失败: 'list' object has no attribute 'get'
2025-11-01 08:06:47,444 - src.data.csv_processor - INFO - CSV文件读取成功: config/master/prg1/load.csv, 共11行
2025-11-01 08:06:47,444 - src.ui.main_window - WARNING - 从load.csv获取参数类型失败: 'list' object has no attribute 'get'
2025-11-01 08:06:47,444 - src.data.csv_processor - INFO - CSV文件读取成功: config/master/prg1/cntrl.csv, 共67行
2025-11-01 08:06:47,444 - src.ui.main_window - WARNING - 从cntrl.csv获取参数类型失败: 'list' object has no attribute 'get'
2025-11-01 08:06:47,445 - src.data.csv_processor - INFO - CSV文件读取成功: config/master/prg1/load.csv, 共11行
2025-11-01 08:06:47,445 - src.ui.main_window - WARNING - 从load.csv获取参数类型失败: 'list' object has no attribute 'get'
2025-11-01 08:06:47,446 - src.data.csv_processor - INFO - CSV文件读取成功: config/master/prg1/cntrl.csv, 共67行
2025-11-01 08:06:47,446 - src.ui.main_window - WARNING - 从cntrl.csv获取参数类型失败: 'list' object has no attribute 'get'
2025-11-01 08:06:47,446 - src.data.csv_processor - INFO - CSV文件读取成功: config/master/prg1/load.csv, 共11行
2025-11-01 08:06:47,446 - src.ui.main_window - WARNING - 从load.csv获取参数类型失败: 'list' object has no attribute 'get'
2025-11-01 08:06:47,448 - src.data.csv_processor - INFO - CSV文件读取成功: config/master/prg1/cntrl.csv, 共67行
2025-11-01 08:06:47,448 - src.ui.main_window - WARNING - 从cntrl.csv获取参数类型失败: 'list' object has no attribute 'get'
2025-11-01 08:06:47,448 - src.data.csv_processor - INFO - CSV文件读取成功: config/master/prg1/load.csv, 共11行
2025-11-01 08:06:47,448 - src.ui.main_window - WARNING - 从load.csv获取参数类型失败: 'list' object has no attribute 'get'
2025-11-01 08:06:47,449 - src.data.csv_processor - INFO - CSV文件读取成功: config/master/prg1/cntrl.csv, 共67行
2025-11-01 08:06:47,449 - src.ui.main_window - WARNING - 从cntrl.csv获取参数类型失败: 'list' object has no attribute 'get'
2025-11-01 08:06:47,449 - src.data.csv_processor - INFO - CSV文件读取成功: config/master/prg1/load.csv, 共11行
2025-11-01 08:06:47,449 - src.ui.main_window - WARNING - 从load.csv获取参数类型失败: 'list' object has no attribute 'get'
2025-11-01 08:06:47,450 - src.data.csv_processor - INFO - CSV文件读取成功: config/master/prg1/cntrl.csv, 共67行
2025-11-01 08:06:47,450 - src.ui.main_window - WARNING - 从cntrl.csv获取参数类型失败: 'list' object has no attribute 'get'
2025-11-01 08:06:47,450 - src.data.csv_processor - INFO - CSV文件读取成功: config/master/prg1/load.csv, 共11行
2025-11-01 08:06:47,451 - src.ui.main_window - WARNING - 从load.csv获取参数类型失败: 'list' object has no attribute 'get'
2025-11-01 08:06:47,451 - src.data.csv_processor - INFO - CSV文件读取成功: config/master/prg1/cntrl.csv, 共67行
2025-11-01 08:06:47,451 - src.ui.main_window - WARNING - 从cntrl.csv获取参数类型失败: 'list' object has no attribute 'get'
2025-11-01 08:06:47,451 - src.data.csv_processor - INFO - CSV文件读取成功: config/master/prg1/load.csv, 共11行
2025-11-01 08:06:47,451 - src.ui.main_window - WARNING - 从load.csv获取参数类型失败: 'list' object has no attribute 'get'
2025-11-01 08:06:47,451 - src.data.csv_processor - INFO - CSV文件读取成功: config/master/prg1/cntrl.csv, 共67行
2025-11-01 08:06:47,451 - src.ui.main_window - WARNING - 从cntrl.csv获取参数类型失败: 'list' object has no attribute 'get'
2025-11-01 08:06:47,451 - src.data.csv_processor - INFO - CSV文件读取成功: config/master/prg1/load.csv, 共11行
2025-11-01 08:06:47,451 - src.ui.main_window - WARNING - 从load.csv获取参数类型失败: 'list' object has no attribute 'get'
2025-11-01 08:06:47,453 - src.data.csv_processor - INFO - CSV文件读取成功: config/master/prg1/cntrl.csv, 共67行
2025-11-01 08:06:47,453 - src.ui.main_window - WARNING - 从cntrl.csv获取参数类型失败: 'list' object has no attribute 'get'
2025-11-01 08:06:47,453 - src.data.csv_processor - INFO - CSV文件读取成功: config/master/prg1/load.csv, 共11行
2025-11-01 08:06:47,453 - src.ui.main_window - WARNING - 从load.csv获取参数类型失败: 'list' object has no attribute 'get'
2025-11-01 08:06:47,454 - src.data.csv_processor - INFO - CSV文件读取成功: config/master/prg1/cntrl.csv, 共67行
2025-11-01 08:06:47,454 - src.ui.main_window - WARNING - 从cntrl.csv获取参数类型失败: 'list' object has no attribute 'get'
2025-11-01 08:06:47,455 - src.data.csv_processor - INFO - CSV文件读取成功: config/master/prg1/load.csv, 共11行
2025-11-01 08:06:47,455 - src.ui.main_window - WARNING - 从load.csv获取参数类型失败: 'list' object has no attribute 'get'
2025-11-01 08:06:47,455 - src.data.csv_processor - INFO - CSV文件读取成功: config/master/prg1/cntrl.csv, 共67行
2025-11-01 08:06:47,455 - src.ui.main_window - WARNING - 从cntrl.csv获取参数类型失败: 'list' object has no attribute 'get'
2025-11-01 08:06:47,456 - src.data.csv_processor - INFO - CSV文件读取成功: config/master/prg1/load.csv, 共11行
2025-11-01 08:06:47,456 - src.ui.main_window - WARNING - 从load.csv获取参数类型失败: 'list' object has no attribute 'get'
2025-11-01 08:06:47,456 - src.data.csv_processor - INFO - CSV文件读取成功: config/master/prg1/cntrl.csv, 共67行
2025-11-01 08:06:47,456 - src.ui.main_window - WARNING - 从cntrl.csv获取参数类型失败: 'list' object has no attribute 'get'
2025-11-01 08:06:47,456 - src.data.csv_processor - INFO - CSV文件读取成功: config/master/prg1/load.csv, 共11行
2025-11-01 08:06:47,457 - src.ui.main_window - WARNING - 从load.csv获取参数类型失败: 'list' object has no attribute 'get'
2025-11-01 08:06:47,457 - src.data.csv_processor - INFO - CSV文件读取成功: config/master/prg1/cntrl.csv, 共67行
2025-11-01 08:06:47,457 - src.ui.main_window - WARNING - 从cntrl.csv获取参数类型失败: 'list' object has no attribute 'get'
2025-11-01 08:06:47,457 - src.data.csv_processor - INFO - CSV文件读取成功: config/master/prg1/load.csv, 共11行
2025-11-01 08:06:47,457 - src.ui.main_window - WARNING - 从load.csv获取参数类型失败: 'list' object has no attribute 'get'
2025-11-01 08:06:47,458 - src.data.csv_processor - INFO - CSV文件读取成功: config/master/prg1/cntrl.csv, 共67行
2025-11-01 08:06:47,458 - src.ui.main_window - WARNING - 从cntrl.csv获取参数类型失败: 'list' object has no attribute 'get'
2025-11-01 08:06:47,458 - src.data.csv_processor - INFO - CSV文件读取成功: config/master/prg1/load.csv, 共11行
2025-11-01 08:06:47,459 - src.ui.main_window - WARNING - 从load.csv获取参数类型失败: 'list' object has no attribute 'get'
2025-11-01 08:06:47,459 - src.data.csv_processor - INFO - CSV文件读取成功: config/master/prg1/cntrl.csv, 共67行
2025-11-01 08:06:47,459 - src.ui.main_window - WARNING - 从cntrl.csv获取参数类型失败: 'list' object has no attribute 'get'
2025-11-01 08:06:47,460 - src.data.csv_processor - INFO - CSV文件读取成功: config/master/prg1/load.csv, 共11行
2025-11-01 08:06:47,461 - src.ui.main_window - WARNING - 从load.csv获取参数类型失败: 'list' object has no attribute 'get'
2025-11-01 08:06:47,461 - src.data.csv_processor - INFO - CSV文件读取成功: config/master/prg1/cntrl.csv, 共67行
2025-11-01 08:06:47,461 - src.ui.main_window - WARNING - 从cntrl.csv获取参数类型失败: 'list' object has no attribute 'get'
2025-11-01 08:06:47,461 - src.data.csv_processor - INFO - CSV文件读取成功: config/master/prg1/load.csv, 共11行
2025-11-01 08:06:47,463 - src.ui.main_window - WARNING - 从load.csv获取参数类型失败: 'list' object has no attribute 'get'
2025-11-01 08:06:47,463 - src.data.csv_processor - INFO - CSV文件读取成功: config/master/prg1/cntrl.csv, 共67行
2025-11-01 08:06:47,463 - src.ui.main_window - WARNING - 从cntrl.csv获取参数类型失败: 'list' object has no attribute 'get'
2025-11-01 08:06:47,463 - src.data.csv_processor - INFO - CSV文件读取成功: config/master/prg1/load.csv, 共11行
2025-11-01 08:06:47,463 - src.ui.main_window - WARNING - 从load.csv获取参数类型失败: 'list' object has no attribute 'get'
2025-11-01 08:06:47,464 - src.data.csv_processor - INFO - CSV文件读取成功: config/master/prg1/cntrl.csv, 共67行
2025-11-01 08:06:47,464 - src.ui.main_window - WARNING - 从cntrl.csv获取参数类型失败: 'list' object has no attribute 'get'
2025-11-01 08:06:47,464 - src.data.csv_processor - INFO - CSV文件读取成功: config/master/prg1/load.csv, 共11行
2025-11-01 08:06:47,464 - src.ui.main_window - WARNING - 从load.csv获取参数类型失败: 'list' object has no attribute 'get'
2025-11-01 08:06:47,465 - src.data.csv_processor - INFO - CSV文件读取成功: config/master/prg1/cntrl.csv, 共67行
2025-11-01 08:06:47,465 - src.ui.main_window - WARNING - 从cntrl.csv获取参数类型失败: 'list' object has no attribute 'get'
2025-11-01 08:06:47,465 - src.data.csv_processor - INFO - CSV文件读取成功: config/master/prg1/load.csv, 共11行
2025-11-01 08:06:47,465 - src.ui.main_window - WARNING - 从load.csv获取参数类型失败: 'list' object has no attribute 'get'
2025-11-01 08:06:47,466 - src.data.csv_processor - INFO - CSV文件读取成功: config/master/prg1/cntrl.csv, 共67行
2025-11-01 08:06:47,466 - src.ui.main_window - WARNING - 从cntrl.csv获取参数类型失败: 'list' object has no attribute 'get'
2025-11-01 08:06:47,466 - src.data.csv_processor - INFO - CSV文件读取成功: config/master/prg1/load.csv, 共11行
2025-11-01 08:06:47,466 - src.ui.main_window - WARNING - 从load.csv获取参数类型失败: 'list' object has no attribute 'get'
2025-11-01 08:06:47,466 - src.data.csv_processor - INFO - CSV文件读取成功: config/master/prg1/cntrl.csv, 共67行
2025-11-01 08:06:47,467 - src.ui.main_window - WARNING - 从cntrl.csv获取参数类型失败: 'list' object has no attribute 'get'
2025-11-01 08:06:47,467 - src.data.csv_processor - INFO - CSV文件读取成功: config/master/prg1/load.csv, 共11行
2025-11-01 08:06:47,467 - src.ui.main_window - WARNING - 从load.csv获取参数类型失败: 'list' object has no attribute 'get'
2025-11-01 08:06:47,467 - src.data.csv_processor - INFO - CSV文件读取成功: config/master/prg1/cntrl.csv, 共67行
2025-11-01 08:06:47,467 - src.ui.main_window - WARNING - 从cntrl.csv获取参数类型失败: 'list' object has no attribute 'get'
2025-11-01 08:06:47,468 - src.data.csv_processor - INFO - CSV文件读取成功: config/master/prg1/load.csv, 共11行
2025-11-01 08:06:47,468 - src.ui.main_window - WARNING - 从load.csv获取参数类型失败: 'list' object has no attribute 'get'
2025-11-01 08:06:47,468 - src.data.csv_processor - INFO - CSV文件读取成功: config/master/prg1/cntrl.csv, 共67行
2025-11-01 08:06:47,468 - src.ui.main_window - WARNING - 从cntrl.csv获取参数类型失败: 'list' object has no attribute 'get'
2025-11-01 08:06:47,468 - src.data.csv_processor - INFO - CSV文件读取成功: config/master/prg1/load.csv, 共11行
2025-11-01 08:06:47,469 - src.ui.main_window - WARNING - 从load.csv获取参数类型失败: 'list' object has no attribute 'get'
2025-11-01 08:06:47,469 - src.data.csv_processor - INFO - CSV文件读取成功: config/master/prg1/cntrl.csv, 共67行
2025-11-01 08:06:47,469 - src.ui.main_window - WARNING - 从cntrl.csv获取参数类型失败: 'list' object has no attribute 'get'
2025-11-01 08:06:47,469 - src.data.csv_processor - INFO - CSV文件读取成功: config/master/prg1/load.csv, 共11行
2025-11-01 08:06:47,469 - src.ui.main_window - WARNING - 从load.csv获取参数类型失败: 'list' object has no attribute 'get'
2025-11-01 08:06:47,470 - src.data.csv_processor - INFO - CSV文件读取成功: config/master/prg1/cntrl.csv, 共67行
2025-11-01 08:06:47,470 - src.ui.main_window - WARNING - 从cntrl.csv获取参数类型失败: 'list' object has no attribute 'get'
2025-11-01 08:06:47,470 - src.data.csv_processor - INFO - CSV文件读取成功: config/master/prg1/load.csv, 共11行
2025-11-01 08:06:47,470 - src.ui.main_window - WARNING - 从load.csv获取参数类型失败: 'list' object has no attribute 'get'
2025-11-01 08:06:47,470 - src.data.csv_processor - INFO - CSV文件读取成功: config/master/prg1/cntrl.csv, 共67行
2025-11-01 08:06:47,470 - src.ui.main_window - WARNING - 从cntrl.csv获取参数类型失败: 'list' object has no attribute 'get'
2025-11-01 08:06:47,472 - src.data.csv_processor - INFO - CSV文件读取成功: config/master/prg1/load.csv, 共11行
2025-11-01 08:06:47,472 - src.ui.main_window - WARNING - 从load.csv获取参数类型失败: 'list' object has no attribute 'get'
2025-11-01 08:06:47,472 - src.data.csv_processor - INFO - CSV文件读取成功: config/master/prg1/cntrl.csv, 共67行
2025-11-01 08:06:47,472 - src.ui.main_window - WARNING - 从cntrl.csv获取参数类型失败: 'list' object has no attribute 'get'
2025-11-01 08:06:47,472 - src.data.csv_processor - INFO - CSV文件读取成功: config/master/prg1/load.csv, 共11行
2025-11-01 08:06:47,473 - src.ui.main_window - WARNING - 从load.csv获取参数类型失败: 'list' object has no attribute 'get'
2025-11-01 08:06:47,473 - src.data.csv_processor - INFO - CSV文件读取成功: config/master/prg1/cntrl.csv, 共67行
2025-11-01 08:06:47,473 - src.ui.main_window - WARNING - 从cntrl.csv获取参数类型失败: 'list' object has no attribute 'get'
2025-11-01 08:06:47,473 - src.data.csv_processor - INFO - CSV文件读取成功: config/master/prg1/load.csv, 共11行
2025-11-01 08:06:47,473 - src.ui.main_window - WARNING - 从load.csv获取参数类型失败: 'list' object has no attribute 'get'
2025-11-01 08:06:47,474 - src.data.csv_processor - INFO - CSV文件读取成功: config/master/prg1/cntrl.csv, 共67行
2025-11-01 08:06:47,474 - src.ui.main_window - WARNING - 从cntrl.csv获取参数类型失败: 'list' object has no attribute 'get'
2025-11-01 08:06:47,474 - src.data.csv_processor - INFO - CSV文件读取成功: config/master/prg1/load.csv, 共11行
2025-11-01 08:06:47,474 - src.ui.main_window - WARNING - 从load.csv获取参数类型失败: 'list' object has no attribute 'get'
2025-11-01 08:06:47,474 - src.data.csv_processor - INFO - CSV文件读取成功: config/master/prg1/cntrl.csv, 共67行
2025-11-01 08:06:47,475 - src.ui.main_window - WARNING - 从cntrl.csv获取参数类型失败: 'list' object has no attribute 'get'
2025-11-01 08:06:47,475 - src.data.csv_processor - INFO - CSV文件读取成功: config/master/prg1/load.csv, 共11行
2025-11-01 08:06:47,475 - src.ui.main_window - WARNING - 从load.csv获取参数类型失败: 'list' object has no attribute 'get'
2025-11-01 08:06:47,476 - src.data.csv_processor - INFO - CSV文件读取成功: config/master/prg1/cntrl.csv, 共67行
2025-11-01 08:06:47,476 - src.ui.main_window - WARNING - 从cntrl.csv获取参数类型失败: 'list' object has no attribute 'get'
2025-11-01 08:06:47,476 - src.data.csv_processor - INFO - CSV文件读取成功: config/master/prg1/load.csv, 共11行
2025-11-01 08:06:47,476 - src.ui.main_window - WARNING - 从load.csv获取参数类型失败: 'list' object has no attribute 'get'
2025-11-01 08:06:47,477 - src.data.csv_processor - INFO - CSV文件读取成功: config/master/prg1/cntrl.csv, 共67行
2025-11-01 08:06:47,477 - src.ui.main_window - WARNING - 从cntrl.csv获取参数类型失败: 'list' object has no attribute 'get'
2025-11-01 08:06:47,477 - src.data.csv_processor - INFO - CSV文件读取成功: config/master/prg1/load.csv, 共11行
2025-11-01 08:06:47,477 - src.ui.main_window - WARNING - 从load.csv获取参数类型失败: 'list' object has no attribute 'get'
2025-11-01 08:06:47,478 - src.data.csv_processor - INFO - CSV文件读取成功: config/master/prg1/cntrl.csv, 共67行
2025-11-01 08:06:47,478 - src.ui.main_window - WARNING - 从cntrl.csv获取参数类型失败: 'list' object has no attribute 'get'
2025-11-01 08:06:47,478 - src.data.csv_processor - INFO - CSV文件读取成功: config/master/prg1/load.csv, 共11行
2025-11-01 08:06:47,479 - src.ui.main_window - WARNING - 从load.csv获取参数类型失败: 'list' object has no attribute 'get'
2025-11-01 08:06:47,479 - src.data.csv_processor - INFO - CSV文件读取成功: config/master/prg1/cntrl.csv, 共67行
2025-11-01 08:06:47,479 - src.ui.main_window - WARNING - 从cntrl.csv获取参数类型失败: 'list' object has no attribute 'get'
2025-11-01 08:06:47,479 - src.data.csv_processor - INFO - CSV文件读取成功: config/master/prg1/load.csv, 共11行
2025-11-01 08:06:47,479 - src.ui.main_window - WARNING - 从load.csv获取参数类型失败: 'list' object has no attribute 'get'
2025-11-01 08:06:47,481 - src.data.csv_processor - INFO - CSV文件读取成功: config/master/prg1/cntrl.csv, 共67行
2025-11-01 08:06:47,481 - src.ui.main_window - WARNING - 从cntrl.csv获取参数类型失败: 'list' object has no attribute 'get'
2025-11-01 08:06:47,481 - src.data.csv_processor - INFO - CSV文件读取成功: config/master/prg1/load.csv, 共11行
2025-11-01 08:06:47,481 - src.ui.main_window - WARNING - 从load.csv获取参数类型失败: 'list' object has no attribute 'get'
2025-11-01 08:06:47,481 - src.data.csv_processor - INFO - CSV文件读取成功: config/master/prg1/cntrl.csv, 共67行
2025-11-01 08:06:47,481 - src.ui.main_window - WARNING - 从cntrl.csv获取参数类型失败: 'list' object has no attribute 'get'
2025-11-01 08:06:47,481 - src.data.csv_processor - INFO - CSV文件读取成功: config/master/prg1/load.csv, 共11行
2025-11-01 08:06:47,482 - src.ui.main_window - WARNING - 从load.csv获取参数类型失败: 'list' object has no attribute 'get'
2025-11-01 08:06:47,482 - src.data.csv_processor - INFO - CSV文件读取成功: config/master/prg1/cntrl.csv, 共67行
2025-11-01 08:06:47,482 - src.ui.main_window - WARNING - 从cntrl.csv获取参数类型失败: 'list' object has no attribute 'get'
2025-11-01 08:06:47,482 - src.data.csv_processor - INFO - CSV文件读取成功: config/master/prg1/load.csv, 共11行
2025-11-01 08:06:47,482 - src.ui.main_window - WARNING - 从load.csv获取参数类型失败: 'list' object has no attribute 'get'
2025-11-01 08:06:47,483 - src.data.csv_processor - INFO - CSV文件读取成功: config/master/prg1/cntrl.csv, 共67行
2025-11-01 08:06:47,483 - src.ui.main_window - WARNING - 从cntrl.csv获取参数类型失败: 'list' object has no attribute 'get'
2025-11-01 08:06:47,483 - src.data.csv_processor - INFO - CSV文件读取成功: config/master/prg1/load.csv, 共11行
2025-11-01 08:06:47,483 - src.ui.main_window - WARNING - 从load.csv获取参数类型失败: 'list' object has no attribute 'get'
2025-11-01 08:06:47,483 - src.data.csv_processor - INFO - CSV文件读取成功: config/master/prg1/cntrl.csv, 共67行
2025-11-01 08:06:47,483 - src.ui.main_window - WARNING - 从cntrl.csv获取参数类型失败: 'list' object has no attribute 'get'
2025-11-01 08:06:47,483 - src.data.csv_processor - INFO - CSV文件读取成功: config/master/prg1/load.csv, 共11行
2025-11-01 08:06:47,485 - src.ui.main_window - WARNING - 从load.csv获取参数类型失败: 'list' object has no attribute 'get'
2025-11-01 08:06:47,485 - src.data.csv_processor - INFO - CSV文件读取成功: config/master/prg1/cntrl.csv, 共67行
2025-11-01 08:06:47,485 - src.ui.main_window - WARNING - 从cntrl.csv获取参数类型失败: 'list' object has no attribute 'get'
2025-11-01 08:06:47,485 - src.data.csv_processor - INFO - CSV文件读取成功: config/master/prg1/load.csv, 共11行
2025-11-01 08:06:47,485 - src.ui.main_window - WARNING - 从load.csv获取参数类型失败: 'list' object has no attribute 'get'
2025-11-01 08:06:47,485 - src.data.csv_processor - INFO - CSV文件读取成功: config/master/prg1/cntrl.csv, 共67行
2025-11-01 08:06:47,486 - src.ui.main_window - WARNING - 从cntrl.csv获取参数类型失败: 'list' object has no attribute 'get'
2025-11-01 08:06:47,486 - src.data.csv_processor - INFO - CSV文件读取成功: config/master/prg1/load.csv, 共11行
2025-11-01 08:06:47,486 - src.ui.main_window - WARNING - 从load.csv获取参数类型失败: 'list' object has no attribute 'get'
2025-11-01 08:06:47,487 - src.data.csv_processor - INFO - CSV文件读取成功: config/master/prg1/cntrl.csv, 共67行
2025-11-01 08:06:47,487 - src.ui.main_window - WARNING - 从cntrl.csv获取参数类型失败: 'list' object has no attribute 'get'
2025-11-01 08:06:47,487 - src.data.csv_processor - INFO - CSV文件读取成功: config/master/prg1/load.csv, 共11行
2025-11-01 08:06:47,487 - src.ui.main_window - WARNING - 从load.csv获取参数类型失败: 'list' object has no attribute 'get'
2025-11-01 08:06:47,488 - src.data.csv_processor - INFO - CSV文件读取成功: config/master/prg1/cntrl.csv, 共67行
2025-11-01 08:06:47,488 - src.ui.main_window - WARNING - 从cntrl.csv获取参数类型失败: 'list' object has no attribute 'get'
2025-11-01 08:06:47,488 - src.data.csv_processor - INFO - CSV文件读取成功: config/master/prg1/load.csv, 共11行
2025-11-01 08:06:47,488 - src.ui.main_window - WARNING - 从load.csv获取参数类型失败: 'list' object has no attribute 'get'
2025-11-01 08:06:47,488 - src.data.csv_processor - INFO - CSV文件读取成功: config/master/prg1/cntrl.csv, 共67行
2025-11-01 08:06:47,489 - src.ui.main_window - WARNING - 从cntrl.csv获取参数类型失败: 'list' object has no attribute 'get'
2025-11-01 08:06:47,489 - src.data.csv_processor - INFO - CSV文件读取成功: config/master/prg1/load.csv, 共11行
2025-11-01 08:06:47,489 - src.ui.main_window - WARNING - 从load.csv获取参数类型失败: 'list' object has no attribute 'get'
2025-11-01 08:06:47,489 - src.data.csv_processor - INFO - CSV文件读取成功: config/master/prg1/cntrl.csv, 共67行
2025-11-01 08:06:47,489 - src.ui.main_window - WARNING - 从cntrl.csv获取参数类型失败: 'list' object has no attribute 'get'
2025-11-01 08:06:47,490 - src.data.csv_processor - INFO - CSV文件读取成功: config/master/prg1/load.csv, 共11行
2025-11-01 08:06:47,490 - src.ui.main_window - WARNING - 从load.csv获取参数类型失败: 'list' object has no attribute 'get'
2025-11-01 08:06:47,490 - src.data.csv_processor - INFO - CSV文件读取成功: config/master/prg1/cntrl.csv, 共67行
2025-11-01 08:06:47,490 - src.ui.main_window - WARNING - 从cntrl.csv获取参数类型失败: 'list' object has no attribute 'get'
2025-11-01 08:06:47,491 - src.data.csv_processor - INFO - CSV文件读取成功: config/master/prg1/load.csv, 共11行
2025-11-01 08:06:47,491 - src.ui.main_window - WARNING - 从load.csv获取参数类型失败: 'list' object has no attribute 'get'
2025-11-01 08:06:47,491 - src.data.csv_processor - INFO - CSV文件读取成功: config/master/prg1/cntrl.csv, 共67行
2025-11-01 08:06:47,491 - src.ui.main_window - WARNING - 从cntrl.csv获取参数类型失败: 'list' object has no attribute 'get'
2025-11-01 08:06:47,492 - src.data.csv_processor - INFO - CSV文件读取成功: config/master/prg1/load.csv, 共11行
2025-11-01 08:06:47,492 - src.ui.main_window - WARNING - 从load.csv获取参数类型失败: 'list' object has no attribute 'get'
2025-11-01 08:06:47,492 - src.data.csv_processor - INFO - CSV文件读取成功: config/master/prg1/cntrl.csv, 共67行
2025-11-01 08:06:47,492 - src.ui.main_window - WARNING - 从cntrl.csv获取参数类型失败: 'list' object has no attribute 'get'
2025-11-01 08:06:47,493 - src.data.csv_processor - INFO - CSV文件读取成功: config/master/prg1/load.csv, 共11行
2025-11-01 08:06:47,493 - src.ui.main_window - WARNING - 从load.csv获取参数类型失败: 'list' object has no attribute 'get'
2025-11-01 08:06:47,493 - src.data.csv_processor - INFO - CSV文件读取成功: config/master/prg1/cntrl.csv, 共67行
2025-11-01 08:06:47,493 - src.ui.main_window - WARNING - 从cntrl.csv获取参数类型失败: 'list' object has no attribute 'get'
2025-11-01 08:06:47,494 - src.data.csv_processor - INFO - CSV文件读取成功: config/master/prg1/load.csv, 共11行
2025-11-01 08:06:47,494 - src.ui.main_window - WARNING - 从load.csv获取参数类型失败: 'list' object has no attribute 'get'
2025-11-01 08:06:47,494 - src.data.csv_processor - INFO - CSV文件读取成功: config/master/prg1/cntrl.csv, 共67行
2025-11-01 08:06:47,494 - src.ui.main_window - WARNING - 从cntrl.csv获取参数类型失败: 'list' object has no attribute 'get'
2025-11-01 08:06:47,495 - src.data.csv_processor - INFO - CSV文件读取成功: config/master/prg1/load.csv, 共11行
2025-11-01 08:06:47,495 - src.ui.main_window - WARNING - 从load.csv获取参数类型失败: 'list' object has no attribute 'get'
2025-11-01 08:06:47,497 - src.data.csv_processor - INFO - CSV文件读取成功: config/master/prg1/cntrl.csv, 共67行
2025-11-01 08:06:47,497 - src.ui.main_window - WARNING - 从cntrl.csv获取参数类型失败: 'list' object has no attribute 'get'
2025-11-01 08:06:47,497 - src.data.csv_processor - INFO - CSV文件读取成功: config/master/prg1/load.csv, 共11行
2025-11-01 08:06:47,497 - src.ui.main_window - WARNING - 从load.csv获取参数类型失败: 'list' object has no attribute 'get'
2025-11-01 08:06:47,497 - src.data.csv_processor - INFO - CSV文件读取成功: config/master/prg1/cntrl.csv, 共67行
2025-11-01 08:06:47,498 - src.ui.main_window - WARNING - 从cntrl.csv获取参数类型失败: 'list' object has no attribute 'get'
2025-11-01 08:06:47,498 - src.data.csv_processor - INFO - CSV文件读取成功: config/master/prg1/load.csv, 共11行
2025-11-01 08:06:47,498 - src.ui.main_window - WARNING - 从load.csv获取参数类型失败: 'list' object has no attribute 'get'
2025-11-01 08:06:47,498 - src.data.csv_processor - INFO - CSV文件读取成功: config/master/prg1/cntrl.csv, 共67行
2025-11-01 08:06:47,498 - src.ui.main_window - WARNING - 从cntrl.csv获取参数类型失败: 'list' object has no attribute 'get'
2025-11-01 08:06:47,499 - src.data.csv_processor - INFO - CSV文件读取成功: config/master/prg1/load.csv, 共11行
2025-11-01 08:06:47,499 - src.ui.main_window - WARNING - 从load.csv获取参数类型失败: 'list' object has no attribute 'get'
2025-11-01 08:06:47,499 - src.data.csv_processor - INFO - CSV文件读取成功: config/master/prg1/cntrl.csv, 共67行
2025-11-01 08:06:47,499 - src.ui.main_window - WARNING - 从cntrl.csv获取参数类型失败: 'list' object has no attribute 'get'
2025-11-01 08:06:47,500 - src.data.csv_processor - INFO - CSV文件读取成功: config/master/prg1/load.csv, 共11行
2025-11-01 08:06:47,500 - src.ui.main_window - WARNING - 从load.csv获取参数类型失败: 'list' object has no attribute 'get'
2025-11-01 08:06:47,500 - src.data.csv_processor - INFO - CSV文件读取成功: config/master/prg1/cntrl.csv, 共67行
2025-11-01 08:06:47,500 - src.ui.main_window - WARNING - 从cntrl.csv获取参数类型失败: 'list' object has no attribute 'get'
2025-11-01 19:40:38,909 - DNCSystem - INFO - DNC Python 系统启动
2025-11-01 19:40:38,930 - src.data.csv_processor - INFO - CSV文件读取为字典成功: config\master\ini.csv, 共48行
2025-11-01 19:40:38,930 - src.core.config - INFO - 加载ini.csv配置: 48行
2025-11-01 19:40:38,930 - src.core.config - INFO - 处理配置项: DEFINE=TB_modelTextStringSize, VALUE=26
2025-11-01 19:40:38,930 - src.core.config - INFO - 处理配置项: DEFINE=TextStringSize, VALUE=24
2025-11-01 19:40:38,930 - src.core.config - INFO - 处理配置项: DEFINE=LabelStringSize, VALUE=16
2025-11-01 19:40:38,930 - src.core.config - INFO - 处理配置项: DEFINE=ButtnStringSize, VALUE=20
2025-11-01 19:40:38,933 - src.core.config - INFO - 处理配置项: DEFINE=TxtBorderStyle, VALUE=0
2025-11-01 19:40:38,933 - src.core.config - INFO - 处理配置项: DEFINE=DrawingFlg, VALUE=0
2025-11-01 19:40:38,933 - src.core.config - INFO - 处理配置项: DEFINE=DrawingBorderStype, VALUE=1
2025-11-01 19:40:38,933 - src.core.config - INFO - 处理配置项: DEFINE=DrawingWidth, VALUE=480
2025-11-01 19:40:38,933 - src.core.config - INFO - 处理配置项: DEFINE=DrawingHeight, VALUE=430
2025-11-01 19:40:38,933 - src.core.config - INFO - 处理配置项: DEFINE=WaitTime_AfterSend, VALUE=3
2025-11-01 19:40:38,933 - src.core.config - INFO - 处理配置项: DEFINE=WaitTime_TB_Focus, VALUE=1000
2025-11-01 19:40:38,933 - src.core.config - INFO - 处理配置项: DEFINE=TextMaxInputNum, VALUE=4
2025-11-01 19:40:38,933 - src.core.config - INFO - 处理配置项: DEFINE=BarCodeHeaderStrNum, VALUE=11
2025-11-01 19:40:38,933 - src.core.config - INFO - 设置条码头长度: 11
2025-11-01 19:40:38,933 - src.core.config - INFO - 处理配置项: DEFINE=onofftxt, VALUE=C:\macro\onoff.txt
2025-11-01 19:40:38,933 - src.core.config - INFO - 处理配置项: DEFINE=macrotxt, VALUE=C:\macro\macro.txt
2025-11-01 19:40:38,933 - src.core.config - INFO - 处理配置项: DEFINE=Btn_ChngPrm_text, VALUE=壛岺曽岦
2025-11-01 19:40:38,933 - src.core.config - INFO - 处理配置项: DEFINE=Btn_keyboard_text, VALUE=KeyBoard
2025-11-01 19:40:38,933 - src.core.config - INFO - 处理配置项: DEFINE=Btn_send_text, VALUE=
2025-11-01 19:40:38,933 - src.core.config - INFO - 处理配置项: DEFINE=TB_alart_text_machineON, VALUE=
2025-11-01 19:40:38,933 - src.core.config - INFO - 处理配置项: DEFINE=TB_alart_text_send, VALUE=
2025-11-01 19:40:38,936 - src.core.config - INFO - 处理配置项: DEFINE=MeasureValueLength, VALUE=4
2025-11-01 19:40:38,936 - src.core.config - INFO - 处理配置项: DEFINE=MeasureTextColor, VALUE=blue
2025-11-01 19:40:38,936 - src.core.config - INFO - 处理配置项: DEFINE=AutoSendFlg, VALUE=0
2025-11-01 19:40:38,936 - src.core.config - INFO - 处理配置项: DEFINE=Btn_add_text, VALUE=楢懕擖椡
2025-11-01 19:40:38,936 - src.core.config - INFO - 处理配置项: DEFINE=POInfoRecordFlg, VALUE=1
2025-11-01 19:40:38,936 - src.core.config - INFO - 处理配置项: DEFINE=POReadFlg, VALUE=0
2025-11-01 19:40:38,936 - src.core.config - INFO - 处理配置项: DEFINE=POAddress, VALUE=C:\macro\CCC.csv
2025-11-01 19:40:38,936 - src.core.config - INFO - 处理配置项: DEFINE=WorkInfoRecordFlg, VALUE=0
2025-11-01 19:40:38,936 - src.core.config - INFO - 处理配置项: DEFINE=Btn_chgOperator_text, VALUE=嶌嬈幰曄峏
2025-11-01 19:40:38,936 - src.core.config - INFO - 处理配置项: DEFINE=MachineID, VALUE=
2025-11-01 19:40:38,936 - src.core.config - INFO - 处理配置项: DEFINE=PRO_STATUS_CD, VALUE=
2025-11-01 19:40:38,936 - src.core.config - INFO - 处理配置项: DEFINE=PRO_S_STATUS_CD, VALUE=
2025-11-01 19:40:38,936 - src.core.config - INFO - 处理配置项: DEFINE=SendFileFormat, VALUE=1
2025-11-01 19:40:38,936 - src.core.config - INFO - 处理配置项: DEFINE=ScreenSizeRatio, VALUE=83
2025-11-01 19:40:38,936 - src.core.config - INFO - 处理配置项: DEFINE=commandtxt, VALUE=C:\macro\command.txt
2025-11-01 19:40:38,936 - src.core.config - INFO - 处理配置项: DEFINE=TopMacro, VALUE=500
2025-11-01 19:40:38,939 - src.core.config - INFO - 处理配置项: DEFINE=EndMacro, VALUE=600
2025-11-01 19:40:38,939 - src.core.config - INFO - 处理配置项: DEFINE=SmacroBrother, VALUE=C:\SBrotherNcSys\SBrotherNcSys.exe
2025-11-01 19:40:38,939 - src.core.config - INFO - 处理配置项: DEFINE=QRmode, VALUE=1
2025-11-01 19:40:38,939 - src.core.config - INFO - 设置QR模式: 1
2025-11-01 19:40:38,939 - src.core.config - INFO - 处理配置项: DEFINE=POplc, VALUE=1
2025-11-01 19:40:38,939 - src.core.config - INFO - 设置PO位置: 1
2025-11-01 19:40:38,939 - src.core.config - INFO - 处理配置项: DEFINE=MODELplc, VALUE=2
2025-11-01 19:40:38,939 - src.core.config - INFO - 设置型号位置: 2
2025-11-01 19:40:38,939 - src.core.config - INFO - 处理配置项: DEFINE=QTYplc, VALUE=3
2025-11-01 19:40:38,939 - src.core.config - INFO - 设置数量位置: 3
2025-11-01 19:40:38,939 - src.core.config - INFO - 处理配置项: DEFINE=QRspltStr, VALUE=@
2025-11-01 19:40:38,941 - src.core.config - INFO - 设置QR分隔符: @
2025-11-01 19:40:38,941 - src.core.config - INFO - 处理配置项: DEFINE=PrgAutoChangeFlg, VALUE=0
2025-11-01 19:40:38,941 - src.core.config - INFO - 处理配置项: DEFINE=MonitoringFolder, VALUE=
2025-11-01 19:40:38,941 - src.core.config - INFO - 处理配置项: DEFINE=DLWaitTime, VALUE=5000
2025-11-01 19:40:38,941 - src.core.config - INFO - 处理配置项: DEFINE=DecimalPlace, VALUE=2
2025-11-01 19:40:38,942 - src.core.config - INFO - 设置小数位数: 2
2025-11-01 19:40:38,942 - src.core.config - INFO - 处理配置项: DEFINE=UseFixedFilename, VALUE=0
2025-11-01 19:40:38,942 - src.core.config - INFO - 最终QR配置: qr_mode=1, model_place=2, split_str='@'
2025-11-01 19:40:38,942 - src.core.config - INFO - 配置加载成功
2025-11-01 19:40:38,942 - src.data.csv_processor - INFO - CSV文件读取为字典成功: config\master\ini.csv, 共48行
2025-11-01 19:40:38,942 - src.data.csv_processor - INFO - CSV文件读取为字典成功: config\master\ini.csv, 共48行
2025-11-01 19:40:38,953 - src.data.csv_processor - INFO - CSV文件读取为字典成功: config\master\header.csv, 共5行
2025-11-01 19:40:38,963 - src.data.csv_processor - INFO - CSV文件读取为字典成功: config\master\type_define.csv, 共9行
2025-11-01 19:40:38,973 - src.data.csv_processor - INFO - CSV文件读取为字典成功: config\master\type_relation.csv, 共0行
2025-11-01 19:40:38,982 - src.data.csv_processor - INFO - CSV文件读取为字典成功: config\master\type_chngvl.csv, 共0行
2025-11-01 19:40:38,988 - src.data.csv_processor - INFO - CSV文件读取为字典成功: config\master\type_prg.csv, 共9行
2025-11-01 19:40:39,002 - src.data.csv_processor - INFO - CSV文件读取为字典成功: config\master\prg.csv, 共2行
2025-11-01 19:40:39,028 - DNCSystem - INFO - DNC Python 系统初始化成功
2025-11-01 19:40:40,794 - src.ui.main_window - INFO - 宏文件生成器初始化成功
2025-11-01 19:41:54,206 - src.ui.main_window - INFO - 参数已更新: {'basic': {'workpiece_name': '', 'workpiece_id': '', 'process_type': '铣削', 'precision': '普通'}, 'geometry': {'length': 0.0, 'width': 0.0, 'height': 0.0, 'diameter': 0.0, 'angle': 0.0}, 'process': {'spindle_speed': 0.0, 'feed_rate': 0.0, 'cut_depth': 0.0, 'cut_width': 0.0}, 'material': {'material_type': '碳钢', 'material_hardness': '软', 'material_strength': 0.0}, 'model': {'model_type': '自动识别', 'model_description': '123@GPA20GT15040_A-H8@3\n123@GPA20GT15040_A-H8@3', 'current_model': None}}
2025-11-01 19:41:54,229 - src.data.csv_processor - INFO - CSV文件读取为字典成功: config\master\header.csv, 共5行
2025-11-01 19:41:54,229 - src.ui.main_window - INFO - 型号识别完成: {'model': 'GPA20GT15040_A-H8', 'qr_code': '123@GPA20GT15040_A-H8@3\n123@GPA20GT15040_A-H8@3', 'po': '', 'quantity': '', 'recognition_mode': 'QR', 'confidence': 1.0, 'error_message': None}
2025-11-01 19:42:10,324 - src.ui.main_window - INFO - 转让按钮点击，参数: {'#1': '', '#2': '', '#3': '', '#4': '', '#5': '', '#6': '', '#7': '', '#8': '', '#9': '', '#10': '', '#11': 'defineBTC', '#12': 'defineTL', '#500': '', '#501': '1', '#502': '1', '#503': '关系1', '#504': '关系1', '#505': '', '#506': '', '#507': '', '#508': '选项1', '#509': '关系1', '#510': '关系1', '#511': '10.19', '#512': '9.68', '#513': '关系1', '#514': '', '#515': '', '#516': '关系1', '#517': '', '#518': '', '#519': '7', '#520': '', '#521': '', '#522': '关系1', '#523': '', '#524': '', '#525': '', '#526': '', '#527': '', '#528': '关系1', '#529': '', '#530': '', '#531': '', '#532': '', '#533': '', '#534': '', '#535': '', '#536': '', '#537': '', '#538': '', '#539': '', '#540': '', '#541': '', '#542': '', '#543': '', '#544': '', '#545': '关系1', '#546': '关系1', '#547': '关系1', '#548': '', '#549': '', '#550': '', '#602': False, '#603': '0', '#605': 'relationYSTA'}
2025-11-01 19:42:10,324 - src.data.csv_processor - INFO - CSV文件读取成功: config/master/prg1/load.csv, 共11行
2025-11-01 19:42:10,324 - src.ui.main_window - WARNING - 从load.csv获取参数类型失败: 'list' object has no attribute 'get'
2025-11-01 19:42:10,326 - src.data.csv_processor - INFO - CSV文件读取成功: config/master/prg1/cntrl.csv, 共67行
2025-11-01 19:42:10,326 - src.ui.main_window - WARNING - 从cntrl.csv获取参数类型失败: 'list' object has no attribute 'get'
2025-11-01 19:42:10,327 - src.data.csv_processor - INFO - CSV文件读取成功: config/master/prg1/load.csv, 共11行
2025-11-01 19:42:10,327 - src.ui.main_window - WARNING - 从load.csv获取参数类型失败: 'list' object has no attribute 'get'
2025-11-01 19:42:10,328 - src.data.csv_processor - INFO - CSV文件读取成功: config/master/prg1/cntrl.csv, 共67行
2025-11-01 19:42:10,328 - src.ui.main_window - WARNING - 从cntrl.csv获取参数类型失败: 'list' object has no attribute 'get'
2025-11-01 19:42:10,328 - src.data.csv_processor - INFO - CSV文件读取成功: config/master/prg1/load.csv, 共11行
2025-11-01 19:42:10,329 - src.ui.main_window - WARNING - 从load.csv获取参数类型失败: 'list' object has no attribute 'get'
2025-11-01 19:42:10,329 - src.data.csv_processor - INFO - CSV文件读取成功: config/master/prg1/cntrl.csv, 共67行
2025-11-01 19:42:10,330 - src.ui.main_window - WARNING - 从cntrl.csv获取参数类型失败: 'list' object has no attribute 'get'
2025-11-01 19:42:10,330 - src.data.csv_processor - INFO - CSV文件读取成功: config/master/prg1/load.csv, 共11行
2025-11-01 19:42:10,330 - src.ui.main_window - WARNING - 从load.csv获取参数类型失败: 'list' object has no attribute 'get'
2025-11-01 19:42:10,331 - src.data.csv_processor - INFO - CSV文件读取成功: config/master/prg1/cntrl.csv, 共67行
2025-11-01 19:42:10,331 - src.ui.main_window - WARNING - 从cntrl.csv获取参数类型失败: 'list' object has no attribute 'get'
2025-11-01 19:42:10,331 - src.data.csv_processor - INFO - CSV文件读取成功: config/master/prg1/load.csv, 共11行
2025-11-01 19:42:10,331 - src.ui.main_window - WARNING - 从load.csv获取参数类型失败: 'list' object has no attribute 'get'
2025-11-01 19:42:10,332 - src.data.csv_processor - INFO - CSV文件读取成功: config/master/prg1/cntrl.csv, 共67行
2025-11-01 19:42:10,332 - src.ui.main_window - WARNING - 从cntrl.csv获取参数类型失败: 'list' object has no attribute 'get'
2025-11-01 19:42:10,332 - src.data.csv_processor - INFO - CSV文件读取成功: config/master/prg1/load.csv, 共11行
2025-11-01 19:42:10,333 - src.ui.main_window - WARNING - 从load.csv获取参数类型失败: 'list' object has no attribute 'get'
2025-11-01 19:42:10,333 - src.data.csv_processor - INFO - CSV文件读取成功: config/master/prg1/cntrl.csv, 共67行
2025-11-01 19:42:10,333 - src.ui.main_window - WARNING - 从cntrl.csv获取参数类型失败: 'list' object has no attribute 'get'
2025-11-01 19:42:10,333 - src.data.csv_processor - INFO - CSV文件读取成功: config/master/prg1/load.csv, 共11行
2025-11-01 19:42:10,335 - src.ui.main_window - WARNING - 从load.csv获取参数类型失败: 'list' object has no attribute 'get'
2025-11-01 19:42:10,335 - src.data.csv_processor - INFO - CSV文件读取成功: config/master/prg1/cntrl.csv, 共67行
2025-11-01 19:42:10,335 - src.ui.main_window - WARNING - 从cntrl.csv获取参数类型失败: 'list' object has no attribute 'get'
2025-11-01 19:42:10,336 - src.data.csv_processor - INFO - CSV文件读取成功: config/master/prg1/load.csv, 共11行
2025-11-01 19:42:10,336 - src.ui.main_window - WARNING - 从load.csv获取参数类型失败: 'list' object has no attribute 'get'
2025-11-01 19:42:10,336 - src.data.csv_processor - INFO - CSV文件读取成功: config/master/prg1/cntrl.csv, 共67行
2025-11-01 19:42:10,336 - src.ui.main_window - WARNING - 从cntrl.csv获取参数类型失败: 'list' object has no attribute 'get'
2025-11-01 19:42:10,337 - src.data.csv_processor - INFO - CSV文件读取成功: config/master/prg1/load.csv, 共11行
2025-11-01 19:42:10,337 - src.ui.main_window - WARNING - 从load.csv获取参数类型失败: 'list' object has no attribute 'get'
2025-11-01 19:42:10,337 - src.data.csv_processor - INFO - CSV文件读取成功: config/master/prg1/cntrl.csv, 共67行
2025-11-01 19:42:10,338 - src.ui.main_window - WARNING - 从cntrl.csv获取参数类型失败: 'list' object has no attribute 'get'
2025-11-01 19:42:10,338 - src.data.csv_processor - INFO - CSV文件读取成功: config/master/prg1/load.csv, 共11行
2025-11-01 19:42:10,338 - src.ui.main_window - WARNING - 从load.csv获取参数类型失败: 'list' object has no attribute 'get'
2025-11-01 19:42:10,339 - src.data.csv_processor - INFO - CSV文件读取成功: config/master/prg1/cntrl.csv, 共67行
2025-11-01 19:42:10,339 - src.ui.main_window - WARNING - 从cntrl.csv获取参数类型失败: 'list' object has no attribute 'get'
2025-11-01 19:42:10,340 - src.data.csv_processor - INFO - CSV文件读取成功: config/master/prg1/load.csv, 共11行
2025-11-01 19:42:10,340 - src.ui.main_window - WARNING - 从load.csv获取参数类型失败: 'list' object has no attribute 'get'
2025-11-01 19:42:10,340 - src.data.csv_processor - INFO - CSV文件读取成功: config/master/prg1/cntrl.csv, 共67行
2025-11-01 19:42:10,341 - src.ui.main_window - WARNING - 从cntrl.csv获取参数类型失败: 'list' object has no attribute 'get'
2025-11-01 19:42:10,341 - src.data.csv_processor - INFO - CSV文件读取成功: config/master/prg1/load.csv, 共11行
2025-11-01 19:42:10,341 - src.ui.main_window - WARNING - 从load.csv获取参数类型失败: 'list' object has no attribute 'get'
2025-11-01 19:42:10,342 - src.data.csv_processor - INFO - CSV文件读取成功: config/master/prg1/cntrl.csv, 共67行
2025-11-01 19:42:10,342 - src.ui.main_window - WARNING - 从cntrl.csv获取参数类型失败: 'list' object has no attribute 'get'
2025-11-01 19:42:10,342 - src.data.csv_processor - INFO - CSV文件读取成功: config/master/prg1/load.csv, 共11行
2025-11-01 19:42:10,343 - src.ui.main_window - WARNING - 从load.csv获取参数类型失败: 'list' object has no attribute 'get'
2025-11-01 19:42:10,343 - src.data.csv_processor - INFO - CSV文件读取成功: config/master/prg1/cntrl.csv, 共67行
2025-11-01 19:42:10,343 - src.ui.main_window - WARNING - 从cntrl.csv获取参数类型失败: 'list' object has no attribute 'get'
2025-11-01 19:42:10,343 - src.data.csv_processor - INFO - CSV文件读取成功: config/master/prg1/load.csv, 共11行
2025-11-01 19:42:10,343 - src.ui.main_window - WARNING - 从load.csv获取参数类型失败: 'list' object has no attribute 'get'
2025-11-01 19:42:10,345 - src.data.csv_processor - INFO - CSV文件读取成功: config/master/prg1/cntrl.csv, 共67行
2025-11-01 19:42:10,345 - src.ui.main_window - WARNING - 从cntrl.csv获取参数类型失败: 'list' object has no attribute 'get'
2025-11-01 19:42:10,346 - src.data.csv_processor - INFO - CSV文件读取成功: config/master/prg1/load.csv, 共11行
2025-11-01 19:42:10,346 - src.ui.main_window - WARNING - 从load.csv获取参数类型失败: 'list' object has no attribute 'get'
2025-11-01 19:42:10,346 - src.data.csv_processor - INFO - CSV文件读取成功: config/master/prg1/cntrl.csv, 共67行
2025-11-01 19:42:10,347 - src.ui.main_window - WARNING - 从cntrl.csv获取参数类型失败: 'list' object has no attribute 'get'
2025-11-01 19:42:10,347 - src.data.csv_processor - INFO - CSV文件读取成功: config/master/prg1/load.csv, 共11行
2025-11-01 19:42:10,347 - src.ui.main_window - WARNING - 从load.csv获取参数类型失败: 'list' object has no attribute 'get'
2025-11-01 19:42:10,348 - src.data.csv_processor - INFO - CSV文件读取成功: config/master/prg1/cntrl.csv, 共67行
2025-11-01 19:42:10,348 - src.ui.main_window - WARNING - 从cntrl.csv获取参数类型失败: 'list' object has no attribute 'get'
2025-11-01 19:42:10,348 - src.data.csv_processor - INFO - CSV文件读取成功: config/master/prg1/load.csv, 共11行
2025-11-01 19:42:10,348 - src.ui.main_window - WARNING - 从load.csv获取参数类型失败: 'list' object has no attribute 'get'
2025-11-01 19:42:10,348 - src.data.csv_processor - INFO - CSV文件读取成功: config/master/prg1/cntrl.csv, 共67行
2025-11-01 19:42:10,348 - src.ui.main_window - WARNING - 从cntrl.csv获取参数类型失败: 'list' object has no attribute 'get'
2025-11-01 19:42:10,348 - src.data.csv_processor - INFO - CSV文件读取成功: config/master/prg1/load.csv, 共11行
2025-11-01 19:42:10,349 - src.ui.main_window - WARNING - 从load.csv获取参数类型失败: 'list' object has no attribute 'get'
2025-11-01 19:42:10,349 - src.data.csv_processor - INFO - CSV文件读取成功: config/master/prg1/cntrl.csv, 共67行
2025-11-01 19:42:10,349 - src.ui.main_window - WARNING - 从cntrl.csv获取参数类型失败: 'list' object has no attribute 'get'
2025-11-01 19:42:10,349 - src.data.csv_processor - INFO - CSV文件读取成功: config/master/prg1/load.csv, 共11行
2025-11-01 19:42:10,350 - src.ui.main_window - WARNING - 从load.csv获取参数类型失败: 'list' object has no attribute 'get'
2025-11-01 19:42:10,350 - src.data.csv_processor - INFO - CSV文件读取成功: config/master/prg1/cntrl.csv, 共67行
2025-11-01 19:42:10,350 - src.ui.main_window - WARNING - 从cntrl.csv获取参数类型失败: 'list' object has no attribute 'get'
2025-11-01 19:42:10,351 - src.data.csv_processor - INFO - CSV文件读取成功: config/master/prg1/load.csv, 共11行
2025-11-01 19:42:10,351 - src.ui.main_window - WARNING - 从load.csv获取参数类型失败: 'list' object has no attribute 'get'
2025-11-01 19:42:10,351 - src.data.csv_processor - INFO - CSV文件读取成功: config/master/prg1/cntrl.csv, 共67行
2025-11-01 19:42:10,353 - src.ui.main_window - WARNING - 从cntrl.csv获取参数类型失败: 'list' object has no attribute 'get'
2025-11-01 19:42:10,353 - src.data.csv_processor - INFO - CSV文件读取成功: config/master/prg1/load.csv, 共11行
2025-11-01 19:42:10,353 - src.ui.main_window - WARNING - 从load.csv获取参数类型失败: 'list' object has no attribute 'get'
2025-11-01 19:42:10,354 - src.data.csv_processor - INFO - CSV文件读取成功: config/master/prg1/cntrl.csv, 共67行
2025-11-01 19:42:10,354 - src.ui.main_window - WARNING - 从cntrl.csv获取参数类型失败: 'list' object has no attribute 'get'
2025-11-01 19:42:10,354 - src.data.csv_processor - INFO - CSV文件读取成功: config/master/prg1/load.csv, 共11行
2025-11-01 19:42:10,354 - src.ui.main_window - WARNING - 从load.csv获取参数类型失败: 'list' object has no attribute 'get'
2025-11-01 19:42:10,355 - src.data.csv_processor - INFO - CSV文件读取成功: config/master/prg1/cntrl.csv, 共67行
2025-11-01 19:42:10,355 - src.ui.main_window - WARNING - 从cntrl.csv获取参数类型失败: 'list' object has no attribute 'get'
2025-11-01 19:42:10,356 - src.data.csv_processor - INFO - CSV文件读取成功: config/master/prg1/load.csv, 共11行
2025-11-01 19:42:10,356 - src.ui.main_window - WARNING - 从load.csv获取参数类型失败: 'list' object has no attribute 'get'
2025-11-01 19:42:10,356 - src.data.csv_processor - INFO - CSV文件读取成功: config/master/prg1/cntrl.csv, 共67行
2025-11-01 19:42:10,356 - src.ui.main_window - WARNING - 从cntrl.csv获取参数类型失败: 'list' object has no attribute 'get'
2025-11-01 19:42:10,357 - src.data.csv_processor - INFO - CSV文件读取成功: config/master/prg1/load.csv, 共11行
2025-11-01 19:42:10,357 - src.ui.main_window - WARNING - 从load.csv获取参数类型失败: 'list' object has no attribute 'get'
2025-11-01 19:42:10,357 - src.data.csv_processor - INFO - CSV文件读取成功: config/master/prg1/cntrl.csv, 共67行
2025-11-01 19:42:10,357 - src.ui.main_window - WARNING - 从cntrl.csv获取参数类型失败: 'list' object has no attribute 'get'
2025-11-01 19:42:10,358 - src.data.csv_processor - INFO - CSV文件读取成功: config/master/prg1/load.csv, 共11行
2025-11-01 19:42:10,358 - src.ui.main_window - WARNING - 从load.csv获取参数类型失败: 'list' object has no attribute 'get'
2025-11-01 19:42:10,358 - src.data.csv_processor - INFO - CSV文件读取成功: config/master/prg1/cntrl.csv, 共67行
2025-11-01 19:42:10,358 - src.ui.main_window - WARNING - 从cntrl.csv获取参数类型失败: 'list' object has no attribute 'get'
2025-11-01 19:42:10,359 - src.data.csv_processor - INFO - CSV文件读取成功: config/master/prg1/load.csv, 共11行
2025-11-01 19:42:10,359 - src.ui.main_window - WARNING - 从load.csv获取参数类型失败: 'list' object has no attribute 'get'
2025-11-01 19:42:10,359 - src.data.csv_processor - INFO - CSV文件读取成功: config/master/prg1/cntrl.csv, 共67行
2025-11-01 19:42:10,359 - src.ui.main_window - WARNING - 从cntrl.csv获取参数类型失败: 'list' object has no attribute 'get'
2025-11-01 19:42:10,360 - src.data.csv_processor - INFO - CSV文件读取成功: config/master/prg1/load.csv, 共11行
2025-11-01 19:42:10,360 - src.ui.main_window - WARNING - 从load.csv获取参数类型失败: 'list' object has no attribute 'get'
2025-11-01 19:42:10,360 - src.data.csv_processor - INFO - CSV文件读取成功: config/master/prg1/cntrl.csv, 共67行
2025-11-01 19:42:10,361 - src.ui.main_window - WARNING - 从cntrl.csv获取参数类型失败: 'list' object has no attribute 'get'
2025-11-01 19:42:10,361 - src.data.csv_processor - INFO - CSV文件读取成功: config/master/prg1/load.csv, 共11行
2025-11-01 19:42:10,361 - src.ui.main_window - WARNING - 从load.csv获取参数类型失败: 'list' object has no attribute 'get'
2025-11-01 19:42:10,361 - src.data.csv_processor - INFO - CSV文件读取成功: config/master/prg1/cntrl.csv, 共67行
2025-11-01 19:42:10,363 - src.ui.main_window - WARNING - 从cntrl.csv获取参数类型失败: 'list' object has no attribute 'get'
2025-11-01 19:42:10,363 - src.data.csv_processor - INFO - CSV文件读取成功: config/master/prg1/load.csv, 共11行
2025-11-01 19:42:10,363 - src.ui.main_window - WARNING - 从load.csv获取参数类型失败: 'list' object has no attribute 'get'
2025-11-01 19:42:10,363 - src.data.csv_processor - INFO - CSV文件读取成功: config/master/prg1/cntrl.csv, 共67行
2025-11-01 19:42:10,364 - src.ui.main_window - WARNING - 从cntrl.csv获取参数类型失败: 'list' object has no attribute 'get'
2025-11-01 19:42:10,364 - src.data.csv_processor - INFO - CSV文件读取成功: config/master/prg1/load.csv, 共11行
2025-11-01 19:42:10,364 - src.ui.main_window - WARNING - 从load.csv获取参数类型失败: 'list' object has no attribute 'get'
2025-11-01 19:42:10,364 - src.data.csv_processor - INFO - CSV文件读取成功: config/master/prg1/cntrl.csv, 共67行
2025-11-01 19:42:10,365 - src.ui.main_window - WARNING - 从cntrl.csv获取参数类型失败: 'list' object has no attribute 'get'
2025-11-01 19:42:10,365 - src.data.csv_processor - INFO - CSV文件读取成功: config/master/prg1/load.csv, 共11行
2025-11-01 19:42:10,365 - src.ui.main_window - WARNING - 从load.csv获取参数类型失败: 'list' object has no attribute 'get'
2025-11-01 19:42:10,365 - src.data.csv_processor - INFO - CSV文件读取成功: config/master/prg1/cntrl.csv, 共67行
2025-11-01 19:42:10,366 - src.ui.main_window - WARNING - 从cntrl.csv获取参数类型失败: 'list' object has no attribute 'get'
2025-11-01 19:42:10,366 - src.data.csv_processor - INFO - CSV文件读取成功: config/master/prg1/load.csv, 共11行
2025-11-01 19:42:10,366 - src.ui.main_window - WARNING - 从load.csv获取参数类型失败: 'list' object has no attribute 'get'
2025-11-01 19:42:10,367 - src.data.csv_processor - INFO - CSV文件读取成功: config/master/prg1/cntrl.csv, 共67行
2025-11-01 19:42:10,367 - src.ui.main_window - WARNING - 从cntrl.csv获取参数类型失败: 'list' object has no attribute 'get'
2025-11-01 19:42:10,367 - src.data.csv_processor - INFO - CSV文件读取成功: config/master/prg1/load.csv, 共11行
2025-11-01 19:42:10,368 - src.ui.main_window - WARNING - 从load.csv获取参数类型失败: 'list' object has no attribute 'get'
2025-11-01 19:42:10,368 - src.data.csv_processor - INFO - CSV文件读取成功: config/master/prg1/cntrl.csv, 共67行
2025-11-01 19:42:10,368 - src.ui.main_window - WARNING - 从cntrl.csv获取参数类型失败: 'list' object has no attribute 'get'
2025-11-01 19:42:10,369 - src.data.csv_processor - INFO - CSV文件读取成功: config/master/prg1/load.csv, 共11行
2025-11-01 19:42:10,369 - src.ui.main_window - WARNING - 从load.csv获取参数类型失败: 'list' object has no attribute 'get'
2025-11-01 19:42:10,370 - src.data.csv_processor - INFO - CSV文件读取成功: config/master/prg1/cntrl.csv, 共67行
2025-11-01 19:42:10,370 - src.ui.main_window - WARNING - 从cntrl.csv获取参数类型失败: 'list' object has no attribute 'get'
2025-11-01 19:42:10,370 - src.data.csv_processor - INFO - CSV文件读取成功: config/master/prg1/load.csv, 共11行
2025-11-01 19:42:10,370 - src.ui.main_window - WARNING - 从load.csv获取参数类型失败: 'list' object has no attribute 'get'
2025-11-01 19:42:10,371 - src.data.csv_processor - INFO - CSV文件读取成功: config/master/prg1/cntrl.csv, 共67行
2025-11-01 19:42:10,371 - src.ui.main_window - WARNING - 从cntrl.csv获取参数类型失败: 'list' object has no attribute 'get'
2025-11-01 19:42:10,372 - src.data.csv_processor - INFO - CSV文件读取成功: config/master/prg1/load.csv, 共11行
2025-11-01 19:42:10,372 - src.ui.main_window - WARNING - 从load.csv获取参数类型失败: 'list' object has no attribute 'get'
2025-11-01 19:42:10,372 - src.data.csv_processor - INFO - CSV文件读取成功: config/master/prg1/cntrl.csv, 共67行
2025-11-01 19:42:10,372 - src.ui.main_window - WARNING - 从cntrl.csv获取参数类型失败: 'list' object has no attribute 'get'
2025-11-01 19:42:10,373 - src.data.csv_processor - INFO - CSV文件读取成功: config/master/prg1/load.csv, 共11行
2025-11-01 19:42:10,373 - src.ui.main_window - WARNING - 从load.csv获取参数类型失败: 'list' object has no attribute 'get'
2025-11-01 19:42:10,373 - src.data.csv_processor - INFO - CSV文件读取成功: config/master/prg1/cntrl.csv, 共67行
2025-11-01 19:42:10,373 - src.ui.main_window - WARNING - 从cntrl.csv获取参数类型失败: 'list' object has no attribute 'get'
2025-11-01 19:42:10,375 - src.data.csv_processor - INFO - CSV文件读取成功: config/master/prg1/load.csv, 共11行
2025-11-01 19:42:10,375 - src.ui.main_window - WARNING - 从load.csv获取参数类型失败: 'list' object has no attribute 'get'
2025-11-01 19:42:10,375 - src.data.csv_processor - INFO - CSV文件读取成功: config/master/prg1/cntrl.csv, 共67行
2025-11-01 19:42:10,375 - src.ui.main_window - WARNING - 从cntrl.csv获取参数类型失败: 'list' object has no attribute 'get'
2025-11-01 19:42:10,376 - src.data.csv_processor - INFO - CSV文件读取成功: config/master/prg1/load.csv, 共11行
2025-11-01 19:42:10,376 - src.ui.main_window - WARNING - 从load.csv获取参数类型失败: 'list' object has no attribute 'get'
2025-11-01 19:42:10,376 - src.data.csv_processor - INFO - CSV文件读取成功: config/master/prg1/cntrl.csv, 共67行
2025-11-01 19:42:10,376 - src.ui.main_window - WARNING - 从cntrl.csv获取参数类型失败: 'list' object has no attribute 'get'
2025-11-01 19:42:10,377 - src.data.csv_processor - INFO - CSV文件读取成功: config/master/prg1/load.csv, 共11行
2025-11-01 19:42:10,377 - src.ui.main_window - WARNING - 从load.csv获取参数类型失败: 'list' object has no attribute 'get'
2025-11-01 19:42:10,377 - src.data.csv_processor - INFO - CSV文件读取成功: config/master/prg1/cntrl.csv, 共67行
2025-11-01 19:42:10,377 - src.ui.main_window - WARNING - 从cntrl.csv获取参数类型失败: 'list' object has no attribute 'get'
2025-11-01 19:42:10,377 - src.data.csv_processor - INFO - CSV文件读取成功: config/master/prg1/load.csv, 共11行
2025-11-01 19:42:10,378 - src.ui.main_window - WARNING - 从load.csv获取参数类型失败: 'list' object has no attribute 'get'
2025-11-01 19:42:10,378 - src.data.csv_processor - INFO - CSV文件读取成功: config/master/prg1/cntrl.csv, 共67行
2025-11-01 19:42:10,378 - src.ui.main_window - WARNING - 从cntrl.csv获取参数类型失败: 'list' object has no attribute 'get'
2025-11-01 19:42:10,379 - src.data.csv_processor - INFO - CSV文件读取成功: config/master/prg1/load.csv, 共11行
2025-11-01 19:42:10,379 - src.ui.main_window - WARNING - 从load.csv获取参数类型失败: 'list' object has no attribute 'get'
2025-11-01 19:42:10,379 - src.data.csv_processor - INFO - CSV文件读取成功: config/master/prg1/cntrl.csv, 共67行
2025-11-01 19:42:10,379 - src.ui.main_window - WARNING - 从cntrl.csv获取参数类型失败: 'list' object has no attribute 'get'
2025-11-01 19:42:10,381 - src.data.csv_processor - INFO - CSV文件读取成功: config/master/prg1/load.csv, 共11行
2025-11-01 19:42:10,381 - src.ui.main_window - WARNING - 从load.csv获取参数类型失败: 'list' object has no attribute 'get'
2025-11-01 19:42:10,381 - src.data.csv_processor - INFO - CSV文件读取成功: config/master/prg1/cntrl.csv, 共67行
2025-11-01 19:42:10,381 - src.ui.main_window - WARNING - 从cntrl.csv获取参数类型失败: 'list' object has no attribute 'get'
2025-11-01 19:42:10,382 - src.data.csv_processor - INFO - CSV文件读取成功: config/master/prg1/load.csv, 共11行
2025-11-01 19:42:10,382 - src.ui.main_window - WARNING - 从load.csv获取参数类型失败: 'list' object has no attribute 'get'
2025-11-01 19:42:10,382 - src.data.csv_processor - INFO - CSV文件读取成功: config/master/prg1/cntrl.csv, 共67行
2025-11-01 19:42:10,382 - src.ui.main_window - WARNING - 从cntrl.csv获取参数类型失败: 'list' object has no attribute 'get'
2025-11-01 19:42:10,383 - src.data.csv_processor - INFO - CSV文件读取成功: config/master/prg1/load.csv, 共11行
2025-11-01 19:42:10,383 - src.ui.main_window - WARNING - 从load.csv获取参数类型失败: 'list' object has no attribute 'get'
2025-11-01 19:42:10,383 - src.data.csv_processor - INFO - CSV文件读取成功: config/master/prg1/cntrl.csv, 共67行
2025-11-01 19:42:10,383 - src.ui.main_window - WARNING - 从cntrl.csv获取参数类型失败: 'list' object has no attribute 'get'
2025-11-01 19:42:10,384 - src.data.csv_processor - INFO - CSV文件读取成功: config/master/prg1/load.csv, 共11行
2025-11-01 19:42:10,384 - src.ui.main_window - WARNING - 从load.csv获取参数类型失败: 'list' object has no attribute 'get'
2025-11-01 19:42:10,384 - src.data.csv_processor - INFO - CSV文件读取成功: config/master/prg1/cntrl.csv, 共67行
2025-11-01 19:42:10,384 - src.ui.main_window - WARNING - 从cntrl.csv获取参数类型失败: 'list' object has no attribute 'get'
2025-11-01 19:42:10,385 - src.data.csv_processor - INFO - CSV文件读取成功: config/master/prg1/load.csv, 共11行
2025-11-01 19:42:10,385 - src.ui.main_window - WARNING - 从load.csv获取参数类型失败: 'list' object has no attribute 'get'
2025-11-01 19:42:10,386 - src.data.csv_processor - INFO - CSV文件读取成功: config/master/prg1/cntrl.csv, 共67行
2025-11-01 19:42:10,386 - src.ui.main_window - WARNING - 从cntrl.csv获取参数类型失败: 'list' object has no attribute 'get'
2025-11-01 19:42:10,386 - src.data.csv_processor - INFO - CSV文件读取成功: config/master/prg1/load.csv, 共11行
2025-11-01 19:42:10,386 - src.ui.main_window - WARNING - 从load.csv获取参数类型失败: 'list' object has no attribute 'get'
2025-11-01 19:42:10,388 - src.data.csv_processor - INFO - CSV文件读取成功: config/master/prg1/cntrl.csv, 共67行
2025-11-01 19:42:10,388 - src.ui.main_window - WARNING - 从cntrl.csv获取参数类型失败: 'list' object has no attribute 'get'
2025-11-01 19:42:10,388 - src.data.csv_processor - INFO - CSV文件读取成功: config/master/prg1/load.csv, 共11行
2025-11-01 19:42:10,389 - src.ui.main_window - WARNING - 从load.csv获取参数类型失败: 'list' object has no attribute 'get'
2025-11-01 19:42:10,389 - src.data.csv_processor - INFO - CSV文件读取成功: config/master/prg1/cntrl.csv, 共67行
2025-11-01 19:42:10,389 - src.ui.main_window - WARNING - 从cntrl.csv获取参数类型失败: 'list' object has no attribute 'get'
2025-11-01 19:42:10,389 - src.data.csv_processor - INFO - CSV文件读取成功: config/master/prg1/load.csv, 共11行
2025-11-01 19:42:10,390 - src.ui.main_window - WARNING - 从load.csv获取参数类型失败: 'list' object has no attribute 'get'
2025-11-01 19:42:10,390 - src.data.csv_processor - INFO - CSV文件读取成功: config/master/prg1/cntrl.csv, 共67行
2025-11-01 19:42:10,390 - src.ui.main_window - WARNING - 从cntrl.csv获取参数类型失败: 'list' object has no attribute 'get'
2025-11-01 19:42:10,390 - src.data.csv_processor - INFO - CSV文件读取成功: config/master/prg1/load.csv, 共11行
2025-11-01 19:42:10,391 - src.ui.main_window - WARNING - 从load.csv获取参数类型失败: 'list' object has no attribute 'get'
2025-11-01 19:42:10,391 - src.data.csv_processor - INFO - CSV文件读取成功: config/master/prg1/cntrl.csv, 共67行
2025-11-01 19:42:10,391 - src.ui.main_window - WARNING - 从cntrl.csv获取参数类型失败: 'list' object has no attribute 'get'
2025-11-01 19:42:10,391 - src.data.csv_processor - INFO - CSV文件读取成功: config/master/prg1/load.csv, 共11行
2025-11-01 19:42:10,391 - src.ui.main_window - WARNING - 从load.csv获取参数类型失败: 'list' object has no attribute 'get'
2025-11-01 19:42:10,392 - src.data.csv_processor - INFO - CSV文件读取成功: config/master/prg1/cntrl.csv, 共67行
2025-11-01 19:42:10,392 - src.ui.main_window - WARNING - 从cntrl.csv获取参数类型失败: 'list' object has no attribute 'get'
2025-11-01 19:42:10,392 - src.data.csv_processor - INFO - CSV文件读取成功: config/master/prg1/load.csv, 共11行
2025-11-01 19:42:10,392 - src.ui.main_window - WARNING - 从load.csv获取参数类型失败: 'list' object has no attribute 'get'
2025-11-01 19:42:10,392 - src.data.csv_processor - INFO - CSV文件读取成功: config/master/prg1/cntrl.csv, 共67行
2025-11-01 19:42:10,393 - src.ui.main_window - WARNING - 从cntrl.csv获取参数类型失败: 'list' object has no attribute 'get'
2025-11-01 19:42:10,393 - src.data.csv_processor - INFO - CSV文件读取成功: config/master/prg1/load.csv, 共11行
2025-11-01 19:42:10,393 - src.ui.main_window - WARNING - 从load.csv获取参数类型失败: 'list' object has no attribute 'get'
2025-11-01 19:42:10,395 - src.data.csv_processor - INFO - CSV文件读取成功: config/master/prg1/cntrl.csv, 共67行
2025-11-01 19:42:10,395 - src.ui.main_window - WARNING - 从cntrl.csv获取参数类型失败: 'list' object has no attribute 'get'
2025-11-01 19:42:10,395 - src.data.csv_processor - INFO - CSV文件读取成功: config/master/prg1/load.csv, 共11行
2025-11-01 19:42:10,395 - src.ui.main_window - WARNING - 从load.csv获取参数类型失败: 'list' object has no attribute 'get'
2025-11-01 19:42:10,396 - src.data.csv_processor - INFO - CSV文件读取成功: config/master/prg1/cntrl.csv, 共67行
2025-11-01 19:42:10,396 - src.ui.main_window - WARNING - 从cntrl.csv获取参数类型失败: 'list' object has no attribute 'get'
2025-11-01 19:42:10,397 - src.data.csv_processor - INFO - CSV文件读取成功: config/master/prg1/load.csv, 共11行
2025-11-01 19:42:10,397 - src.ui.main_window - WARNING - 从load.csv获取参数类型失败: 'list' object has no attribute 'get'
2025-11-01 19:42:10,397 - src.data.csv_processor - INFO - CSV文件读取成功: config/master/prg1/cntrl.csv, 共67行
2025-11-01 19:42:10,397 - src.ui.main_window - WARNING - 从cntrl.csv获取参数类型失败: 'list' object has no attribute 'get'
2025-11-01 19:42:10,398 - src.data.csv_processor - INFO - CSV文件读取成功: config/master/prg1/load.csv, 共11行
2025-11-01 19:42:10,398 - src.ui.main_window - WARNING - 从load.csv获取参数类型失败: 'list' object has no attribute 'get'
2025-11-01 19:42:10,398 - src.data.csv_processor - INFO - CSV文件读取成功: config/master/prg1/cntrl.csv, 共67行
2025-11-01 19:42:10,398 - src.ui.main_window - WARNING - 从cntrl.csv获取参数类型失败: 'list' object has no attribute 'get'
2025-11-01 19:42:10,399 - src.data.csv_processor - INFO - CSV文件读取成功: config/master/prg1/load.csv, 共11行
2025-11-01 19:42:10,399 - src.ui.main_window - WARNING - 从load.csv获取参数类型失败: 'list' object has no attribute 'get'
2025-11-01 19:42:10,399 - src.data.csv_processor - INFO - CSV文件读取成功: config/master/prg1/cntrl.csv, 共67行
2025-11-01 19:42:10,399 - src.ui.main_window - WARNING - 从cntrl.csv获取参数类型失败: 'list' object has no attribute 'get'
2025-11-01 19:42:10,400 - src.data.csv_processor - INFO - CSV文件读取成功: config/master/prg1/load.csv, 共11行
2025-11-01 19:42:10,400 - src.ui.main_window - WARNING - 从load.csv获取参数类型失败: 'list' object has no attribute 'get'
2025-11-01 19:42:10,400 - src.data.csv_processor - INFO - CSV文件读取成功: config/master/prg1/cntrl.csv, 共67行
2025-11-01 19:42:10,400 - src.ui.main_window - WARNING - 从cntrl.csv获取参数类型失败: 'list' object has no attribute 'get'
2025-11-01 19:42:10,402 - src.data.csv_processor - INFO - CSV文件读取成功: config/master/prg1/load.csv, 共11行
2025-11-01 19:42:10,402 - src.ui.main_window - WARNING - 从load.csv获取参数类型失败: 'list' object has no attribute 'get'
2025-11-01 19:42:10,402 - src.data.csv_processor - INFO - CSV文件读取成功: config/master/prg1/cntrl.csv, 共67行
2025-11-01 19:42:10,402 - src.ui.main_window - WARNING - 从cntrl.csv获取参数类型失败: 'list' object has no attribute 'get'
2025-11-01 19:42:10,403 - src.data.csv_processor - INFO - CSV文件读取成功: config/master/prg1/load.csv, 共11行
2025-11-01 19:42:10,403 - src.ui.main_window - WARNING - 从load.csv获取参数类型失败: 'list' object has no attribute 'get'
2025-11-01 19:42:10,403 - src.data.csv_processor - INFO - CSV文件读取成功: config/master/prg1/cntrl.csv, 共67行
2025-11-01 19:42:10,404 - src.ui.main_window - WARNING - 从cntrl.csv获取参数类型失败: 'list' object has no attribute 'get'
2025-11-01 19:42:10,404 - src.data.csv_processor - INFO - CSV文件读取成功: config/master/prg1/load.csv, 共11行
2025-11-01 19:42:10,404 - src.ui.main_window - WARNING - 从load.csv获取参数类型失败: 'list' object has no attribute 'get'
2025-11-01 19:42:10,405 - src.data.csv_processor - INFO - CSV文件读取成功: config/master/prg1/cntrl.csv, 共67行
2025-11-01 19:42:10,405 - src.ui.main_window - WARNING - 从cntrl.csv获取参数类型失败: 'list' object has no attribute 'get'
2025-11-01 19:42:10,405 - src.data.csv_processor - INFO - CSV文件读取成功: config/master/prg1/load.csv, 共11行
2025-11-01 19:42:10,405 - src.ui.main_window - WARNING - 从load.csv获取参数类型失败: 'list' object has no attribute 'get'
2025-11-01 19:42:10,407 - src.data.csv_processor - INFO - CSV文件读取成功: config/master/prg1/cntrl.csv, 共67行
2025-11-01 19:42:10,407 - src.ui.main_window - WARNING - 从cntrl.csv获取参数类型失败: 'list' object has no attribute 'get'
2025-11-01 19:42:10,407 - src.data.csv_processor - INFO - CSV文件读取成功: config/master/prg1/load.csv, 共11行
2025-11-01 19:42:10,408 - src.ui.main_window - WARNING - 从load.csv获取参数类型失败: 'list' object has no attribute 'get'
2025-11-01 19:42:10,408 - src.data.csv_processor - INFO - CSV文件读取成功: config/master/prg1/cntrl.csv, 共67行
2025-11-01 19:42:10,408 - src.ui.main_window - WARNING - 从cntrl.csv获取参数类型失败: 'list' object has no attribute 'get'
2025-11-01 19:42:10,408 - src.data.csv_processor - INFO - CSV文件读取成功: config/master/prg1/load.csv, 共11行
2025-11-01 19:42:10,409 - src.ui.main_window - WARNING - 从load.csv获取参数类型失败: 'list' object has no attribute 'get'
2025-11-01 19:42:10,409 - src.data.csv_processor - INFO - CSV文件读取成功: config/master/prg1/cntrl.csv, 共67行
2025-11-01 19:42:10,409 - src.ui.main_window - WARNING - 从cntrl.csv获取参数类型失败: 'list' object has no attribute 'get'
2025-11-01 19:42:10,409 - src.data.csv_processor - INFO - CSV文件读取成功: config/master/prg1/load.csv, 共11行
2025-11-01 19:42:10,410 - src.ui.main_window - WARNING - 从load.csv获取参数类型失败: 'list' object has no attribute 'get'
2025-11-01 19:42:10,410 - src.data.csv_processor - INFO - CSV文件读取成功: config/master/prg1/cntrl.csv, 共67行
2025-11-01 19:42:10,410 - src.ui.main_window - WARNING - 从cntrl.csv获取参数类型失败: 'list' object has no attribute 'get'
2025-11-01 20:17:14,294 - src.communication.named_pipe - WARNING - 命名管道服务器未在运行
2025-11-01 20:17:14,294 - src.data.file_manager - INFO - 所有文件已关闭
2025-11-01 20:17:19,855 - DNCSystem - INFO - DNC Python 系统启动
2025-11-01 20:17:19,855 - src.data.csv_processor - INFO - CSV文件读取为字典成功: config\master\ini.csv, 共48行
2025-11-01 20:17:19,855 - src.core.config - INFO - 加载ini.csv配置: 48行
2025-11-01 20:17:19,855 - src.core.config - INFO - 处理配置项: DEFINE=TB_modelTextStringSize, VALUE=26
2025-11-01 20:17:19,855 - src.core.config - INFO - 处理配置项: DEFINE=TextStringSize, VALUE=24
2025-11-01 20:17:19,855 - src.core.config - INFO - 处理配置项: DEFINE=LabelStringSize, VALUE=16
2025-11-01 20:17:19,855 - src.core.config - INFO - 处理配置项: DEFINE=ButtnStringSize, VALUE=20
2025-11-01 20:17:19,860 - src.core.config - INFO - 处理配置项: DEFINE=TxtBorderStyle, VALUE=0
2025-11-01 20:17:19,860 - src.core.config - INFO - 处理配置项: DEFINE=DrawingFlg, VALUE=0
2025-11-01 20:17:19,860 - src.core.config - INFO - 处理配置项: DEFINE=DrawingBorderStype, VALUE=1
2025-11-01 20:17:19,860 - src.core.config - INFO - 处理配置项: DEFINE=DrawingWidth, VALUE=480
2025-11-01 20:17:19,860 - src.core.config - INFO - 处理配置项: DEFINE=DrawingHeight, VALUE=430
2025-11-01 20:17:19,860 - src.core.config - INFO - 处理配置项: DEFINE=WaitTime_AfterSend, VALUE=3
2025-11-01 20:17:19,860 - src.core.config - INFO - 处理配置项: DEFINE=WaitTime_TB_Focus, VALUE=1000
2025-11-01 20:17:19,861 - src.core.config - INFO - 处理配置项: DEFINE=TextMaxInputNum, VALUE=4
2025-11-01 20:17:19,861 - src.core.config - INFO - 处理配置项: DEFINE=BarCodeHeaderStrNum, VALUE=11
2025-11-01 20:17:19,861 - src.core.config - INFO - 设置条码头长度: 11
2025-11-01 20:17:19,862 - src.core.config - INFO - 处理配置项: DEFINE=onofftxt, VALUE=C:\macro\onoff.txt
2025-11-01 20:17:19,862 - src.core.config - INFO - 处理配置项: DEFINE=macrotxt, VALUE=C:\macro\macro.txt
2025-11-01 20:17:19,862 - src.core.config - INFO - 处理配置项: DEFINE=Btn_ChngPrm_text, VALUE=壛岺曽岦
2025-11-01 20:17:19,862 - src.core.config - INFO - 处理配置项: DEFINE=Btn_keyboard_text, VALUE=KeyBoard
2025-11-01 20:17:19,862 - src.core.config - INFO - 处理配置项: DEFINE=Btn_send_text, VALUE=
2025-11-01 20:17:19,862 - src.core.config - INFO - 处理配置项: DEFINE=TB_alart_text_machineON, VALUE=
2025-11-01 20:17:19,862 - src.core.config - INFO - 处理配置项: DEFINE=TB_alart_text_send, VALUE=
2025-11-01 20:17:19,863 - src.core.config - INFO - 处理配置项: DEFINE=MeasureValueLength, VALUE=4
2025-11-01 20:17:19,863 - src.core.config - INFO - 处理配置项: DEFINE=MeasureTextColor, VALUE=blue
2025-11-01 20:17:19,863 - src.core.config - INFO - 处理配置项: DEFINE=AutoSendFlg, VALUE=0
2025-11-01 20:17:19,863 - src.core.config - INFO - 处理配置项: DEFINE=Btn_add_text, VALUE=楢懕擖椡
2025-11-01 20:17:19,863 - src.core.config - INFO - 处理配置项: DEFINE=POInfoRecordFlg, VALUE=1
2025-11-01 20:17:19,863 - src.core.config - INFO - 处理配置项: DEFINE=POReadFlg, VALUE=0
2025-11-01 20:17:19,863 - src.core.config - INFO - 处理配置项: DEFINE=POAddress, VALUE=C:\macro\CCC.csv
2025-11-01 20:17:19,864 - src.core.config - INFO - 处理配置项: DEFINE=WorkInfoRecordFlg, VALUE=0
2025-11-01 20:17:19,864 - src.core.config - INFO - 处理配置项: DEFINE=Btn_chgOperator_text, VALUE=嶌嬈幰曄峏
2025-11-01 20:17:19,864 - src.core.config - INFO - 处理配置项: DEFINE=MachineID, VALUE=
2025-11-01 20:17:19,864 - src.core.config - INFO - 处理配置项: DEFINE=PRO_STATUS_CD, VALUE=
2025-11-01 20:17:19,864 - src.core.config - INFO - 处理配置项: DEFINE=PRO_S_STATUS_CD, VALUE=
2025-11-01 20:17:19,864 - src.core.config - INFO - 处理配置项: DEFINE=SendFileFormat, VALUE=1
2025-11-01 20:17:19,865 - src.core.config - INFO - 处理配置项: DEFINE=ScreenSizeRatio, VALUE=83
2025-11-01 20:17:19,865 - src.core.config - INFO - 处理配置项: DEFINE=commandtxt, VALUE=C:\macro\command.txt
2025-11-01 20:17:19,865 - src.core.config - INFO - 处理配置项: DEFINE=TopMacro, VALUE=500
2025-11-01 20:17:19,865 - src.core.config - INFO - 处理配置项: DEFINE=EndMacro, VALUE=600
2025-11-01 20:17:19,865 - src.core.config - INFO - 处理配置项: DEFINE=SmacroBrother, VALUE=C:\SBrotherNcSys\SBrotherNcSys.exe
2025-11-01 20:17:19,866 - src.core.config - INFO - 处理配置项: DEFINE=QRmode, VALUE=1
2025-11-01 20:17:19,866 - src.core.config - INFO - 设置QR模式: 1
2025-11-01 20:17:19,866 - src.core.config - INFO - 处理配置项: DEFINE=POplc, VALUE=1
2025-11-01 20:17:19,866 - src.core.config - INFO - 设置PO位置: 1
2025-11-01 20:17:19,867 - src.core.config - INFO - 处理配置项: DEFINE=MODELplc, VALUE=2
2025-11-01 20:17:19,867 - src.core.config - INFO - 设置型号位置: 2
2025-11-01 20:17:19,867 - src.core.config - INFO - 处理配置项: DEFINE=QTYplc, VALUE=3
2025-11-01 20:17:19,867 - src.core.config - INFO - 设置数量位置: 3
2025-11-01 20:17:19,867 - src.core.config - INFO - 处理配置项: DEFINE=QRspltStr, VALUE=@
2025-11-01 20:17:19,867 - src.core.config - INFO - 设置QR分隔符: @
2025-11-01 20:17:19,867 - src.core.config - INFO - 处理配置项: DEFINE=PrgAutoChangeFlg, VALUE=0
2025-11-01 20:17:19,867 - src.core.config - INFO - 处理配置项: DEFINE=MonitoringFolder, VALUE=
2025-11-01 20:17:19,867 - src.core.config - INFO - 处理配置项: DEFINE=DLWaitTime, VALUE=5000
2025-11-01 20:17:19,867 - src.core.config - INFO - 处理配置项: DEFINE=DecimalPlace, VALUE=2
2025-11-01 20:17:19,867 - src.core.config - INFO - 设置小数位数: 2
2025-11-01 20:17:19,867 - src.core.config - INFO - 处理配置项: DEFINE=UseFixedFilename, VALUE=0
2025-11-01 20:17:19,867 - src.core.config - INFO - 最终QR配置: qr_mode=1, model_place=2, split_str='@'
2025-11-01 20:17:19,869 - src.core.config - INFO - 配置加载成功
2025-11-01 20:17:19,869 - src.data.csv_processor - INFO - CSV文件读取为字典成功: config\master\ini.csv, 共48行
2025-11-01 20:17:19,871 - src.data.csv_processor - INFO - CSV文件读取为字典成功: config\master\ini.csv, 共48行
2025-11-01 20:17:19,871 - src.data.csv_processor - INFO - CSV文件读取为字典成功: config\master\header.csv, 共5行
2025-11-01 20:17:19,872 - src.data.csv_processor - INFO - CSV文件读取为字典成功: config\master\type_define.csv, 共9行
2025-11-01 20:17:19,872 - src.data.csv_processor - INFO - CSV文件读取为字典成功: config\master\type_relation.csv, 共0行
2025-11-01 20:17:19,872 - src.data.csv_processor - INFO - CSV文件读取为字典成功: config\master\type_chngvl.csv, 共0行
2025-11-01 20:17:19,873 - src.data.csv_processor - INFO - CSV文件读取为字典成功: config\master\type_prg.csv, 共9行
2025-11-01 20:17:19,873 - src.data.csv_processor - INFO - CSV文件读取为字典成功: config\master\prg.csv, 共2行
2025-11-01 20:17:19,887 - DNCSystem - INFO - DNC Python 系统初始化成功
2025-11-01 20:17:20,905 - src.ui.main_window - WARNING - 无法获取当前程序序列，使用默认目录
2025-11-01 20:17:20,933 - src.ui.main_window - INFO - 宏文件生成器初始化成功
2025-11-01 20:17:56,263 - src.ui.main_window - INFO - 参数已更新: {'basic': {'workpiece_name': '', 'workpiece_id': '', 'process_type': '铣削', 'precision': '普通'}, 'geometry': {'length': 0.0, 'width': 0.0, 'height': 0.0, 'diameter': 0.0, 'angle': 0.0}, 'process': {'spindle_speed': 0.0, 'feed_rate': 0.0, 'cut_depth': 0.0, 'cut_width': 0.0}, 'material': {'material_type': '碳钢', 'material_hardness': '软', 'material_strength': 0.0}, 'model': {'model_type': '自动识别', 'model_description': '123@GPA20GT15040_A-H8@4', 'current_model': None}}
2025-11-01 20:17:56,271 - src.data.csv_processor - INFO - CSV文件读取为字典成功: config\master\header.csv, 共5行
2025-11-01 20:17:56,272 - src.ui.main_window - INFO - 型号识别完成: {'model': 'GPA20GT15040_A-H8', 'qr_code': '123@GPA20GT15040_A-H8@4', 'po': '', 'quantity': '', 'recognition_mode': 'QR', 'confidence': 1.0, 'error_message': None}
2025-11-01 20:18:00,278 - src.ui.main_window - INFO - 转让按钮点击，参数: {'#1': '', '#2': '', '#3': '', '#4': '', '#5': '', '#6': '', '#7': '', '#8': '', '#9': '', '#10': '', '#11': 'defineBTC', '#12': 'defineTL', '#500': '', '#501': '1', '#502': '1', '#503': '关系1', '#504': '关系1', '#505': '', '#506': '', '#507': '', '#508': '选项1', '#509': '关系1', '#510': '关系1', '#511': '10.19', '#512': '9.68', '#513': '关系1', '#514': '', '#515': '', '#516': '关系1', '#517': '', '#518': '', '#519': '7', '#520': '', '#521': '', '#522': '关系1', '#523': '', '#524': '', '#525': '', '#526': '', '#527': '', '#528': '关系1', '#529': '', '#530': '', '#531': '', '#532': '', '#533': '', '#534': '', '#535': '', '#536': '', '#537': '', '#538': '', '#539': '', '#540': '', '#541': '', '#542': '', '#543': '', '#544': '', '#545': '关系1', '#546': '关系1', '#547': '关系1', '#548': '', '#549': '', '#550': '', '#602': False, '#603': '0', '#605': 'relationYSTA'}
2025-11-01 20:18:00,278 - src.ui.main_window - WARNING - 无法获取当前程序序列，使用默认目录
2025-11-01 20:18:00,278 - src.data.csv_processor - INFO - CSV文件读取成功: config\master\prg1\load.csv, 共11行
2025-11-01 20:18:00,278 - src.ui.main_window - WARNING - 从load.csv获取参数类型失败: 'list' object has no attribute 'get'
2025-11-01 20:18:00,278 - src.ui.main_window - WARNING - 无法获取当前程序序列，使用默认目录
2025-11-01 20:18:00,283 - src.data.csv_processor - INFO - CSV文件读取成功: config\master\prg1\cntrl.csv, 共67行
2025-11-01 20:18:00,283 - src.ui.main_window - WARNING - 从cntrl.csv获取参数类型失败: 'list' object has no attribute 'get'
2025-11-01 20:18:00,283 - src.ui.main_window - WARNING - 无法获取当前程序序列，使用默认目录
2025-11-01 20:18:00,283 - src.data.csv_processor - INFO - CSV文件读取成功: config\master\prg1\load.csv, 共11行
2025-11-01 20:18:00,283 - src.ui.main_window - WARNING - 从load.csv获取参数类型失败: 'list' object has no attribute 'get'
2025-11-01 20:18:00,283 - src.ui.main_window - WARNING - 无法获取当前程序序列，使用默认目录
2025-11-01 20:18:00,283 - src.data.csv_processor - INFO - CSV文件读取成功: config\master\prg1\cntrl.csv, 共67行
2025-11-01 20:18:00,283 - src.ui.main_window - WARNING - 从cntrl.csv获取参数类型失败: 'list' object has no attribute 'get'
2025-11-01 20:18:00,283 - src.ui.main_window - WARNING - 无法获取当前程序序列，使用默认目录
2025-11-01 20:18:00,283 - src.data.csv_processor - INFO - CSV文件读取成功: config\master\prg1\load.csv, 共11行
2025-11-01 20:18:00,283 - src.ui.main_window - WARNING - 从load.csv获取参数类型失败: 'list' object has no attribute 'get'
2025-11-01 20:18:00,283 - src.ui.main_window - WARNING - 无法获取当前程序序列，使用默认目录
2025-11-01 20:18:00,283 - src.data.csv_processor - INFO - CSV文件读取成功: config\master\prg1\cntrl.csv, 共67行
2025-11-01 20:18:00,283 - src.ui.main_window - WARNING - 从cntrl.csv获取参数类型失败: 'list' object has no attribute 'get'
2025-11-01 20:18:00,283 - src.ui.main_window - WARNING - 无法获取当前程序序列，使用默认目录
2025-11-01 20:18:00,283 - src.data.csv_processor - INFO - CSV文件读取成功: config\master\prg1\load.csv, 共11行
2025-11-01 20:18:00,283 - src.ui.main_window - WARNING - 从load.csv获取参数类型失败: 'list' object has no attribute 'get'
2025-11-01 20:18:00,289 - src.ui.main_window - WARNING - 无法获取当前程序序列，使用默认目录
2025-11-01 20:18:00,289 - src.data.csv_processor - INFO - CSV文件读取成功: config\master\prg1\cntrl.csv, 共67行
2025-11-01 20:18:00,289 - src.ui.main_window - WARNING - 从cntrl.csv获取参数类型失败: 'list' object has no attribute 'get'
2025-11-01 20:18:00,290 - src.ui.main_window - WARNING - 无法获取当前程序序列，使用默认目录
2025-11-01 20:18:00,290 - src.data.csv_processor - INFO - CSV文件读取成功: config\master\prg1\load.csv, 共11行
2025-11-01 20:18:00,291 - src.ui.main_window - WARNING - 从load.csv获取参数类型失败: 'list' object has no attribute 'get'
2025-11-01 20:18:00,291 - src.ui.main_window - WARNING - 无法获取当前程序序列，使用默认目录
2025-11-01 20:18:00,291 - src.data.csv_processor - INFO - CSV文件读取成功: config\master\prg1\cntrl.csv, 共67行
2025-11-01 20:18:00,291 - src.ui.main_window - WARNING - 从cntrl.csv获取参数类型失败: 'list' object has no attribute 'get'
2025-11-01 20:18:00,291 - src.ui.main_window - WARNING - 无法获取当前程序序列，使用默认目录
2025-11-01 20:18:00,291 - src.data.csv_processor - INFO - CSV文件读取成功: config\master\prg1\load.csv, 共11行
2025-11-01 20:18:00,291 - src.ui.main_window - WARNING - 从load.csv获取参数类型失败: 'list' object has no attribute 'get'
2025-11-01 20:18:00,291 - src.ui.main_window - WARNING - 无法获取当前程序序列，使用默认目录
2025-11-01 20:18:00,291 - src.data.csv_processor - INFO - CSV文件读取成功: config\master\prg1\cntrl.csv, 共67行
2025-11-01 20:18:00,291 - src.ui.main_window - WARNING - 从cntrl.csv获取参数类型失败: 'list' object has no attribute 'get'
2025-11-01 20:18:00,291 - src.ui.main_window - WARNING - 无法获取当前程序序列，使用默认目录
2025-11-01 20:18:00,291 - src.data.csv_processor - INFO - CSV文件读取成功: config\master\prg1\load.csv, 共11行
2025-11-01 20:18:00,291 - src.ui.main_window - WARNING - 从load.csv获取参数类型失败: 'list' object has no attribute 'get'
2025-11-01 20:18:00,291 - src.ui.main_window - WARNING - 无法获取当前程序序列，使用默认目录
2025-11-01 20:18:00,291 - src.data.csv_processor - INFO - CSV文件读取成功: config\master\prg1\cntrl.csv, 共67行
2025-11-01 20:18:00,291 - src.ui.main_window - WARNING - 从cntrl.csv获取参数类型失败: 'list' object has no attribute 'get'
2025-11-01 20:18:00,291 - src.ui.main_window - WARNING - 无法获取当前程序序列，使用默认目录
2025-11-01 20:18:00,291 - src.data.csv_processor - INFO - CSV文件读取成功: config\master\prg1\load.csv, 共11行
2025-11-01 20:18:00,291 - src.ui.main_window - WARNING - 从load.csv获取参数类型失败: 'list' object has no attribute 'get'
2025-11-01 20:18:00,291 - src.ui.main_window - WARNING - 无法获取当前程序序列，使用默认目录
2025-11-01 20:18:00,298 - src.data.csv_processor - INFO - CSV文件读取成功: config\master\prg1\cntrl.csv, 共67行
2025-11-01 20:18:00,298 - src.ui.main_window - WARNING - 从cntrl.csv获取参数类型失败: 'list' object has no attribute 'get'
2025-11-01 20:18:00,298 - src.ui.main_window - WARNING - 无法获取当前程序序列，使用默认目录
2025-11-01 20:18:00,298 - src.data.csv_processor - INFO - CSV文件读取成功: config\master\prg1\load.csv, 共11行
2025-11-01 20:18:00,299 - src.ui.main_window - WARNING - 从load.csv获取参数类型失败: 'list' object has no attribute 'get'
2025-11-01 20:18:00,299 - src.ui.main_window - WARNING - 无法获取当前程序序列，使用默认目录
2025-11-01 20:18:00,299 - src.data.csv_processor - INFO - CSV文件读取成功: config\master\prg1\cntrl.csv, 共67行
2025-11-01 20:18:00,299 - src.ui.main_window - WARNING - 从cntrl.csv获取参数类型失败: 'list' object has no attribute 'get'
2025-11-01 20:18:00,299 - src.ui.main_window - WARNING - 无法获取当前程序序列，使用默认目录
2025-11-01 20:18:00,300 - src.data.csv_processor - INFO - CSV文件读取成功: config\master\prg1\load.csv, 共11行
2025-11-01 20:18:00,300 - src.ui.main_window - WARNING - 从load.csv获取参数类型失败: 'list' object has no attribute 'get'
2025-11-01 20:18:00,300 - src.ui.main_window - WARNING - 无法获取当前程序序列，使用默认目录
2025-11-01 20:18:00,300 - src.data.csv_processor - INFO - CSV文件读取成功: config\master\prg1\cntrl.csv, 共67行
2025-11-01 20:18:00,300 - src.ui.main_window - WARNING - 从cntrl.csv获取参数类型失败: 'list' object has no attribute 'get'
2025-11-01 20:18:00,300 - src.ui.main_window - WARNING - 无法获取当前程序序列，使用默认目录
2025-11-01 20:18:00,302 - src.data.csv_processor - INFO - CSV文件读取成功: config\master\prg1\load.csv, 共11行
2025-11-01 20:18:00,302 - src.ui.main_window - WARNING - 从load.csv获取参数类型失败: 'list' object has no attribute 'get'
2025-11-01 20:18:00,302 - src.ui.main_window - WARNING - 无法获取当前程序序列，使用默认目录
2025-11-01 20:18:00,302 - src.data.csv_processor - INFO - CSV文件读取成功: config\master\prg1\cntrl.csv, 共67行
2025-11-01 20:18:00,302 - src.ui.main_window - WARNING - 从cntrl.csv获取参数类型失败: 'list' object has no attribute 'get'
2025-11-01 20:18:00,302 - src.ui.main_window - WARNING - 无法获取当前程序序列，使用默认目录
2025-11-01 20:18:00,302 - src.data.csv_processor - INFO - CSV文件读取成功: config\master\prg1\load.csv, 共11行
2025-11-01 20:18:00,302 - src.ui.main_window - WARNING - 从load.csv获取参数类型失败: 'list' object has no attribute 'get'
2025-11-01 20:18:00,302 - src.ui.main_window - WARNING - 无法获取当前程序序列，使用默认目录
2025-11-01 20:18:00,302 - src.data.csv_processor - INFO - CSV文件读取成功: config\master\prg1\cntrl.csv, 共67行
2025-11-01 20:18:00,302 - src.ui.main_window - WARNING - 从cntrl.csv获取参数类型失败: 'list' object has no attribute 'get'
2025-11-01 20:18:00,304 - src.ui.main_window - WARNING - 无法获取当前程序序列，使用默认目录
2025-11-01 20:18:00,305 - src.data.csv_processor - INFO - CSV文件读取成功: config\master\prg1\load.csv, 共11行
2025-11-01 20:18:00,305 - src.ui.main_window - WARNING - 从load.csv获取参数类型失败: 'list' object has no attribute 'get'
2025-11-01 20:18:00,305 - src.ui.main_window - WARNING - 无法获取当前程序序列，使用默认目录
2025-11-01 20:18:00,305 - src.data.csv_processor - INFO - CSV文件读取成功: config\master\prg1\cntrl.csv, 共67行
2025-11-01 20:18:00,306 - src.ui.main_window - WARNING - 从cntrl.csv获取参数类型失败: 'list' object has no attribute 'get'
2025-11-01 20:18:00,306 - src.ui.main_window - WARNING - 无法获取当前程序序列，使用默认目录
2025-11-01 20:18:00,306 - src.data.csv_processor - INFO - CSV文件读取成功: config\master\prg1\load.csv, 共11行
2025-11-01 20:18:00,306 - src.ui.main_window - WARNING - 从load.csv获取参数类型失败: 'list' object has no attribute 'get'
2025-11-01 20:18:00,306 - src.ui.main_window - WARNING - 无法获取当前程序序列，使用默认目录
2025-11-01 20:18:00,307 - src.data.csv_processor - INFO - CSV文件读取成功: config\master\prg1\cntrl.csv, 共67行
2025-11-01 20:18:00,307 - src.ui.main_window - WARNING - 从cntrl.csv获取参数类型失败: 'list' object has no attribute 'get'
2025-11-01 20:18:00,307 - src.ui.main_window - WARNING - 无法获取当前程序序列，使用默认目录
2025-11-01 20:18:00,307 - src.data.csv_processor - INFO - CSV文件读取成功: config\master\prg1\load.csv, 共11行
2025-11-01 20:18:00,307 - src.ui.main_window - WARNING - 从load.csv获取参数类型失败: 'list' object has no attribute 'get'
2025-11-01 20:18:00,307 - src.ui.main_window - WARNING - 无法获取当前程序序列，使用默认目录
2025-11-01 20:18:00,307 - src.data.csv_processor - INFO - CSV文件读取成功: config\master\prg1\cntrl.csv, 共67行
2025-11-01 20:18:00,307 - src.ui.main_window - WARNING - 从cntrl.csv获取参数类型失败: 'list' object has no attribute 'get'
2025-11-01 20:18:00,308 - src.ui.main_window - WARNING - 无法获取当前程序序列，使用默认目录
2025-11-01 20:18:00,308 - src.data.csv_processor - INFO - CSV文件读取成功: config\master\prg1\load.csv, 共11行
2025-11-01 20:18:00,308 - src.ui.main_window - WARNING - 从load.csv获取参数类型失败: 'list' object has no attribute 'get'
2025-11-01 20:18:00,308 - src.ui.main_window - WARNING - 无法获取当前程序序列，使用默认目录
2025-11-01 20:18:00,308 - src.data.csv_processor - INFO - CSV文件读取成功: config\master\prg1\cntrl.csv, 共67行
2025-11-01 20:18:00,308 - src.ui.main_window - WARNING - 从cntrl.csv获取参数类型失败: 'list' object has no attribute 'get'
2025-11-01 20:18:00,308 - src.ui.main_window - WARNING - 无法获取当前程序序列，使用默认目录
2025-11-01 20:18:00,308 - src.data.csv_processor - INFO - CSV文件读取成功: config\master\prg1\load.csv, 共11行
2025-11-01 20:18:00,308 - src.ui.main_window - WARNING - 从load.csv获取参数类型失败: 'list' object has no attribute 'get'
2025-11-01 20:18:00,308 - src.ui.main_window - WARNING - 无法获取当前程序序列，使用默认目录
2025-11-01 20:18:00,308 - src.data.csv_processor - INFO - CSV文件读取成功: config\master\prg1\cntrl.csv, 共67行
2025-11-01 20:18:00,308 - src.ui.main_window - WARNING - 从cntrl.csv获取参数类型失败: 'list' object has no attribute 'get'
2025-11-01 20:18:00,308 - src.ui.main_window - WARNING - 无法获取当前程序序列，使用默认目录
2025-11-01 20:18:00,308 - src.data.csv_processor - INFO - CSV文件读取成功: config\master\prg1\load.csv, 共11行
2025-11-01 20:18:00,308 - src.ui.main_window - WARNING - 从load.csv获取参数类型失败: 'list' object has no attribute 'get'
2025-11-01 20:18:00,308 - src.ui.main_window - WARNING - 无法获取当前程序序列，使用默认目录
2025-11-01 20:18:00,308 - src.data.csv_processor - INFO - CSV文件读取成功: config\master\prg1\cntrl.csv, 共67行
2025-11-01 20:18:00,308 - src.ui.main_window - WARNING - 从cntrl.csv获取参数类型失败: 'list' object has no attribute 'get'
2025-11-01 20:18:00,308 - src.ui.main_window - WARNING - 无法获取当前程序序列，使用默认目录
2025-11-01 20:18:00,308 - src.data.csv_processor - INFO - CSV文件读取成功: config\master\prg1\load.csv, 共11行
2025-11-01 20:18:00,308 - src.ui.main_window - WARNING - 从load.csv获取参数类型失败: 'list' object has no attribute 'get'
2025-11-01 20:18:00,312 - src.ui.main_window - WARNING - 无法获取当前程序序列，使用默认目录
2025-11-01 20:18:00,312 - src.data.csv_processor - INFO - CSV文件读取成功: config\master\prg1\cntrl.csv, 共67行
2025-11-01 20:18:00,313 - src.ui.main_window - WARNING - 从cntrl.csv获取参数类型失败: 'list' object has no attribute 'get'
2025-11-01 20:18:00,313 - src.ui.main_window - WARNING - 无法获取当前程序序列，使用默认目录
2025-11-01 20:18:00,313 - src.data.csv_processor - INFO - CSV文件读取成功: config\master\prg1\load.csv, 共11行
2025-11-01 20:18:00,313 - src.ui.main_window - WARNING - 从load.csv获取参数类型失败: 'list' object has no attribute 'get'
2025-11-01 20:18:00,314 - src.ui.main_window - WARNING - 无法获取当前程序序列，使用默认目录
2025-11-01 20:18:00,314 - src.data.csv_processor - INFO - CSV文件读取成功: config\master\prg1\cntrl.csv, 共67行
2025-11-01 20:18:00,314 - src.ui.main_window - WARNING - 从cntrl.csv获取参数类型失败: 'list' object has no attribute 'get'
2025-11-01 20:18:00,314 - src.ui.main_window - WARNING - 无法获取当前程序序列，使用默认目录
2025-11-01 20:18:00,315 - src.data.csv_processor - INFO - CSV文件读取成功: config\master\prg1\load.csv, 共11行
2025-11-01 20:18:00,315 - src.ui.main_window - WARNING - 从load.csv获取参数类型失败: 'list' object has no attribute 'get'
2025-11-01 20:18:00,315 - src.ui.main_window - WARNING - 无法获取当前程序序列，使用默认目录
2025-11-01 20:18:00,315 - src.data.csv_processor - INFO - CSV文件读取成功: config\master\prg1\cntrl.csv, 共67行
2025-11-01 20:18:00,316 - src.ui.main_window - WARNING - 从cntrl.csv获取参数类型失败: 'list' object has no attribute 'get'
2025-11-01 20:18:00,316 - src.ui.main_window - WARNING - 无法获取当前程序序列，使用默认目录
2025-11-01 20:18:00,316 - src.data.csv_processor - INFO - CSV文件读取成功: config\master\prg1\load.csv, 共11行
2025-11-01 20:18:00,316 - src.ui.main_window - WARNING - 从load.csv获取参数类型失败: 'list' object has no attribute 'get'
2025-11-01 20:18:00,316 - src.ui.main_window - WARNING - 无法获取当前程序序列，使用默认目录
2025-11-01 20:18:00,316 - src.data.csv_processor - INFO - CSV文件读取成功: config\master\prg1\cntrl.csv, 共67行
2025-11-01 20:18:00,316 - src.ui.main_window - WARNING - 从cntrl.csv获取参数类型失败: 'list' object has no attribute 'get'
2025-11-01 20:18:00,316 - src.ui.main_window - WARNING - 无法获取当前程序序列，使用默认目录
2025-11-01 20:18:00,316 - src.data.csv_processor - INFO - CSV文件读取成功: config\master\prg1\load.csv, 共11行
2025-11-01 20:18:00,316 - src.ui.main_window - WARNING - 从load.csv获取参数类型失败: 'list' object has no attribute 'get'
2025-11-01 20:18:00,316 - src.ui.main_window - WARNING - 无法获取当前程序序列，使用默认目录
2025-11-01 20:18:00,316 - src.data.csv_processor - INFO - CSV文件读取成功: config\master\prg1\cntrl.csv, 共67行
2025-11-01 20:18:00,316 - src.ui.main_window - WARNING - 从cntrl.csv获取参数类型失败: 'list' object has no attribute 'get'
2025-11-01 20:18:00,316 - src.ui.main_window - WARNING - 无法获取当前程序序列，使用默认目录
2025-11-01 20:18:00,316 - src.data.csv_processor - INFO - CSV文件读取成功: config\master\prg1\load.csv, 共11行
2025-11-01 20:18:00,316 - src.ui.main_window - WARNING - 从load.csv获取参数类型失败: 'list' object has no attribute 'get'
2025-11-01 20:18:00,316 - src.ui.main_window - WARNING - 无法获取当前程序序列，使用默认目录
2025-11-01 20:18:00,316 - src.data.csv_processor - INFO - CSV文件读取成功: config\master\prg1\cntrl.csv, 共67行
2025-11-01 20:18:00,316 - src.ui.main_window - WARNING - 从cntrl.csv获取参数类型失败: 'list' object has no attribute 'get'
2025-11-01 20:18:00,316 - src.ui.main_window - WARNING - 无法获取当前程序序列，使用默认目录
2025-11-01 20:18:00,316 - src.data.csv_processor - INFO - CSV文件读取成功: config\master\prg1\load.csv, 共11行
2025-11-01 20:18:00,316 - src.ui.main_window - WARNING - 从load.csv获取参数类型失败: 'list' object has no attribute 'get'
2025-11-01 20:18:00,316 - src.ui.main_window - WARNING - 无法获取当前程序序列，使用默认目录
2025-11-01 20:18:00,316 - src.data.csv_processor - INFO - CSV文件读取成功: config\master\prg1\cntrl.csv, 共67行
2025-11-01 20:18:00,316 - src.ui.main_window - WARNING - 从cntrl.csv获取参数类型失败: 'list' object has no attribute 'get'
2025-11-01 20:18:00,316 - src.ui.main_window - WARNING - 无法获取当前程序序列，使用默认目录
2025-11-01 20:18:00,316 - src.data.csv_processor - INFO - CSV文件读取成功: config\master\prg1\load.csv, 共11行
2025-11-01 20:18:00,316 - src.ui.main_window - WARNING - 从load.csv获取参数类型失败: 'list' object has no attribute 'get'
2025-11-01 20:18:00,322 - src.ui.main_window - WARNING - 无法获取当前程序序列，使用默认目录
2025-11-01 20:18:00,322 - src.data.csv_processor - INFO - CSV文件读取成功: config\master\prg1\cntrl.csv, 共67行
2025-11-01 20:18:00,322 - src.ui.main_window - WARNING - 从cntrl.csv获取参数类型失败: 'list' object has no attribute 'get'
2025-11-01 20:18:00,322 - src.ui.main_window - WARNING - 无法获取当前程序序列，使用默认目录
2025-11-01 20:18:00,322 - src.data.csv_processor - INFO - CSV文件读取成功: config\master\prg1\load.csv, 共11行
2025-11-01 20:18:00,322 - src.ui.main_window - WARNING - 从load.csv获取参数类型失败: 'list' object has no attribute 'get'
2025-11-01 20:18:00,324 - src.ui.main_window - WARNING - 无法获取当前程序序列，使用默认目录
2025-11-01 20:18:00,324 - src.data.csv_processor - INFO - CSV文件读取成功: config\master\prg1\cntrl.csv, 共67行
2025-11-01 20:18:00,324 - src.ui.main_window - WARNING - 从cntrl.csv获取参数类型失败: 'list' object has no attribute 'get'
2025-11-01 20:18:00,324 - src.ui.main_window - WARNING - 无法获取当前程序序列，使用默认目录
2025-11-01 20:18:00,324 - src.data.csv_processor - INFO - CSV文件读取成功: config\master\prg1\load.csv, 共11行
2025-11-01 20:18:00,325 - src.ui.main_window - WARNING - 从load.csv获取参数类型失败: 'list' object has no attribute 'get'
2025-11-01 20:18:00,325 - src.ui.main_window - WARNING - 无法获取当前程序序列，使用默认目录
2025-11-01 20:18:00,325 - src.data.csv_processor - INFO - CSV文件读取成功: config\master\prg1\cntrl.csv, 共67行
2025-11-01 20:18:00,325 - src.ui.main_window - WARNING - 从cntrl.csv获取参数类型失败: 'list' object has no attribute 'get'
2025-11-01 20:18:00,325 - src.ui.main_window - WARNING - 无法获取当前程序序列，使用默认目录
2025-11-01 20:18:00,326 - src.data.csv_processor - INFO - CSV文件读取成功: config\master\prg1\load.csv, 共11行
2025-11-01 20:18:00,326 - src.ui.main_window - WARNING - 从load.csv获取参数类型失败: 'list' object has no attribute 'get'
2025-11-01 20:18:00,326 - src.ui.main_window - WARNING - 无法获取当前程序序列，使用默认目录
2025-11-01 20:18:00,326 - src.data.csv_processor - INFO - CSV文件读取成功: config\master\prg1\cntrl.csv, 共67行
2025-11-01 20:18:00,326 - src.ui.main_window - WARNING - 从cntrl.csv获取参数类型失败: 'list' object has no attribute 'get'
2025-11-01 20:18:00,326 - src.ui.main_window - WARNING - 无法获取当前程序序列，使用默认目录
2025-11-01 20:18:00,326 - src.data.csv_processor - INFO - CSV文件读取成功: config\master\prg1\load.csv, 共11行
2025-11-01 20:18:00,326 - src.ui.main_window - WARNING - 从load.csv获取参数类型失败: 'list' object has no attribute 'get'
2025-11-01 20:18:00,326 - src.ui.main_window - WARNING - 无法获取当前程序序列，使用默认目录
2025-11-01 20:18:00,326 - src.data.csv_processor - INFO - CSV文件读取成功: config\master\prg1\cntrl.csv, 共67行
2025-11-01 20:18:00,326 - src.ui.main_window - WARNING - 从cntrl.csv获取参数类型失败: 'list' object has no attribute 'get'
2025-11-01 20:18:00,326 - src.ui.main_window - WARNING - 无法获取当前程序序列，使用默认目录
2025-11-01 20:18:00,326 - src.data.csv_processor - INFO - CSV文件读取成功: config\master\prg1\load.csv, 共11行
2025-11-01 20:18:00,326 - src.ui.main_window - WARNING - 从load.csv获取参数类型失败: 'list' object has no attribute 'get'
2025-11-01 20:18:00,326 - src.ui.main_window - WARNING - 无法获取当前程序序列，使用默认目录
2025-11-01 20:18:00,326 - src.data.csv_processor - INFO - CSV文件读取成功: config\master\prg1\cntrl.csv, 共67行
2025-11-01 20:18:00,329 - src.ui.main_window - WARNING - 从cntrl.csv获取参数类型失败: 'list' object has no attribute 'get'
2025-11-01 20:18:00,329 - src.ui.main_window - WARNING - 无法获取当前程序序列，使用默认目录
2025-11-01 20:18:00,329 - src.data.csv_processor - INFO - CSV文件读取成功: config\master\prg1\load.csv, 共11行
2025-11-01 20:18:00,329 - src.ui.main_window - WARNING - 从load.csv获取参数类型失败: 'list' object has no attribute 'get'
2025-11-01 20:18:00,329 - src.ui.main_window - WARNING - 无法获取当前程序序列，使用默认目录
2025-11-01 20:18:00,329 - src.data.csv_processor - INFO - CSV文件读取成功: config\master\prg1\cntrl.csv, 共67行
2025-11-01 20:18:00,329 - src.ui.main_window - WARNING - 从cntrl.csv获取参数类型失败: 'list' object has no attribute 'get'
2025-11-01 20:18:00,329 - src.ui.main_window - WARNING - 无法获取当前程序序列，使用默认目录
2025-11-01 20:18:00,329 - src.data.csv_processor - INFO - CSV文件读取成功: config\master\prg1\load.csv, 共11行
2025-11-01 20:18:00,329 - src.ui.main_window - WARNING - 从load.csv获取参数类型失败: 'list' object has no attribute 'get'
2025-11-01 20:18:00,329 - src.ui.main_window - WARNING - 无法获取当前程序序列，使用默认目录
2025-11-01 20:18:00,331 - src.data.csv_processor - INFO - CSV文件读取成功: config\master\prg1\cntrl.csv, 共67行
2025-11-01 20:18:00,331 - src.ui.main_window - WARNING - 从cntrl.csv获取参数类型失败: 'list' object has no attribute 'get'
2025-11-01 20:18:00,331 - src.ui.main_window - WARNING - 无法获取当前程序序列，使用默认目录
2025-11-01 20:18:00,331 - src.data.csv_processor - INFO - CSV文件读取成功: config\master\prg1\load.csv, 共11行
2025-11-01 20:18:00,331 - src.ui.main_window - WARNING - 从load.csv获取参数类型失败: 'list' object has no attribute 'get'
2025-11-01 20:18:00,331 - src.ui.main_window - WARNING - 无法获取当前程序序列，使用默认目录
2025-11-01 20:18:00,332 - src.data.csv_processor - INFO - CSV文件读取成功: config\master\prg1\cntrl.csv, 共67行
2025-11-01 20:18:00,333 - src.ui.main_window - WARNING - 从cntrl.csv获取参数类型失败: 'list' object has no attribute 'get'
2025-11-01 20:18:00,333 - src.ui.main_window - WARNING - 无法获取当前程序序列，使用默认目录
2025-11-01 20:18:00,333 - src.data.csv_processor - INFO - CSV文件读取成功: config\master\prg1\load.csv, 共11行
2025-11-01 20:18:00,333 - src.ui.main_window - WARNING - 从load.csv获取参数类型失败: 'list' object has no attribute 'get'
2025-11-01 20:18:00,333 - src.ui.main_window - WARNING - 无法获取当前程序序列，使用默认目录
2025-11-01 20:18:00,334 - src.data.csv_processor - INFO - CSV文件读取成功: config\master\prg1\cntrl.csv, 共67行
2025-11-01 20:18:00,334 - src.ui.main_window - WARNING - 从cntrl.csv获取参数类型失败: 'list' object has no attribute 'get'
2025-11-01 20:18:00,334 - src.ui.main_window - WARNING - 无法获取当前程序序列，使用默认目录
2025-11-01 20:18:00,334 - src.data.csv_processor - INFO - CSV文件读取成功: config\master\prg1\load.csv, 共11行
2025-11-01 20:18:00,335 - src.ui.main_window - WARNING - 从load.csv获取参数类型失败: 'list' object has no attribute 'get'
2025-11-01 20:18:00,335 - src.ui.main_window - WARNING - 无法获取当前程序序列，使用默认目录
2025-11-01 20:18:00,335 - src.data.csv_processor - INFO - CSV文件读取成功: config\master\prg1\cntrl.csv, 共67行
2025-11-01 20:18:00,335 - src.ui.main_window - WARNING - 从cntrl.csv获取参数类型失败: 'list' object has no attribute 'get'
2025-11-01 20:18:00,335 - src.ui.main_window - WARNING - 无法获取当前程序序列，使用默认目录
2025-11-01 20:18:00,336 - src.data.csv_processor - INFO - CSV文件读取成功: config\master\prg1\load.csv, 共11行
2025-11-01 20:18:00,336 - src.ui.main_window - WARNING - 从load.csv获取参数类型失败: 'list' object has no attribute 'get'
2025-11-01 20:18:00,336 - src.ui.main_window - WARNING - 无法获取当前程序序列，使用默认目录
2025-11-01 20:18:00,336 - src.data.csv_processor - INFO - CSV文件读取成功: config\master\prg1\cntrl.csv, 共67行
2025-11-01 20:18:00,336 - src.ui.main_window - WARNING - 从cntrl.csv获取参数类型失败: 'list' object has no attribute 'get'
2025-11-01 20:18:00,336 - src.ui.main_window - WARNING - 无法获取当前程序序列，使用默认目录
2025-11-01 20:18:00,337 - src.data.csv_processor - INFO - CSV文件读取成功: config\master\prg1\load.csv, 共11行
2025-11-01 20:18:00,337 - src.ui.main_window - WARNING - 从load.csv获取参数类型失败: 'list' object has no attribute 'get'
2025-11-01 20:18:00,337 - src.ui.main_window - WARNING - 无法获取当前程序序列，使用默认目录
2025-11-01 20:18:00,337 - src.data.csv_processor - INFO - CSV文件读取成功: config\master\prg1\cntrl.csv, 共67行
2025-11-01 20:18:00,337 - src.ui.main_window - WARNING - 从cntrl.csv获取参数类型失败: 'list' object has no attribute 'get'
2025-11-01 20:18:00,337 - src.ui.main_window - WARNING - 无法获取当前程序序列，使用默认目录
2025-11-01 20:18:00,339 - src.data.csv_processor - INFO - CSV文件读取成功: config\master\prg1\load.csv, 共11行
2025-11-01 20:18:00,339 - src.ui.main_window - WARNING - 从load.csv获取参数类型失败: 'list' object has no attribute 'get'
2025-11-01 20:18:00,339 - src.ui.main_window - WARNING - 无法获取当前程序序列，使用默认目录
2025-11-01 20:18:00,339 - src.data.csv_processor - INFO - CSV文件读取成功: config\master\prg1\cntrl.csv, 共67行
2025-11-01 20:18:00,339 - src.ui.main_window - WARNING - 从cntrl.csv获取参数类型失败: 'list' object has no attribute 'get'
2025-11-01 20:18:00,339 - src.ui.main_window - WARNING - 无法获取当前程序序列，使用默认目录
2025-11-01 20:18:00,339 - src.data.csv_processor - INFO - CSV文件读取成功: config\master\prg1\load.csv, 共11行
2025-11-01 20:18:00,339 - src.ui.main_window - WARNING - 从load.csv获取参数类型失败: 'list' object has no attribute 'get'
2025-11-01 20:18:00,339 - src.ui.main_window - WARNING - 无法获取当前程序序列，使用默认目录
2025-11-01 20:18:00,339 - src.data.csv_processor - INFO - CSV文件读取成功: config\master\prg1\cntrl.csv, 共67行
2025-11-01 20:18:00,339 - src.ui.main_window - WARNING - 从cntrl.csv获取参数类型失败: 'list' object has no attribute 'get'
2025-11-01 20:18:00,339 - src.ui.main_window - WARNING - 无法获取当前程序序列，使用默认目录
2025-11-01 20:18:00,339 - src.data.csv_processor - INFO - CSV文件读取成功: config\master\prg1\load.csv, 共11行
2025-11-01 20:18:00,339 - src.ui.main_window - WARNING - 从load.csv获取参数类型失败: 'list' object has no attribute 'get'
2025-11-01 20:18:00,339 - src.ui.main_window - WARNING - 无法获取当前程序序列，使用默认目录
2025-11-01 20:18:00,339 - src.data.csv_processor - INFO - CSV文件读取成功: config\master\prg1\cntrl.csv, 共67行
2025-11-01 20:18:00,339 - src.ui.main_window - WARNING - 从cntrl.csv获取参数类型失败: 'list' object has no attribute 'get'
2025-11-01 20:18:00,339 - src.ui.main_window - WARNING - 无法获取当前程序序列，使用默认目录
2025-11-01 20:18:00,339 - src.data.csv_processor - INFO - CSV文件读取成功: config\master\prg1\load.csv, 共11行
2025-11-01 20:18:00,339 - src.ui.main_window - WARNING - 从load.csv获取参数类型失败: 'list' object has no attribute 'get'
2025-11-01 20:18:00,339 - src.ui.main_window - WARNING - 无法获取当前程序序列，使用默认目录
2025-11-01 20:18:00,339 - src.data.csv_processor - INFO - CSV文件读取成功: config\master\prg1\cntrl.csv, 共67行
2025-11-01 20:18:00,339 - src.ui.main_window - WARNING - 从cntrl.csv获取参数类型失败: 'list' object has no attribute 'get'
2025-11-01 20:18:00,339 - src.ui.main_window - WARNING - 无法获取当前程序序列，使用默认目录
2025-11-01 20:18:00,343 - src.data.csv_processor - INFO - CSV文件读取成功: config\master\prg1\load.csv, 共11行
2025-11-01 20:18:00,343 - src.ui.main_window - WARNING - 从load.csv获取参数类型失败: 'list' object has no attribute 'get'
2025-11-01 20:18:00,343 - src.ui.main_window - WARNING - 无法获取当前程序序列，使用默认目录
2025-11-01 20:18:00,343 - src.data.csv_processor - INFO - CSV文件读取成功: config\master\prg1\cntrl.csv, 共67行
2025-11-01 20:18:00,343 - src.ui.main_window - WARNING - 从cntrl.csv获取参数类型失败: 'list' object has no attribute 'get'
2025-11-01 20:18:00,343 - src.ui.main_window - WARNING - 无法获取当前程序序列，使用默认目录
2025-11-01 20:18:00,344 - src.data.csv_processor - INFO - CSV文件读取成功: config\master\prg1\load.csv, 共11行
2025-11-01 20:18:00,344 - src.ui.main_window - WARNING - 从load.csv获取参数类型失败: 'list' object has no attribute 'get'
2025-11-01 20:18:00,344 - src.ui.main_window - WARNING - 无法获取当前程序序列，使用默认目录
2025-11-01 20:18:00,344 - src.data.csv_processor - INFO - CSV文件读取成功: config\master\prg1\cntrl.csv, 共67行
2025-11-01 20:18:00,344 - src.ui.main_window - WARNING - 从cntrl.csv获取参数类型失败: 'list' object has no attribute 'get'
2025-11-01 20:18:00,344 - src.ui.main_window - WARNING - 无法获取当前程序序列，使用默认目录
2025-11-01 20:18:00,345 - src.data.csv_processor - INFO - CSV文件读取成功: config\master\prg1\load.csv, 共11行
2025-11-01 20:18:00,345 - src.ui.main_window - WARNING - 从load.csv获取参数类型失败: 'list' object has no attribute 'get'
2025-11-01 20:18:00,345 - src.ui.main_window - WARNING - 无法获取当前程序序列，使用默认目录
2025-11-01 20:18:00,345 - src.data.csv_processor - INFO - CSV文件读取成功: config\master\prg1\cntrl.csv, 共67行
2025-11-01 20:18:00,345 - src.ui.main_window - WARNING - 从cntrl.csv获取参数类型失败: 'list' object has no attribute 'get'
2025-11-01 20:18:00,345 - src.ui.main_window - WARNING - 无法获取当前程序序列，使用默认目录
2025-11-01 20:18:00,346 - src.data.csv_processor - INFO - CSV文件读取成功: config\master\prg1\load.csv, 共11行
2025-11-01 20:18:00,346 - src.ui.main_window - WARNING - 从load.csv获取参数类型失败: 'list' object has no attribute 'get'
2025-11-01 20:18:00,346 - src.ui.main_window - WARNING - 无法获取当前程序序列，使用默认目录
2025-11-01 20:18:00,347 - src.data.csv_processor - INFO - CSV文件读取成功: config\master\prg1\cntrl.csv, 共67行
2025-11-01 20:18:00,347 - src.ui.main_window - WARNING - 从cntrl.csv获取参数类型失败: 'list' object has no attribute 'get'
2025-11-01 20:18:00,347 - src.ui.main_window - WARNING - 无法获取当前程序序列，使用默认目录
2025-11-01 20:18:00,347 - src.data.csv_processor - INFO - CSV文件读取成功: config\master\prg1\load.csv, 共11行
2025-11-01 20:18:00,347 - src.ui.main_window - WARNING - 从load.csv获取参数类型失败: 'list' object has no attribute 'get'
2025-11-01 20:18:00,347 - src.ui.main_window - WARNING - 无法获取当前程序序列，使用默认目录
2025-11-01 20:18:00,348 - src.data.csv_processor - INFO - CSV文件读取成功: config\master\prg1\cntrl.csv, 共67行
2025-11-01 20:18:00,348 - src.ui.main_window - WARNING - 从cntrl.csv获取参数类型失败: 'list' object has no attribute 'get'
2025-11-01 20:18:00,348 - src.ui.main_window - WARNING - 无法获取当前程序序列，使用默认目录
2025-11-01 20:18:00,349 - src.data.csv_processor - INFO - CSV文件读取成功: config\master\prg1\load.csv, 共11行
2025-11-01 20:18:00,349 - src.ui.main_window - WARNING - 从load.csv获取参数类型失败: 'list' object has no attribute 'get'
2025-11-01 20:18:00,349 - src.ui.main_window - WARNING - 无法获取当前程序序列，使用默认目录
2025-11-01 20:18:00,349 - src.data.csv_processor - INFO - CSV文件读取成功: config\master\prg1\cntrl.csv, 共67行
2025-11-01 20:18:00,349 - src.ui.main_window - WARNING - 从cntrl.csv获取参数类型失败: 'list' object has no attribute 'get'
2025-11-01 20:18:00,349 - src.ui.main_window - WARNING - 无法获取当前程序序列，使用默认目录
2025-11-01 20:18:00,349 - src.data.csv_processor - INFO - CSV文件读取成功: config\master\prg1\load.csv, 共11行
2025-11-01 20:18:00,349 - src.ui.main_window - WARNING - 从load.csv获取参数类型失败: 'list' object has no attribute 'get'
2025-11-01 20:18:00,349 - src.ui.main_window - WARNING - 无法获取当前程序序列，使用默认目录
2025-11-01 20:18:00,349 - src.data.csv_processor - INFO - CSV文件读取成功: config\master\prg1\cntrl.csv, 共67行
2025-11-01 20:18:00,349 - src.ui.main_window - WARNING - 从cntrl.csv获取参数类型失败: 'list' object has no attribute 'get'
2025-11-01 20:18:00,349 - src.ui.main_window - WARNING - 无法获取当前程序序列，使用默认目录
2025-11-01 20:18:00,352 - src.data.csv_processor - INFO - CSV文件读取成功: config\master\prg1\load.csv, 共11行
2025-11-01 20:18:00,352 - src.ui.main_window - WARNING - 从load.csv获取参数类型失败: 'list' object has no attribute 'get'
2025-11-01 20:18:00,352 - src.ui.main_window - WARNING - 无法获取当前程序序列，使用默认目录
2025-11-01 20:18:00,352 - src.data.csv_processor - INFO - CSV文件读取成功: config\master\prg1\cntrl.csv, 共67行
2025-11-01 20:18:00,352 - src.ui.main_window - WARNING - 从cntrl.csv获取参数类型失败: 'list' object has no attribute 'get'
2025-11-01 20:18:00,352 - src.ui.main_window - WARNING - 无法获取当前程序序列，使用默认目录
2025-11-01 20:18:00,353 - src.data.csv_processor - INFO - CSV文件读取成功: config\master\prg1\load.csv, 共11行
2025-11-01 20:18:00,353 - src.ui.main_window - WARNING - 从load.csv获取参数类型失败: 'list' object has no attribute 'get'
2025-11-01 20:18:00,353 - src.ui.main_window - WARNING - 无法获取当前程序序列，使用默认目录
2025-11-01 20:18:00,353 - src.data.csv_processor - INFO - CSV文件读取成功: config\master\prg1\cntrl.csv, 共67行
2025-11-01 20:18:00,353 - src.ui.main_window - WARNING - 从cntrl.csv获取参数类型失败: 'list' object has no attribute 'get'
2025-11-01 20:18:00,353 - src.ui.main_window - WARNING - 无法获取当前程序序列，使用默认目录
2025-11-01 20:18:00,354 - src.data.csv_processor - INFO - CSV文件读取成功: config\master\prg1\load.csv, 共11行
2025-11-01 20:18:00,354 - src.ui.main_window - WARNING - 从load.csv获取参数类型失败: 'list' object has no attribute 'get'
2025-11-01 20:18:00,354 - src.ui.main_window - WARNING - 无法获取当前程序序列，使用默认目录
2025-11-01 20:18:00,354 - src.data.csv_processor - INFO - CSV文件读取成功: config\master\prg1\cntrl.csv, 共67行
2025-11-01 20:18:00,354 - src.ui.main_window - WARNING - 从cntrl.csv获取参数类型失败: 'list' object has no attribute 'get'
2025-11-01 20:18:00,354 - src.ui.main_window - WARNING - 无法获取当前程序序列，使用默认目录
2025-11-01 20:18:00,355 - src.data.csv_processor - INFO - CSV文件读取成功: config\master\prg1\load.csv, 共11行
2025-11-01 20:18:00,355 - src.ui.main_window - WARNING - 从load.csv获取参数类型失败: 'list' object has no attribute 'get'
2025-11-01 20:18:00,355 - src.ui.main_window - WARNING - 无法获取当前程序序列，使用默认目录
2025-11-01 20:18:00,356 - src.data.csv_processor - INFO - CSV文件读取成功: config\master\prg1\cntrl.csv, 共67行
2025-11-01 20:18:00,356 - src.ui.main_window - WARNING - 从cntrl.csv获取参数类型失败: 'list' object has no attribute 'get'
2025-11-01 20:18:00,356 - src.ui.main_window - WARNING - 无法获取当前程序序列，使用默认目录
2025-11-01 20:18:00,356 - src.data.csv_processor - INFO - CSV文件读取成功: config\master\prg1\load.csv, 共11行
2025-11-01 20:18:00,356 - src.ui.main_window - WARNING - 从load.csv获取参数类型失败: 'list' object has no attribute 'get'
2025-11-01 20:18:00,356 - src.ui.main_window - WARNING - 无法获取当前程序序列，使用默认目录
2025-11-01 20:18:00,356 - src.data.csv_processor - INFO - CSV文件读取成功: config\master\prg1\cntrl.csv, 共67行
2025-11-01 20:18:00,356 - src.ui.main_window - WARNING - 从cntrl.csv获取参数类型失败: 'list' object has no attribute 'get'
2025-11-01 20:18:00,356 - src.ui.main_window - WARNING - 无法获取当前程序序列，使用默认目录
2025-11-01 20:18:00,356 - src.data.csv_processor - INFO - CSV文件读取成功: config\master\prg1\load.csv, 共11行
2025-11-01 20:18:00,356 - src.ui.main_window - WARNING - 从load.csv获取参数类型失败: 'list' object has no attribute 'get'
2025-11-01 20:18:00,356 - src.ui.main_window - WARNING - 无法获取当前程序序列，使用默认目录
2025-11-01 20:18:00,356 - src.data.csv_processor - INFO - CSV文件读取成功: config\master\prg1\cntrl.csv, 共67行
2025-11-01 20:18:00,356 - src.ui.main_window - WARNING - 从cntrl.csv获取参数类型失败: 'list' object has no attribute 'get'
2025-11-01 20:18:00,356 - src.ui.main_window - WARNING - 无法获取当前程序序列，使用默认目录
2025-11-01 20:18:00,356 - src.data.csv_processor - INFO - CSV文件读取成功: config\master\prg1\load.csv, 共11行
2025-11-01 20:18:00,356 - src.ui.main_window - WARNING - 从load.csv获取参数类型失败: 'list' object has no attribute 'get'
2025-11-01 20:18:00,356 - src.ui.main_window - WARNING - 无法获取当前程序序列，使用默认目录
2025-11-01 20:18:00,356 - src.data.csv_processor - INFO - CSV文件读取成功: config\master\prg1\cntrl.csv, 共67行
2025-11-01 20:18:00,356 - src.ui.main_window - WARNING - 从cntrl.csv获取参数类型失败: 'list' object has no attribute 'get'
2025-11-01 20:18:00,356 - src.ui.main_window - WARNING - 无法获取当前程序序列，使用默认目录
2025-11-01 20:18:00,356 - src.data.csv_processor - INFO - CSV文件读取成功: config\master\prg1\load.csv, 共11行
2025-11-01 20:18:00,356 - src.ui.main_window - WARNING - 从load.csv获取参数类型失败: 'list' object has no attribute 'get'
2025-11-01 20:18:00,356 - src.ui.main_window - WARNING - 无法获取当前程序序列，使用默认目录
2025-11-01 20:18:00,356 - src.data.csv_processor - INFO - CSV文件读取成功: config\master\prg1\cntrl.csv, 共67行
2025-11-01 20:18:00,356 - src.ui.main_window - WARNING - 从cntrl.csv获取参数类型失败: 'list' object has no attribute 'get'
2025-11-01 20:18:00,356 - src.ui.main_window - WARNING - 无法获取当前程序序列，使用默认目录
2025-11-01 20:18:00,356 - src.data.csv_processor - INFO - CSV文件读取成功: config\master\prg1\load.csv, 共11行
2025-11-01 20:18:00,356 - src.ui.main_window - WARNING - 从load.csv获取参数类型失败: 'list' object has no attribute 'get'
2025-11-01 20:18:00,362 - src.ui.main_window - WARNING - 无法获取当前程序序列，使用默认目录
2025-11-01 20:18:00,362 - src.data.csv_processor - INFO - CSV文件读取成功: config\master\prg1\cntrl.csv, 共67行
2025-11-01 20:18:00,362 - src.ui.main_window - WARNING - 从cntrl.csv获取参数类型失败: 'list' object has no attribute 'get'
2025-11-01 20:18:00,362 - src.ui.main_window - WARNING - 无法获取当前程序序列，使用默认目录
2025-11-01 20:18:00,362 - src.data.csv_processor - INFO - CSV文件读取成功: config\master\prg1\load.csv, 共11行
2025-11-01 20:18:00,363 - src.ui.main_window - WARNING - 从load.csv获取参数类型失败: 'list' object has no attribute 'get'
2025-11-01 20:18:00,363 - src.ui.main_window - WARNING - 无法获取当前程序序列，使用默认目录
2025-11-01 20:18:00,363 - src.data.csv_processor - INFO - CSV文件读取成功: config\master\prg1\cntrl.csv, 共67行
2025-11-01 20:18:00,363 - src.ui.main_window - WARNING - 从cntrl.csv获取参数类型失败: 'list' object has no attribute 'get'
2025-11-01 20:18:00,363 - src.ui.main_window - WARNING - 无法获取当前程序序列，使用默认目录
2025-11-01 20:18:00,364 - src.data.csv_processor - INFO - CSV文件读取成功: config\master\prg1\load.csv, 共11行
2025-11-01 20:18:00,364 - src.ui.main_window - WARNING - 从load.csv获取参数类型失败: 'list' object has no attribute 'get'
2025-11-01 20:18:00,364 - src.ui.main_window - WARNING - 无法获取当前程序序列，使用默认目录
2025-11-01 20:18:00,364 - src.data.csv_processor - INFO - CSV文件读取成功: config\master\prg1\cntrl.csv, 共67行
2025-11-01 20:18:00,364 - src.ui.main_window - WARNING - 从cntrl.csv获取参数类型失败: 'list' object has no attribute 'get'
2025-11-01 20:18:00,365 - src.ui.main_window - WARNING - 无法获取当前程序序列，使用默认目录
2025-11-01 20:18:00,365 - src.data.csv_processor - INFO - CSV文件读取成功: config\master\prg1\load.csv, 共11行
2025-11-01 20:18:00,365 - src.ui.main_window - WARNING - 从load.csv获取参数类型失败: 'list' object has no attribute 'get'
2025-11-01 20:18:00,365 - src.ui.main_window - WARNING - 无法获取当前程序序列，使用默认目录
2025-11-01 20:18:00,365 - src.data.csv_processor - INFO - CSV文件读取成功: config\master\prg1\cntrl.csv, 共67行
2025-11-01 20:18:00,366 - src.ui.main_window - WARNING - 从cntrl.csv获取参数类型失败: 'list' object has no attribute 'get'
2025-11-01 20:18:00,366 - src.ui.main_window - WARNING - 无法获取当前程序序列，使用默认目录
2025-11-01 20:18:00,366 - src.data.csv_processor - INFO - CSV文件读取成功: config\master\prg1\load.csv, 共11行
2025-11-01 20:18:00,366 - src.ui.main_window - WARNING - 从load.csv获取参数类型失败: 'list' object has no attribute 'get'
2025-11-01 20:18:00,366 - src.ui.main_window - WARNING - 无法获取当前程序序列，使用默认目录
2025-11-01 20:18:00,366 - src.data.csv_processor - INFO - CSV文件读取成功: config\master\prg1\cntrl.csv, 共67行
2025-11-01 20:18:00,366 - src.ui.main_window - WARNING - 从cntrl.csv获取参数类型失败: 'list' object has no attribute 'get'
2025-11-01 20:18:00,366 - src.ui.main_window - WARNING - 无法获取当前程序序列，使用默认目录
2025-11-01 20:18:00,366 - src.data.csv_processor - INFO - CSV文件读取成功: config\master\prg1\load.csv, 共11行
2025-11-01 20:18:00,366 - src.ui.main_window - WARNING - 从load.csv获取参数类型失败: 'list' object has no attribute 'get'
2025-11-01 20:18:00,366 - src.ui.main_window - WARNING - 无法获取当前程序序列，使用默认目录
2025-11-01 20:18:00,366 - src.data.csv_processor - INFO - CSV文件读取成功: config\master\prg1\cntrl.csv, 共67行
2025-11-01 20:18:00,366 - src.ui.main_window - WARNING - 从cntrl.csv获取参数类型失败: 'list' object has no attribute 'get'
2025-11-01 20:18:00,366 - src.ui.main_window - WARNING - 无法获取当前程序序列，使用默认目录
2025-11-01 20:18:00,366 - src.data.csv_processor - INFO - CSV文件读取成功: config\master\prg1\load.csv, 共11行
2025-11-01 20:18:00,366 - src.ui.main_window - WARNING - 从load.csv获取参数类型失败: 'list' object has no attribute 'get'
2025-11-01 20:18:00,366 - src.ui.main_window - WARNING - 无法获取当前程序序列，使用默认目录
2025-11-01 20:18:00,366 - src.data.csv_processor - INFO - CSV文件读取成功: config\master\prg1\cntrl.csv, 共67行
2025-11-01 20:18:00,366 - src.ui.main_window - WARNING - 从cntrl.csv获取参数类型失败: 'list' object has no attribute 'get'
2025-11-01 20:18:00,366 - src.ui.main_window - WARNING - 无法获取当前程序序列，使用默认目录
2025-11-01 20:18:00,366 - src.data.csv_processor - INFO - CSV文件读取成功: config\master\prg1\load.csv, 共11行
2025-11-01 20:18:00,366 - src.ui.main_window - WARNING - 从load.csv获取参数类型失败: 'list' object has no attribute 'get'
2025-11-01 20:18:00,366 - src.ui.main_window - WARNING - 无法获取当前程序序列，使用默认目录
2025-11-01 20:18:00,366 - src.data.csv_processor - INFO - CSV文件读取成功: config\master\prg1\cntrl.csv, 共67行
2025-11-01 20:18:00,366 - src.ui.main_window - WARNING - 从cntrl.csv获取参数类型失败: 'list' object has no attribute 'get'
2025-11-01 20:18:00,366 - src.ui.main_window - WARNING - 无法获取当前程序序列，使用默认目录
2025-11-01 20:18:00,372 - src.data.csv_processor - INFO - CSV文件读取成功: config\master\prg1\load.csv, 共11行
2025-11-01 20:18:00,372 - src.ui.main_window - WARNING - 从load.csv获取参数类型失败: 'list' object has no attribute 'get'
2025-11-01 20:18:00,372 - src.ui.main_window - WARNING - 无法获取当前程序序列，使用默认目录
2025-11-01 20:18:00,372 - src.data.csv_processor - INFO - CSV文件读取成功: config\master\prg1\cntrl.csv, 共67行
2025-11-01 20:18:00,372 - src.ui.main_window - WARNING - 从cntrl.csv获取参数类型失败: 'list' object has no attribute 'get'
2025-11-01 20:39:46,700 - src.communication.named_pipe - WARNING - 命名管道服务器未在运行
2025-11-01 20:39:46,701 - src.data.file_manager - INFO - 所有文件已关闭
2025-11-01 20:39:51,603 - DNCSystem - INFO - DNC Python 系统启动
2025-11-01 20:39:51,603 - src.data.csv_processor - INFO - CSV文件读取为字典成功: config\master\ini.csv, 共48行
2025-11-01 20:39:51,603 - src.core.config - INFO - 加载ini.csv配置: 48行
2025-11-01 20:39:51,603 - src.core.config - INFO - 处理配置项: DEFINE=TB_modelTextStringSize, VALUE=26
2025-11-01 20:39:51,603 - src.core.config - INFO - 处理配置项: DEFINE=TextStringSize, VALUE=24
2025-11-01 20:39:51,603 - src.core.config - INFO - 处理配置项: DEFINE=LabelStringSize, VALUE=16
2025-11-01 20:39:51,603 - src.core.config - INFO - 处理配置项: DEFINE=ButtnStringSize, VALUE=20
2025-11-01 20:39:51,612 - src.core.config - INFO - 处理配置项: DEFINE=TxtBorderStyle, VALUE=0
2025-11-01 20:39:51,612 - src.core.config - INFO - 处理配置项: DEFINE=DrawingFlg, VALUE=0
2025-11-01 20:39:51,612 - src.core.config - INFO - 处理配置项: DEFINE=DrawingBorderStype, VALUE=1
2025-11-01 20:39:51,612 - src.core.config - INFO - 处理配置项: DEFINE=DrawingWidth, VALUE=480
2025-11-01 20:39:51,612 - src.core.config - INFO - 处理配置项: DEFINE=DrawingHeight, VALUE=430
2025-11-01 20:39:51,612 - src.core.config - INFO - 处理配置项: DEFINE=WaitTime_AfterSend, VALUE=3
2025-11-01 20:39:51,613 - src.core.config - INFO - 处理配置项: DEFINE=WaitTime_TB_Focus, VALUE=1000
2025-11-01 20:39:51,613 - src.core.config - INFO - 处理配置项: DEFINE=TextMaxInputNum, VALUE=4
2025-11-01 20:39:51,614 - src.core.config - INFO - 处理配置项: DEFINE=BarCodeHeaderStrNum, VALUE=11
2025-11-01 20:39:51,614 - src.core.config - INFO - 设置条码头长度: 11
2025-11-01 20:39:51,614 - src.core.config - INFO - 处理配置项: DEFINE=onofftxt, VALUE=C:\macro\onoff.txt
2025-11-01 20:39:51,614 - src.core.config - INFO - 处理配置项: DEFINE=macrotxt, VALUE=C:\macro\macro.txt
2025-11-01 20:39:51,614 - src.core.config - INFO - 处理配置项: DEFINE=Btn_ChngPrm_text, VALUE=壛岺曽岦
2025-11-01 20:39:51,614 - src.core.config - INFO - 处理配置项: DEFINE=Btn_keyboard_text, VALUE=KeyBoard
2025-11-01 20:39:51,615 - src.core.config - INFO - 处理配置项: DEFINE=Btn_send_text, VALUE=
2025-11-01 20:39:51,615 - src.core.config - INFO - 处理配置项: DEFINE=TB_alart_text_machineON, VALUE=
2025-11-01 20:39:51,615 - src.core.config - INFO - 处理配置项: DEFINE=TB_alart_text_send, VALUE=
2025-11-01 20:39:51,615 - src.core.config - INFO - 处理配置项: DEFINE=MeasureValueLength, VALUE=4
2025-11-01 20:39:51,615 - src.core.config - INFO - 处理配置项: DEFINE=MeasureTextColor, VALUE=blue
2025-11-01 20:39:51,615 - src.core.config - INFO - 处理配置项: DEFINE=AutoSendFlg, VALUE=0
2025-11-01 20:39:51,615 - src.core.config - INFO - 处理配置项: DEFINE=Btn_add_text, VALUE=楢懕擖椡
2025-11-01 20:39:51,615 - src.core.config - INFO - 处理配置项: DEFINE=POInfoRecordFlg, VALUE=1
2025-11-01 20:39:51,615 - src.core.config - INFO - 处理配置项: DEFINE=POReadFlg, VALUE=0
2025-11-01 20:39:51,615 - src.core.config - INFO - 处理配置项: DEFINE=POAddress, VALUE=C:\macro\CCC.csv
2025-11-01 20:39:51,615 - src.core.config - INFO - 处理配置项: DEFINE=WorkInfoRecordFlg, VALUE=0
2025-11-01 20:39:51,615 - src.core.config - INFO - 处理配置项: DEFINE=Btn_chgOperator_text, VALUE=嶌嬈幰曄峏
2025-11-01 20:39:51,615 - src.core.config - INFO - 处理配置项: DEFINE=MachineID, VALUE=
2025-11-01 20:39:51,615 - src.core.config - INFO - 处理配置项: DEFINE=PRO_STATUS_CD, VALUE=
2025-11-01 20:39:51,617 - src.core.config - INFO - 处理配置项: DEFINE=PRO_S_STATUS_CD, VALUE=
2025-11-01 20:39:51,617 - src.core.config - INFO - 处理配置项: DEFINE=SendFileFormat, VALUE=1
2025-11-01 20:39:51,617 - src.core.config - INFO - 处理配置项: DEFINE=ScreenSizeRatio, VALUE=83
2025-11-01 20:39:51,617 - src.core.config - INFO - 处理配置项: DEFINE=commandtxt, VALUE=C:\macro\command.txt
2025-11-01 20:39:51,617 - src.core.config - INFO - 处理配置项: DEFINE=TopMacro, VALUE=500
2025-11-01 20:39:51,617 - src.core.config - INFO - 处理配置项: DEFINE=EndMacro, VALUE=600
2025-11-01 20:39:51,617 - src.core.config - INFO - 处理配置项: DEFINE=SmacroBrother, VALUE=C:\SBrotherNcSys\SBrotherNcSys.exe
2025-11-01 20:39:51,617 - src.core.config - INFO - 处理配置项: DEFINE=QRmode, VALUE=1
2025-11-01 20:39:51,617 - src.core.config - INFO - 设置QR模式: 1
2025-11-01 20:39:51,617 - src.core.config - INFO - 处理配置项: DEFINE=POplc, VALUE=1
2025-11-01 20:39:51,617 - src.core.config - INFO - 设置PO位置: 1
2025-11-01 20:39:51,617 - src.core.config - INFO - 处理配置项: DEFINE=MODELplc, VALUE=2
2025-11-01 20:39:51,617 - src.core.config - INFO - 设置型号位置: 2
2025-11-01 20:39:51,617 - src.core.config - INFO - 处理配置项: DEFINE=QTYplc, VALUE=3
2025-11-01 20:39:51,617 - src.core.config - INFO - 设置数量位置: 3
2025-11-01 20:39:51,617 - src.core.config - INFO - 处理配置项: DEFINE=QRspltStr, VALUE=@
2025-11-01 20:39:51,617 - src.core.config - INFO - 设置QR分隔符: @
2025-11-01 20:39:51,617 - src.core.config - INFO - 处理配置项: DEFINE=PrgAutoChangeFlg, VALUE=0
2025-11-01 20:39:51,617 - src.core.config - INFO - 处理配置项: DEFINE=MonitoringFolder, VALUE=
2025-11-01 20:39:51,617 - src.core.config - INFO - 处理配置项: DEFINE=DLWaitTime, VALUE=5000
2025-11-01 20:39:51,617 - src.core.config - INFO - 处理配置项: DEFINE=DecimalPlace, VALUE=2
2025-11-01 20:39:51,617 - src.core.config - INFO - 设置小数位数: 2
2025-11-01 20:39:51,617 - src.core.config - INFO - 处理配置项: DEFINE=UseFixedFilename, VALUE=0
2025-11-01 20:39:51,617 - src.core.config - INFO - 最终QR配置: qr_mode=1, model_place=2, split_str='@'
2025-11-01 20:39:51,617 - src.core.config - INFO - 配置加载成功
2025-11-01 20:39:51,617 - src.data.csv_processor - INFO - CSV文件读取为字典成功: config\master\ini.csv, 共48行
2025-11-01 20:39:51,617 - src.data.csv_processor - INFO - CSV文件读取为字典成功: config\master\ini.csv, 共48行
2025-11-01 20:39:51,623 - src.data.csv_processor - INFO - CSV文件读取为字典成功: config\master\header.csv, 共5行
2025-11-01 20:39:51,624 - src.data.csv_processor - INFO - CSV文件读取为字典成功: config\master\type_define.csv, 共9行
2025-11-01 20:39:51,624 - src.data.csv_processor - INFO - CSV文件读取为字典成功: config\master\type_relation.csv, 共0行
2025-11-01 20:39:51,625 - src.data.csv_processor - INFO - CSV文件读取为字典成功: config\master\type_chngvl.csv, 共0行
2025-11-01 20:39:51,626 - src.data.csv_processor - INFO - CSV文件读取为字典成功: config\master\type_prg.csv, 共9行
2025-11-01 20:39:51,627 - src.data.csv_processor - INFO - CSV文件读取为字典成功: config\master\prg.csv, 共2行
2025-11-01 20:39:51,633 - DNCSystem - INFO - DNC Python 系统初始化成功
2025-11-01 20:39:52,282 - src.ui.main_window - WARNING - 无法获取当前程序序列，使用默认目录
2025-11-01 20:39:52,310 - src.ui.main_window - INFO - 宏文件生成器初始化成功
2025-11-01 20:40:24,233 - src.ui.main_window - INFO - 参数已更新: {'basic': {'workpiece_name': '', 'workpiece_id': '', 'process_type': '铣削', 'precision': '普通'}, 'geometry': {'length': 0.0, 'width': 0.0, 'height': 0.0, 'diameter': 0.0, 'angle': 0.0}, 'process': {'spindle_speed': 0.0, 'feed_rate': 0.0, 'cut_depth': 0.0, 'cut_width': 0.0}, 'material': {'material_type': '碳钢', 'material_hardness': '软', 'material_strength': 0.0}, 'model': {'model_type': '自动识别', 'model_description': '1234@GPA20GT15040_A-H8@4', 'current_model': None}}
2025-11-01 20:40:24,254 - src.data.csv_processor - INFO - CSV文件读取为字典成功: config\master\header.csv, 共5行
2025-11-01 20:40:24,255 - src.ui.main_window - INFO - 型号识别完成: {'model': 'GPA20GT15040_A-H8', 'qr_code': '1234@GPA20GT15040_A-H8@4', 'po': '1234', 'quantity': '4', 'recognition_mode': 'QR', 'confidence': 1.0, 'error_message': None}
2025-11-01 20:40:28,456 - src.ui.main_window - INFO - 转让按钮点击，参数: {'#1': '', '#2': '', '#3': '', '#4': '', '#5': '', '#6': '', '#7': '', '#8': '', '#9': '', '#10': '', '#11': 'defineBTC', '#12': 'defineTL', '#500': '', '#501': '1', '#502': '1', '#503': '关系1', '#504': '关系1', '#505': '', '#506': '', '#507': '', '#508': '选项1', '#509': '关系1', '#510': '关系1', '#511': '10.19', '#512': '9.68', '#513': '关系1', '#514': '', '#515': '', '#516': '关系1', '#517': '', '#518': '', '#519': '7', '#520': '', '#521': '', '#522': '关系1', '#523': '', '#524': '', '#525': '', '#526': '', '#527': '', '#528': '关系1', '#529': '', '#530': '', '#531': '', '#532': '', '#533': '', '#534': '', '#535': '', '#536': '', '#537': '', '#538': '', '#539': '', '#540': '', '#541': '', '#542': '', '#543': '', '#544': '', '#545': '关系1', '#546': '关系1', '#547': '关系1', '#548': '', '#549': '', '#550': '', '#602': False, '#603': '0', '#605': 'relationYSTA'}
2025-11-01 20:40:28,456 - src.ui.main_window - WARNING - 无法获取当前程序序列，使用默认目录
2025-11-01 20:40:28,456 - src.data.csv_processor - INFO - CSV文件读取成功: config\master\prg1\load.csv, 共11行
2025-11-01 20:40:28,456 - src.ui.main_window - WARNING - 从load.csv获取参数类型失败: 'list' object has no attribute 'get'
2025-11-01 20:40:28,456 - src.ui.main_window - WARNING - 无法获取当前程序序列，使用默认目录
2025-11-01 20:40:28,456 - src.data.csv_processor - INFO - CSV文件读取成功: config\master\prg1\cntrl.csv, 共67行
2025-11-01 20:40:28,456 - src.ui.main_window - WARNING - 从cntrl.csv获取参数类型失败: 'list' object has no attribute 'get'
2025-11-01 20:40:28,456 - src.ui.main_window - WARNING - 无法获取当前程序序列，使用默认目录
2025-11-01 20:40:28,456 - src.data.csv_processor - INFO - CSV文件读取成功: config\master\prg1\load.csv, 共11行
2025-11-01 20:40:28,456 - src.ui.main_window - WARNING - 从load.csv获取参数类型失败: 'list' object has no attribute 'get'
2025-11-01 20:40:28,456 - src.ui.main_window - WARNING - 无法获取当前程序序列，使用默认目录
2025-11-01 20:40:28,456 - src.data.csv_processor - INFO - CSV文件读取成功: config\master\prg1\cntrl.csv, 共67行
2025-11-01 20:40:28,456 - src.ui.main_window - WARNING - 从cntrl.csv获取参数类型失败: 'list' object has no attribute 'get'
2025-11-01 20:40:28,456 - src.ui.main_window - WARNING - 无法获取当前程序序列，使用默认目录
2025-11-01 20:40:28,456 - src.data.csv_processor - INFO - CSV文件读取成功: config\master\prg1\load.csv, 共11行
2025-11-01 20:40:28,456 - src.ui.main_window - WARNING - 从load.csv获取参数类型失败: 'list' object has no attribute 'get'
2025-11-01 20:40:28,464 - src.ui.main_window - WARNING - 无法获取当前程序序列，使用默认目录
2025-11-01 20:40:28,464 - src.data.csv_processor - INFO - CSV文件读取成功: config\master\prg1\cntrl.csv, 共67行
2025-11-01 20:40:28,465 - src.ui.main_window - WARNING - 从cntrl.csv获取参数类型失败: 'list' object has no attribute 'get'
2025-11-01 20:40:28,466 - src.ui.main_window - WARNING - 无法获取当前程序序列，使用默认目录
2025-11-01 20:40:28,466 - src.data.csv_processor - INFO - CSV文件读取成功: config\master\prg1\load.csv, 共11行
2025-11-01 20:40:28,466 - src.ui.main_window - WARNING - 从load.csv获取参数类型失败: 'list' object has no attribute 'get'
2025-11-01 20:40:28,466 - src.ui.main_window - WARNING - 无法获取当前程序序列，使用默认目录
2025-11-01 20:40:28,467 - src.data.csv_processor - INFO - CSV文件读取成功: config\master\prg1\cntrl.csv, 共67行
2025-11-01 20:40:28,467 - src.ui.main_window - WARNING - 从cntrl.csv获取参数类型失败: 'list' object has no attribute 'get'
2025-11-01 20:40:28,467 - src.ui.main_window - WARNING - 无法获取当前程序序列，使用默认目录
2025-11-01 20:40:28,468 - src.data.csv_processor - INFO - CSV文件读取成功: config\master\prg1\load.csv, 共11行
2025-11-01 20:40:28,468 - src.ui.main_window - WARNING - 从load.csv获取参数类型失败: 'list' object has no attribute 'get'
2025-11-01 20:40:28,468 - src.ui.main_window - WARNING - 无法获取当前程序序列，使用默认目录
2025-11-01 20:40:28,468 - src.data.csv_processor - INFO - CSV文件读取成功: config\master\prg1\cntrl.csv, 共67行
2025-11-01 20:40:28,468 - src.ui.main_window - WARNING - 从cntrl.csv获取参数类型失败: 'list' object has no attribute 'get'
2025-11-01 20:40:28,468 - src.ui.main_window - WARNING - 无法获取当前程序序列，使用默认目录
2025-11-01 20:40:28,471 - src.data.csv_processor - INFO - CSV文件读取成功: config\master\prg1\load.csv, 共11行
2025-11-01 20:40:28,471 - src.ui.main_window - WARNING - 从load.csv获取参数类型失败: 'list' object has no attribute 'get'
2025-11-01 20:40:28,471 - src.ui.main_window - WARNING - 无法获取当前程序序列，使用默认目录
2025-11-01 20:40:28,471 - src.data.csv_processor - INFO - CSV文件读取成功: config\master\prg1\cntrl.csv, 共67行
2025-11-01 20:40:28,471 - src.ui.main_window - WARNING - 从cntrl.csv获取参数类型失败: 'list' object has no attribute 'get'
2025-11-01 20:40:28,471 - src.ui.main_window - WARNING - 无法获取当前程序序列，使用默认目录
2025-11-01 20:40:28,471 - src.data.csv_processor - INFO - CSV文件读取成功: config\master\prg1\load.csv, 共11行
2025-11-01 20:40:28,471 - src.ui.main_window - WARNING - 从load.csv获取参数类型失败: 'list' object has no attribute 'get'
2025-11-01 20:40:28,471 - src.ui.main_window - WARNING - 无法获取当前程序序列，使用默认目录
2025-11-01 20:40:28,471 - src.data.csv_processor - INFO - CSV文件读取成功: config\master\prg1\cntrl.csv, 共67行
2025-11-01 20:40:28,474 - src.ui.main_window - WARNING - 从cntrl.csv获取参数类型失败: 'list' object has no attribute 'get'
2025-11-01 20:40:28,474 - src.ui.main_window - WARNING - 无法获取当前程序序列，使用默认目录
2025-11-01 20:40:28,474 - src.data.csv_processor - INFO - CSV文件读取成功: config\master\prg1\load.csv, 共11行
2025-11-01 20:40:28,474 - src.ui.main_window - WARNING - 从load.csv获取参数类型失败: 'list' object has no attribute 'get'
2025-11-01 20:40:28,474 - src.ui.main_window - WARNING - 无法获取当前程序序列，使用默认目录
2025-11-01 20:40:28,474 - src.data.csv_processor - INFO - CSV文件读取成功: config\master\prg1\cntrl.csv, 共67行
2025-11-01 20:40:28,475 - src.ui.main_window - WARNING - 从cntrl.csv获取参数类型失败: 'list' object has no attribute 'get'
2025-11-01 20:40:28,475 - src.ui.main_window - WARNING - 无法获取当前程序序列，使用默认目录
2025-11-01 20:40:28,475 - src.data.csv_processor - INFO - CSV文件读取成功: config\master\prg1\load.csv, 共11行
2025-11-01 20:40:28,475 - src.ui.main_window - WARNING - 从load.csv获取参数类型失败: 'list' object has no attribute 'get'
2025-11-01 20:40:28,476 - src.ui.main_window - WARNING - 无法获取当前程序序列，使用默认目录
2025-11-01 20:40:28,476 - src.data.csv_processor - INFO - CSV文件读取成功: config\master\prg1\cntrl.csv, 共67行
2025-11-01 20:40:28,476 - src.ui.main_window - WARNING - 从cntrl.csv获取参数类型失败: 'list' object has no attribute 'get'
2025-11-01 20:40:28,476 - src.ui.main_window - WARNING - 无法获取当前程序序列，使用默认目录
2025-11-01 20:40:28,477 - src.data.csv_processor - INFO - CSV文件读取成功: config\master\prg1\load.csv, 共11行
2025-11-01 20:40:28,477 - src.ui.main_window - WARNING - 从load.csv获取参数类型失败: 'list' object has no attribute 'get'
2025-11-01 20:40:28,477 - src.ui.main_window - WARNING - 无法获取当前程序序列，使用默认目录
2025-11-01 20:40:28,478 - src.data.csv_processor - INFO - CSV文件读取成功: config\master\prg1\cntrl.csv, 共67行
2025-11-01 20:40:28,478 - src.ui.main_window - WARNING - 从cntrl.csv获取参数类型失败: 'list' object has no attribute 'get'
2025-11-01 20:40:28,478 - src.ui.main_window - WARNING - 无法获取当前程序序列，使用默认目录
2025-11-01 20:40:28,478 - src.data.csv_processor - INFO - CSV文件读取成功: config\master\prg1\load.csv, 共11行
2025-11-01 20:40:28,478 - src.ui.main_window - WARNING - 从load.csv获取参数类型失败: 'list' object has no attribute 'get'
2025-11-01 20:40:28,478 - src.ui.main_window - WARNING - 无法获取当前程序序列，使用默认目录
2025-11-01 20:40:28,478 - src.data.csv_processor - INFO - CSV文件读取成功: config\master\prg1\cntrl.csv, 共67行
2025-11-01 20:40:28,478 - src.ui.main_window - WARNING - 从cntrl.csv获取参数类型失败: 'list' object has no attribute 'get'
2025-11-01 20:40:28,478 - src.ui.main_window - WARNING - 无法获取当前程序序列，使用默认目录
2025-11-01 20:40:28,478 - src.data.csv_processor - INFO - CSV文件读取成功: config\master\prg1\load.csv, 共11行
2025-11-01 20:40:28,478 - src.ui.main_window - WARNING - 从load.csv获取参数类型失败: 'list' object has no attribute 'get'
2025-11-01 20:40:28,478 - src.ui.main_window - WARNING - 无法获取当前程序序列，使用默认目录
2025-11-01 20:40:28,478 - src.data.csv_processor - INFO - CSV文件读取成功: config\master\prg1\cntrl.csv, 共67行
2025-11-01 20:40:28,478 - src.ui.main_window - WARNING - 从cntrl.csv获取参数类型失败: 'list' object has no attribute 'get'
2025-11-01 20:40:28,478 - src.ui.main_window - WARNING - 无法获取当前程序序列，使用默认目录
2025-11-01 20:40:28,478 - src.data.csv_processor - INFO - CSV文件读取成功: config\master\prg1\load.csv, 共11行
2025-11-01 20:40:28,483 - src.ui.main_window - WARNING - 从load.csv获取参数类型失败: 'list' object has no attribute 'get'
2025-11-01 20:40:28,483 - src.ui.main_window - WARNING - 无法获取当前程序序列，使用默认目录
2025-11-01 20:40:28,483 - src.data.csv_processor - INFO - CSV文件读取成功: config\master\prg1\cntrl.csv, 共67行
2025-11-01 20:40:28,483 - src.ui.main_window - WARNING - 从cntrl.csv获取参数类型失败: 'list' object has no attribute 'get'
2025-11-01 20:40:28,483 - src.ui.main_window - WARNING - 无法获取当前程序序列，使用默认目录
2025-11-01 20:40:28,484 - src.data.csv_processor - INFO - CSV文件读取成功: config\master\prg1\load.csv, 共11行
2025-11-01 20:40:28,484 - src.ui.main_window - WARNING - 从load.csv获取参数类型失败: 'list' object has no attribute 'get'
2025-11-01 20:40:28,484 - src.ui.main_window - WARNING - 无法获取当前程序序列，使用默认目录
2025-11-01 20:40:28,484 - src.data.csv_processor - INFO - CSV文件读取成功: config\master\prg1\cntrl.csv, 共67行
2025-11-01 20:40:28,484 - src.ui.main_window - WARNING - 从cntrl.csv获取参数类型失败: 'list' object has no attribute 'get'
2025-11-01 20:40:28,484 - src.ui.main_window - WARNING - 无法获取当前程序序列，使用默认目录
2025-11-01 20:40:28,485 - src.data.csv_processor - INFO - CSV文件读取成功: config\master\prg1\load.csv, 共11行
2025-11-01 20:40:28,485 - src.ui.main_window - WARNING - 从load.csv获取参数类型失败: 'list' object has no attribute 'get'
2025-11-01 20:40:28,485 - src.ui.main_window - WARNING - 无法获取当前程序序列，使用默认目录
2025-11-01 20:40:28,485 - src.data.csv_processor - INFO - CSV文件读取成功: config\master\prg1\cntrl.csv, 共67行
2025-11-01 20:40:28,485 - src.ui.main_window - WARNING - 从cntrl.csv获取参数类型失败: 'list' object has no attribute 'get'
2025-11-01 20:40:28,485 - src.ui.main_window - WARNING - 无法获取当前程序序列，使用默认目录
2025-11-01 20:40:28,486 - src.data.csv_processor - INFO - CSV文件读取成功: config\master\prg1\load.csv, 共11行
2025-11-01 20:40:28,486 - src.ui.main_window - WARNING - 从load.csv获取参数类型失败: 'list' object has no attribute 'get'
2025-11-01 20:40:28,486 - src.ui.main_window - WARNING - 无法获取当前程序序列，使用默认目录
2025-11-01 20:40:28,486 - src.data.csv_processor - INFO - CSV文件读取成功: config\master\prg1\cntrl.csv, 共67行
2025-11-01 20:40:28,486 - src.ui.main_window - WARNING - 从cntrl.csv获取参数类型失败: 'list' object has no attribute 'get'
2025-11-01 20:40:28,486 - src.ui.main_window - WARNING - 无法获取当前程序序列，使用默认目录
2025-11-01 20:40:28,486 - src.data.csv_processor - INFO - CSV文件读取成功: config\master\prg1\load.csv, 共11行
2025-11-01 20:40:28,486 - src.ui.main_window - WARNING - 从load.csv获取参数类型失败: 'list' object has no attribute 'get'
2025-11-01 20:40:28,488 - src.ui.main_window - WARNING - 无法获取当前程序序列，使用默认目录
2025-11-01 20:40:28,488 - src.data.csv_processor - INFO - CSV文件读取成功: config\master\prg1\cntrl.csv, 共67行
2025-11-01 20:40:28,488 - src.ui.main_window - WARNING - 从cntrl.csv获取参数类型失败: 'list' object has no attribute 'get'
2025-11-01 20:40:28,488 - src.ui.main_window - WARNING - 无法获取当前程序序列，使用默认目录
2025-11-01 20:40:28,488 - src.data.csv_processor - INFO - CSV文件读取成功: config\master\prg1\load.csv, 共11行
2025-11-01 20:40:28,488 - src.ui.main_window - WARNING - 从load.csv获取参数类型失败: 'list' object has no attribute 'get'
2025-11-01 20:40:28,488 - src.ui.main_window - WARNING - 无法获取当前程序序列，使用默认目录
2025-11-01 20:40:28,488 - src.data.csv_processor - INFO - CSV文件读取成功: config\master\prg1\cntrl.csv, 共67行
2025-11-01 20:40:28,488 - src.ui.main_window - WARNING - 从cntrl.csv获取参数类型失败: 'list' object has no attribute 'get'
2025-11-01 20:40:28,488 - src.ui.main_window - WARNING - 无法获取当前程序序列，使用默认目录
2025-11-01 20:40:28,488 - src.data.csv_processor - INFO - CSV文件读取成功: config\master\prg1\load.csv, 共11行
2025-11-01 20:40:28,488 - src.ui.main_window - WARNING - 从load.csv获取参数类型失败: 'list' object has no attribute 'get'
2025-11-01 20:40:28,488 - src.ui.main_window - WARNING - 无法获取当前程序序列，使用默认目录
2025-11-01 20:40:28,488 - src.data.csv_processor - INFO - CSV文件读取成功: config\master\prg1\cntrl.csv, 共67行
2025-11-01 20:40:28,488 - src.ui.main_window - WARNING - 从cntrl.csv获取参数类型失败: 'list' object has no attribute 'get'
2025-11-01 20:40:28,491 - src.ui.main_window - WARNING - 无法获取当前程序序列，使用默认目录
2025-11-01 20:40:28,491 - src.data.csv_processor - INFO - CSV文件读取成功: config\master\prg1\load.csv, 共11行
2025-11-01 20:40:28,491 - src.ui.main_window - WARNING - 从load.csv获取参数类型失败: 'list' object has no attribute 'get'
2025-11-01 20:40:28,491 - src.ui.main_window - WARNING - 无法获取当前程序序列，使用默认目录
2025-11-01 20:40:28,491 - src.data.csv_processor - INFO - CSV文件读取成功: config\master\prg1\cntrl.csv, 共67行
2025-11-01 20:40:28,493 - src.ui.main_window - WARNING - 从cntrl.csv获取参数类型失败: 'list' object has no attribute 'get'
2025-11-01 20:40:28,493 - src.ui.main_window - WARNING - 无法获取当前程序序列，使用默认目录
2025-11-01 20:40:28,493 - src.data.csv_processor - INFO - CSV文件读取成功: config\master\prg1\load.csv, 共11行
2025-11-01 20:40:28,494 - src.ui.main_window - WARNING - 从load.csv获取参数类型失败: 'list' object has no attribute 'get'
2025-11-01 20:40:28,494 - src.ui.main_window - WARNING - 无法获取当前程序序列，使用默认目录
2025-11-01 20:40:28,494 - src.data.csv_processor - INFO - CSV文件读取成功: config\master\prg1\cntrl.csv, 共67行
2025-11-01 20:40:28,494 - src.ui.main_window - WARNING - 从cntrl.csv获取参数类型失败: 'list' object has no attribute 'get'
2025-11-01 20:40:28,495 - src.ui.main_window - WARNING - 无法获取当前程序序列，使用默认目录
2025-11-01 20:40:28,495 - src.data.csv_processor - INFO - CSV文件读取成功: config\master\prg1\load.csv, 共11行
2025-11-01 20:40:28,495 - src.ui.main_window - WARNING - 从load.csv获取参数类型失败: 'list' object has no attribute 'get'
2025-11-01 20:40:28,495 - src.ui.main_window - WARNING - 无法获取当前程序序列，使用默认目录
2025-11-01 20:40:28,495 - src.data.csv_processor - INFO - CSV文件读取成功: config\master\prg1\cntrl.csv, 共67行
2025-11-01 20:40:28,496 - src.ui.main_window - WARNING - 从cntrl.csv获取参数类型失败: 'list' object has no attribute 'get'
2025-11-01 20:40:28,497 - src.ui.main_window - WARNING - 无法获取当前程序序列，使用默认目录
2025-11-01 20:40:28,497 - src.data.csv_processor - INFO - CSV文件读取成功: config\master\prg1\load.csv, 共11行
2025-11-01 20:40:28,497 - src.ui.main_window - WARNING - 从load.csv获取参数类型失败: 'list' object has no attribute 'get'
2025-11-01 20:40:28,497 - src.ui.main_window - WARNING - 无法获取当前程序序列，使用默认目录
2025-11-01 20:40:28,497 - src.data.csv_processor - INFO - CSV文件读取成功: config\master\prg1\cntrl.csv, 共67行
2025-11-01 20:40:28,498 - src.ui.main_window - WARNING - 从cntrl.csv获取参数类型失败: 'list' object has no attribute 'get'
2025-11-01 20:40:28,498 - src.ui.main_window - WARNING - 无法获取当前程序序列，使用默认目录
2025-11-01 20:40:28,498 - src.data.csv_processor - INFO - CSV文件读取成功: config\master\prg1\load.csv, 共11行
2025-11-01 20:40:28,498 - src.ui.main_window - WARNING - 从load.csv获取参数类型失败: 'list' object has no attribute 'get'
2025-11-01 20:40:28,498 - src.ui.main_window - WARNING - 无法获取当前程序序列，使用默认目录
2025-11-01 20:40:28,498 - src.data.csv_processor - INFO - CSV文件读取成功: config\master\prg1\cntrl.csv, 共67行
2025-11-01 20:40:28,498 - src.ui.main_window - WARNING - 从cntrl.csv获取参数类型失败: 'list' object has no attribute 'get'
2025-11-01 20:40:28,498 - src.ui.main_window - WARNING - 无法获取当前程序序列，使用默认目录
2025-11-01 20:40:28,498 - src.data.csv_processor - INFO - CSV文件读取成功: config\master\prg1\load.csv, 共11行
2025-11-01 20:40:28,498 - src.ui.main_window - WARNING - 从load.csv获取参数类型失败: 'list' object has no attribute 'get'
2025-11-01 20:40:28,498 - src.ui.main_window - WARNING - 无法获取当前程序序列，使用默认目录
2025-11-01 20:40:28,498 - src.data.csv_processor - INFO - CSV文件读取成功: config\master\prg1\cntrl.csv, 共67行
2025-11-01 20:40:28,498 - src.ui.main_window - WARNING - 从cntrl.csv获取参数类型失败: 'list' object has no attribute 'get'
2025-11-01 20:40:28,498 - src.ui.main_window - WARNING - 无法获取当前程序序列，使用默认目录
2025-11-01 20:40:28,498 - src.data.csv_processor - INFO - CSV文件读取成功: config\master\prg1\load.csv, 共11行
2025-11-01 20:40:28,498 - src.ui.main_window - WARNING - 从load.csv获取参数类型失败: 'list' object has no attribute 'get'
2025-11-01 20:40:28,498 - src.ui.main_window - WARNING - 无法获取当前程序序列，使用默认目录
2025-11-01 20:40:28,498 - src.data.csv_processor - INFO - CSV文件读取成功: config\master\prg1\cntrl.csv, 共67行
2025-11-01 20:40:28,498 - src.ui.main_window - WARNING - 从cntrl.csv获取参数类型失败: 'list' object has no attribute 'get'
2025-11-01 20:40:28,498 - src.ui.main_window - WARNING - 无法获取当前程序序列，使用默认目录
2025-11-01 20:40:28,498 - src.data.csv_processor - INFO - CSV文件读取成功: config\master\prg1\load.csv, 共11行
2025-11-01 20:40:28,498 - src.ui.main_window - WARNING - 从load.csv获取参数类型失败: 'list' object has no attribute 'get'
2025-11-01 20:40:28,498 - src.ui.main_window - WARNING - 无法获取当前程序序列，使用默认目录
2025-11-01 20:40:28,498 - src.data.csv_processor - INFO - CSV文件读取成功: config\master\prg1\cntrl.csv, 共67行
2025-11-01 20:40:28,498 - src.ui.main_window - WARNING - 从cntrl.csv获取参数类型失败: 'list' object has no attribute 'get'
2025-11-01 20:40:28,498 - src.ui.main_window - WARNING - 无法获取当前程序序列，使用默认目录
2025-11-01 20:40:28,498 - src.data.csv_processor - INFO - CSV文件读取成功: config\master\prg1\load.csv, 共11行
2025-11-01 20:40:28,498 - src.ui.main_window - WARNING - 从load.csv获取参数类型失败: 'list' object has no attribute 'get'
2025-11-01 20:40:28,498 - src.ui.main_window - WARNING - 无法获取当前程序序列，使用默认目录
2025-11-01 20:40:28,498 - src.data.csv_processor - INFO - CSV文件读取成功: config\master\prg1\cntrl.csv, 共67行
2025-11-01 20:40:28,498 - src.ui.main_window - WARNING - 从cntrl.csv获取参数类型失败: 'list' object has no attribute 'get'
2025-11-01 20:40:28,498 - src.ui.main_window - WARNING - 无法获取当前程序序列，使用默认目录
2025-11-01 20:40:28,504 - src.data.csv_processor - INFO - CSV文件读取成功: config\master\prg1\load.csv, 共11行
2025-11-01 20:40:28,504 - src.ui.main_window - WARNING - 从load.csv获取参数类型失败: 'list' object has no attribute 'get'
2025-11-01 20:40:28,504 - src.ui.main_window - WARNING - 无法获取当前程序序列，使用默认目录
2025-11-01 20:40:28,504 - src.data.csv_processor - INFO - CSV文件读取成功: config\master\prg1\cntrl.csv, 共67行
2025-11-01 20:40:28,504 - src.ui.main_window - WARNING - 从cntrl.csv获取参数类型失败: 'list' object has no attribute 'get'
2025-11-01 20:40:28,505 - src.ui.main_window - WARNING - 无法获取当前程序序列，使用默认目录
2025-11-01 20:40:28,505 - src.data.csv_processor - INFO - CSV文件读取成功: config\master\prg1\load.csv, 共11行
2025-11-01 20:40:28,505 - src.ui.main_window - WARNING - 从load.csv获取参数类型失败: 'list' object has no attribute 'get'
2025-11-01 20:40:28,505 - src.ui.main_window - WARNING - 无法获取当前程序序列，使用默认目录
2025-11-01 20:40:28,505 - src.data.csv_processor - INFO - CSV文件读取成功: config\master\prg1\cntrl.csv, 共67行
2025-11-01 20:40:28,506 - src.ui.main_window - WARNING - 从cntrl.csv获取参数类型失败: 'list' object has no attribute 'get'
2025-11-01 20:40:28,506 - src.ui.main_window - WARNING - 无法获取当前程序序列，使用默认目录
2025-11-01 20:40:28,506 - src.data.csv_processor - INFO - CSV文件读取成功: config\master\prg1\load.csv, 共11行
2025-11-01 20:40:28,506 - src.ui.main_window - WARNING - 从load.csv获取参数类型失败: 'list' object has no attribute 'get'
2025-11-01 20:40:28,506 - src.ui.main_window - WARNING - 无法获取当前程序序列，使用默认目录
2025-11-01 20:40:28,506 - src.data.csv_processor - INFO - CSV文件读取成功: config\master\prg1\cntrl.csv, 共67行
2025-11-01 20:40:28,507 - src.ui.main_window - WARNING - 从cntrl.csv获取参数类型失败: 'list' object has no attribute 'get'
2025-11-01 20:40:28,507 - src.ui.main_window - WARNING - 无法获取当前程序序列，使用默认目录
2025-11-01 20:40:28,507 - src.data.csv_processor - INFO - CSV文件读取成功: config\master\prg1\load.csv, 共11行
2025-11-01 20:40:28,507 - src.ui.main_window - WARNING - 从load.csv获取参数类型失败: 'list' object has no attribute 'get'
2025-11-01 20:40:28,507 - src.ui.main_window - WARNING - 无法获取当前程序序列，使用默认目录
2025-11-01 20:40:28,508 - src.data.csv_processor - INFO - CSV文件读取成功: config\master\prg1\cntrl.csv, 共67行
2025-11-01 20:40:28,508 - src.ui.main_window - WARNING - 从cntrl.csv获取参数类型失败: 'list' object has no attribute 'get'
2025-11-01 20:40:28,508 - src.ui.main_window - WARNING - 无法获取当前程序序列，使用默认目录
2025-11-01 20:40:28,508 - src.data.csv_processor - INFO - CSV文件读取成功: config\master\prg1\load.csv, 共11行
2025-11-01 20:40:28,508 - src.ui.main_window - WARNING - 从load.csv获取参数类型失败: 'list' object has no attribute 'get'
2025-11-01 20:40:28,509 - src.ui.main_window - WARNING - 无法获取当前程序序列，使用默认目录
2025-11-01 20:40:28,510 - src.data.csv_processor - INFO - CSV文件读取成功: config\master\prg1\cntrl.csv, 共67行
2025-11-01 20:40:28,510 - src.ui.main_window - WARNING - 从cntrl.csv获取参数类型失败: 'list' object has no attribute 'get'
2025-11-01 20:40:28,510 - src.ui.main_window - WARNING - 无法获取当前程序序列，使用默认目录
2025-11-01 20:40:28,510 - src.data.csv_processor - INFO - CSV文件读取成功: config\master\prg1\load.csv, 共11行
2025-11-01 20:40:28,511 - src.ui.main_window - WARNING - 从load.csv获取参数类型失败: 'list' object has no attribute 'get'
2025-11-01 20:40:28,511 - src.ui.main_window - WARNING - 无法获取当前程序序列，使用默认目录
2025-11-01 20:40:28,511 - src.data.csv_processor - INFO - CSV文件读取成功: config\master\prg1\cntrl.csv, 共67行
2025-11-01 20:40:28,511 - src.ui.main_window - WARNING - 从cntrl.csv获取参数类型失败: 'list' object has no attribute 'get'
2025-11-01 20:40:28,511 - src.ui.main_window - WARNING - 无法获取当前程序序列，使用默认目录
2025-11-01 20:40:28,512 - src.data.csv_processor - INFO - CSV文件读取成功: config\master\prg1\load.csv, 共11行
2025-11-01 20:40:28,512 - src.ui.main_window - WARNING - 从load.csv获取参数类型失败: 'list' object has no attribute 'get'
2025-11-01 20:40:28,512 - src.ui.main_window - WARNING - 无法获取当前程序序列，使用默认目录
2025-11-01 20:40:28,513 - src.data.csv_processor - INFO - CSV文件读取成功: config\master\prg1\cntrl.csv, 共67行
2025-11-01 20:40:28,513 - src.ui.main_window - WARNING - 从cntrl.csv获取参数类型失败: 'list' object has no attribute 'get'
2025-11-01 20:40:28,513 - src.ui.main_window - WARNING - 无法获取当前程序序列，使用默认目录
2025-11-01 20:40:28,513 - src.data.csv_processor - INFO - CSV文件读取成功: config\master\prg1\load.csv, 共11行
2025-11-01 20:40:28,513 - src.ui.main_window - WARNING - 从load.csv获取参数类型失败: 'list' object has no attribute 'get'
2025-11-01 20:40:28,513 - src.ui.main_window - WARNING - 无法获取当前程序序列，使用默认目录
2025-11-01 20:40:28,513 - src.data.csv_processor - INFO - CSV文件读取成功: config\master\prg1\cntrl.csv, 共67行
2025-11-01 20:40:28,513 - src.ui.main_window - WARNING - 从cntrl.csv获取参数类型失败: 'list' object has no attribute 'get'
2025-11-01 20:40:28,513 - src.ui.main_window - WARNING - 无法获取当前程序序列，使用默认目录
2025-11-01 20:40:28,515 - src.data.csv_processor - INFO - CSV文件读取成功: config\master\prg1\load.csv, 共11行
2025-11-01 20:40:28,515 - src.ui.main_window - WARNING - 从load.csv获取参数类型失败: 'list' object has no attribute 'get'
2025-11-01 20:40:28,515 - src.ui.main_window - WARNING - 无法获取当前程序序列，使用默认目录
2025-11-01 20:40:28,515 - src.data.csv_processor - INFO - CSV文件读取成功: config\master\prg1\cntrl.csv, 共67行
2025-11-01 20:40:28,515 - src.ui.main_window - WARNING - 从cntrl.csv获取参数类型失败: 'list' object has no attribute 'get'
2025-11-01 20:40:28,515 - src.ui.main_window - WARNING - 无法获取当前程序序列，使用默认目录
2025-11-01 20:40:28,516 - src.data.csv_processor - INFO - CSV文件读取成功: config\master\prg1\load.csv, 共11行
2025-11-01 20:40:28,516 - src.ui.main_window - WARNING - 从load.csv获取参数类型失败: 'list' object has no attribute 'get'
2025-11-01 20:40:28,516 - src.ui.main_window - WARNING - 无法获取当前程序序列，使用默认目录
2025-11-01 20:40:28,516 - src.data.csv_processor - INFO - CSV文件读取成功: config\master\prg1\cntrl.csv, 共67行
2025-11-01 20:40:28,516 - src.ui.main_window - WARNING - 从cntrl.csv获取参数类型失败: 'list' object has no attribute 'get'
2025-11-01 20:40:28,516 - src.ui.main_window - WARNING - 无法获取当前程序序列，使用默认目录
2025-11-01 20:40:28,516 - src.data.csv_processor - INFO - CSV文件读取成功: config\master\prg1\load.csv, 共11行
2025-11-01 20:40:28,516 - src.ui.main_window - WARNING - 从load.csv获取参数类型失败: 'list' object has no attribute 'get'
2025-11-01 20:40:28,516 - src.ui.main_window - WARNING - 无法获取当前程序序列，使用默认目录
2025-11-01 20:40:28,516 - src.data.csv_processor - INFO - CSV文件读取成功: config\master\prg1\cntrl.csv, 共67行
2025-11-01 20:40:28,516 - src.ui.main_window - WARNING - 从cntrl.csv获取参数类型失败: 'list' object has no attribute 'get'
2025-11-01 20:40:28,516 - src.ui.main_window - WARNING - 无法获取当前程序序列，使用默认目录
2025-11-01 20:40:28,516 - src.data.csv_processor - INFO - CSV文件读取成功: config\master\prg1\load.csv, 共11行
2025-11-01 20:40:28,516 - src.ui.main_window - WARNING - 从load.csv获取参数类型失败: 'list' object has no attribute 'get'
2025-11-01 20:40:28,516 - src.ui.main_window - WARNING - 无法获取当前程序序列，使用默认目录
2025-11-01 20:40:28,516 - src.data.csv_processor - INFO - CSV文件读取成功: config\master\prg1\cntrl.csv, 共67行
2025-11-01 20:40:28,516 - src.ui.main_window - WARNING - 从cntrl.csv获取参数类型失败: 'list' object has no attribute 'get'
2025-11-01 20:40:28,516 - src.ui.main_window - WARNING - 无法获取当前程序序列，使用默认目录
2025-11-01 20:40:28,519 - src.data.csv_processor - INFO - CSV文件读取成功: config\master\prg1\load.csv, 共11行
2025-11-01 20:40:28,519 - src.ui.main_window - WARNING - 从load.csv获取参数类型失败: 'list' object has no attribute 'get'
2025-11-01 20:40:28,519 - src.ui.main_window - WARNING - 无法获取当前程序序列，使用默认目录
2025-11-01 20:40:28,519 - src.data.csv_processor - INFO - CSV文件读取成功: config\master\prg1\cntrl.csv, 共67行
2025-11-01 20:40:28,519 - src.ui.main_window - WARNING - 从cntrl.csv获取参数类型失败: 'list' object has no attribute 'get'
2025-11-01 20:40:28,520 - src.ui.main_window - WARNING - 无法获取当前程序序列，使用默认目录
2025-11-01 20:40:28,520 - src.data.csv_processor - INFO - CSV文件读取成功: config\master\prg1\load.csv, 共11行
2025-11-01 20:40:28,520 - src.ui.main_window - WARNING - 从load.csv获取参数类型失败: 'list' object has no attribute 'get'
2025-11-01 20:40:28,520 - src.ui.main_window - WARNING - 无法获取当前程序序列，使用默认目录
2025-11-01 20:40:28,520 - src.data.csv_processor - INFO - CSV文件读取成功: config\master\prg1\cntrl.csv, 共67行
2025-11-01 20:40:28,520 - src.ui.main_window - WARNING - 从cntrl.csv获取参数类型失败: 'list' object has no attribute 'get'
2025-11-01 20:40:28,520 - src.ui.main_window - WARNING - 无法获取当前程序序列，使用默认目录
2025-11-01 20:40:28,522 - src.data.csv_processor - INFO - CSV文件读取成功: config\master\prg1\load.csv, 共11行
2025-11-01 20:40:28,522 - src.ui.main_window - WARNING - 从load.csv获取参数类型失败: 'list' object has no attribute 'get'
2025-11-01 20:40:28,522 - src.ui.main_window - WARNING - 无法获取当前程序序列，使用默认目录
2025-11-01 20:40:28,522 - src.data.csv_processor - INFO - CSV文件读取成功: config\master\prg1\cntrl.csv, 共67行
2025-11-01 20:40:28,522 - src.ui.main_window - WARNING - 从cntrl.csv获取参数类型失败: 'list' object has no attribute 'get'
2025-11-01 20:40:28,522 - src.ui.main_window - WARNING - 无法获取当前程序序列，使用默认目录
2025-11-01 20:40:28,523 - src.data.csv_processor - INFO - CSV文件读取成功: config\master\prg1\load.csv, 共11行
2025-11-01 20:40:28,523 - src.ui.main_window - WARNING - 从load.csv获取参数类型失败: 'list' object has no attribute 'get'
2025-11-01 20:40:28,523 - src.ui.main_window - WARNING - 无法获取当前程序序列，使用默认目录
2025-11-01 20:40:28,523 - src.data.csv_processor - INFO - CSV文件读取成功: config\master\prg1\cntrl.csv, 共67行
2025-11-01 20:40:28,523 - src.ui.main_window - WARNING - 从cntrl.csv获取参数类型失败: 'list' object has no attribute 'get'
2025-11-01 20:40:28,523 - src.ui.main_window - WARNING - 无法获取当前程序序列，使用默认目录
2025-11-01 20:40:28,524 - src.data.csv_processor - INFO - CSV文件读取成功: config\master\prg1\load.csv, 共11行
2025-11-01 20:40:28,524 - src.ui.main_window - WARNING - 从load.csv获取参数类型失败: 'list' object has no attribute 'get'
2025-11-01 20:40:28,524 - src.ui.main_window - WARNING - 无法获取当前程序序列，使用默认目录
2025-11-01 20:40:28,524 - src.data.csv_processor - INFO - CSV文件读取成功: config\master\prg1\cntrl.csv, 共67行
2025-11-01 20:40:28,524 - src.ui.main_window - WARNING - 从cntrl.csv获取参数类型失败: 'list' object has no attribute 'get'
2025-11-01 20:40:28,524 - src.ui.main_window - WARNING - 无法获取当前程序序列，使用默认目录
2025-11-01 20:40:28,525 - src.data.csv_processor - INFO - CSV文件读取成功: config\master\prg1\load.csv, 共11行
2025-11-01 20:40:28,525 - src.ui.main_window - WARNING - 从load.csv获取参数类型失败: 'list' object has no attribute 'get'
2025-11-01 20:40:28,525 - src.ui.main_window - WARNING - 无法获取当前程序序列，使用默认目录
2025-11-01 20:40:28,525 - src.data.csv_processor - INFO - CSV文件读取成功: config\master\prg1\cntrl.csv, 共67行
2025-11-01 20:40:28,525 - src.ui.main_window - WARNING - 从cntrl.csv获取参数类型失败: 'list' object has no attribute 'get'
2025-11-01 20:40:28,526 - src.ui.main_window - WARNING - 无法获取当前程序序列，使用默认目录
2025-11-01 20:40:28,526 - src.data.csv_processor - INFO - CSV文件读取成功: config\master\prg1\load.csv, 共11行
2025-11-01 20:40:28,526 - src.ui.main_window - WARNING - 从load.csv获取参数类型失败: 'list' object has no attribute 'get'
2025-11-01 20:40:28,526 - src.ui.main_window - WARNING - 无法获取当前程序序列，使用默认目录
2025-11-01 20:40:28,526 - src.data.csv_processor - INFO - CSV文件读取成功: config\master\prg1\cntrl.csv, 共67行
2025-11-01 20:40:28,526 - src.ui.main_window - WARNING - 从cntrl.csv获取参数类型失败: 'list' object has no attribute 'get'
2025-11-01 20:40:28,526 - src.ui.main_window - WARNING - 无法获取当前程序序列，使用默认目录
2025-11-01 20:40:28,526 - src.data.csv_processor - INFO - CSV文件读取成功: config\master\prg1\load.csv, 共11行
2025-11-01 20:40:28,526 - src.ui.main_window - WARNING - 从load.csv获取参数类型失败: 'list' object has no attribute 'get'
2025-11-01 20:40:28,529 - src.ui.main_window - WARNING - 无法获取当前程序序列，使用默认目录
2025-11-01 20:40:28,529 - src.data.csv_processor - INFO - CSV文件读取成功: config\master\prg1\cntrl.csv, 共67行
2025-11-01 20:40:28,529 - src.ui.main_window - WARNING - 从cntrl.csv获取参数类型失败: 'list' object has no attribute 'get'
2025-11-01 20:40:28,529 - src.ui.main_window - WARNING - 无法获取当前程序序列，使用默认目录
2025-11-01 20:40:28,529 - src.data.csv_processor - INFO - CSV文件读取成功: config\master\prg1\load.csv, 共11行
2025-11-01 20:40:28,530 - src.ui.main_window - WARNING - 从load.csv获取参数类型失败: 'list' object has no attribute 'get'
2025-11-01 20:40:28,530 - src.ui.main_window - WARNING - 无法获取当前程序序列，使用默认目录
2025-11-01 20:40:28,530 - src.data.csv_processor - INFO - CSV文件读取成功: config\master\prg1\cntrl.csv, 共67行
2025-11-01 20:40:28,530 - src.ui.main_window - WARNING - 从cntrl.csv获取参数类型失败: 'list' object has no attribute 'get'
2025-11-01 20:40:28,530 - src.ui.main_window - WARNING - 无法获取当前程序序列，使用默认目录
2025-11-01 20:40:28,531 - src.data.csv_processor - INFO - CSV文件读取成功: config\master\prg1\load.csv, 共11行
2025-11-01 20:40:28,531 - src.ui.main_window - WARNING - 从load.csv获取参数类型失败: 'list' object has no attribute 'get'
2025-11-01 20:40:28,531 - src.ui.main_window - WARNING - 无法获取当前程序序列，使用默认目录
2025-11-01 20:40:28,531 - src.data.csv_processor - INFO - CSV文件读取成功: config\master\prg1\cntrl.csv, 共67行
2025-11-01 20:40:28,531 - src.ui.main_window - WARNING - 从cntrl.csv获取参数类型失败: 'list' object has no attribute 'get'
2025-11-01 20:40:28,531 - src.ui.main_window - WARNING - 无法获取当前程序序列，使用默认目录
2025-11-01 20:40:28,531 - src.data.csv_processor - INFO - CSV文件读取成功: config\master\prg1\load.csv, 共11行
2025-11-01 20:40:28,531 - src.ui.main_window - WARNING - 从load.csv获取参数类型失败: 'list' object has no attribute 'get'
2025-11-01 20:40:28,533 - src.ui.main_window - WARNING - 无法获取当前程序序列，使用默认目录
2025-11-01 20:40:28,533 - src.data.csv_processor - INFO - CSV文件读取成功: config\master\prg1\cntrl.csv, 共67行
2025-11-01 20:40:28,533 - src.ui.main_window - WARNING - 从cntrl.csv获取参数类型失败: 'list' object has no attribute 'get'
2025-11-01 20:40:28,533 - src.ui.main_window - WARNING - 无法获取当前程序序列，使用默认目录
2025-11-01 20:40:28,533 - src.data.csv_processor - INFO - CSV文件读取成功: config\master\prg1\load.csv, 共11行
2025-11-01 20:40:28,533 - src.ui.main_window - WARNING - 从load.csv获取参数类型失败: 'list' object has no attribute 'get'
2025-11-01 20:40:28,533 - src.ui.main_window - WARNING - 无法获取当前程序序列，使用默认目录
2025-11-01 20:40:28,533 - src.data.csv_processor - INFO - CSV文件读取成功: config\master\prg1\cntrl.csv, 共67行
2025-11-01 20:40:28,534 - src.ui.main_window - WARNING - 从cntrl.csv获取参数类型失败: 'list' object has no attribute 'get'
2025-11-01 20:40:28,534 - src.ui.main_window - WARNING - 无法获取当前程序序列，使用默认目录
2025-11-01 20:40:28,534 - src.data.csv_processor - INFO - CSV文件读取成功: config\master\prg1\load.csv, 共11行
2025-11-01 20:40:28,534 - src.ui.main_window - WARNING - 从load.csv获取参数类型失败: 'list' object has no attribute 'get'
2025-11-01 20:40:28,534 - src.ui.main_window - WARNING - 无法获取当前程序序列，使用默认目录
2025-11-01 20:40:28,534 - src.data.csv_processor - INFO - CSV文件读取成功: config\master\prg1\cntrl.csv, 共67行
2025-11-01 20:40:28,534 - src.ui.main_window - WARNING - 从cntrl.csv获取参数类型失败: 'list' object has no attribute 'get'
2025-11-01 20:40:28,534 - src.ui.main_window - WARNING - 无法获取当前程序序列，使用默认目录
2025-11-01 20:40:28,534 - src.data.csv_processor - INFO - CSV文件读取成功: config\master\prg1\load.csv, 共11行
2025-11-01 20:40:28,534 - src.ui.main_window - WARNING - 从load.csv获取参数类型失败: 'list' object has no attribute 'get'
2025-11-01 20:40:28,534 - src.ui.main_window - WARNING - 无法获取当前程序序列，使用默认目录
2025-11-01 20:40:28,534 - src.data.csv_processor - INFO - CSV文件读取成功: config\master\prg1\cntrl.csv, 共67行
2025-11-01 20:40:28,534 - src.ui.main_window - WARNING - 从cntrl.csv获取参数类型失败: 'list' object has no attribute 'get'
2025-11-01 20:40:28,534 - src.ui.main_window - WARNING - 无法获取当前程序序列，使用默认目录
2025-11-01 20:40:28,534 - src.data.csv_processor - INFO - CSV文件读取成功: config\master\prg1\load.csv, 共11行
2025-11-01 20:40:28,534 - src.ui.main_window - WARNING - 从load.csv获取参数类型失败: 'list' object has no attribute 'get'
2025-11-01 20:40:28,534 - src.ui.main_window - WARNING - 无法获取当前程序序列，使用默认目录
2025-11-01 20:40:28,534 - src.data.csv_processor - INFO - CSV文件读取成功: config\master\prg1\cntrl.csv, 共67行
2025-11-01 20:40:28,534 - src.ui.main_window - WARNING - 从cntrl.csv获取参数类型失败: 'list' object has no attribute 'get'
2025-11-01 20:40:28,534 - src.ui.main_window - WARNING - 无法获取当前程序序列，使用默认目录
2025-11-01 20:40:28,534 - src.data.csv_processor - INFO - CSV文件读取成功: config\master\prg1\load.csv, 共11行
2025-11-01 20:40:28,539 - src.ui.main_window - WARNING - 从load.csv获取参数类型失败: 'list' object has no attribute 'get'
2025-11-01 20:40:28,539 - src.ui.main_window - WARNING - 无法获取当前程序序列，使用默认目录
2025-11-01 20:40:28,539 - src.data.csv_processor - INFO - CSV文件读取成功: config\master\prg1\cntrl.csv, 共67行
2025-11-01 20:40:28,539 - src.ui.main_window - WARNING - 从cntrl.csv获取参数类型失败: 'list' object has no attribute 'get'
2025-11-01 20:40:28,539 - src.ui.main_window - WARNING - 无法获取当前程序序列，使用默认目录
2025-11-01 20:40:28,539 - src.data.csv_processor - INFO - CSV文件读取成功: config\master\prg1\load.csv, 共11行
2025-11-01 20:40:28,540 - src.ui.main_window - WARNING - 从load.csv获取参数类型失败: 'list' object has no attribute 'get'
2025-11-01 20:40:28,540 - src.ui.main_window - WARNING - 无法获取当前程序序列，使用默认目录
2025-11-01 20:40:28,540 - src.data.csv_processor - INFO - CSV文件读取成功: config\master\prg1\cntrl.csv, 共67行
2025-11-01 20:40:28,540 - src.ui.main_window - WARNING - 从cntrl.csv获取参数类型失败: 'list' object has no attribute 'get'
2025-11-01 20:40:28,540 - src.ui.main_window - WARNING - 无法获取当前程序序列，使用默认目录
2025-11-01 20:40:28,541 - src.data.csv_processor - INFO - CSV文件读取成功: config\master\prg1\load.csv, 共11行
2025-11-01 20:40:28,541 - src.ui.main_window - WARNING - 从load.csv获取参数类型失败: 'list' object has no attribute 'get'
2025-11-01 20:40:28,541 - src.ui.main_window - WARNING - 无法获取当前程序序列，使用默认目录
2025-11-01 20:40:28,541 - src.data.csv_processor - INFO - CSV文件读取成功: config\master\prg1\cntrl.csv, 共67行
2025-11-01 20:40:28,541 - src.ui.main_window - WARNING - 从cntrl.csv获取参数类型失败: 'list' object has no attribute 'get'
2025-11-01 20:40:28,541 - src.ui.main_window - WARNING - 无法获取当前程序序列，使用默认目录
2025-11-01 20:40:28,542 - src.data.csv_processor - INFO - CSV文件读取成功: config\master\prg1\load.csv, 共11行
2025-11-01 20:40:28,542 - src.ui.main_window - WARNING - 从load.csv获取参数类型失败: 'list' object has no attribute 'get'
2025-11-01 20:40:28,542 - src.ui.main_window - WARNING - 无法获取当前程序序列，使用默认目录
2025-11-01 20:40:28,543 - src.data.csv_processor - INFO - CSV文件读取成功: config\master\prg1\cntrl.csv, 共67行
2025-11-01 20:40:28,543 - src.ui.main_window - WARNING - 从cntrl.csv获取参数类型失败: 'list' object has no attribute 'get'
2025-11-01 20:40:28,543 - src.ui.main_window - WARNING - 无法获取当前程序序列，使用默认目录
2025-11-01 20:40:28,543 - src.data.csv_processor - INFO - CSV文件读取成功: config\master\prg1\load.csv, 共11行
2025-11-01 20:40:28,543 - src.ui.main_window - WARNING - 从load.csv获取参数类型失败: 'list' object has no attribute 'get'
2025-11-01 20:40:28,543 - src.ui.main_window - WARNING - 无法获取当前程序序列，使用默认目录
2025-11-01 20:40:28,543 - src.data.csv_processor - INFO - CSV文件读取成功: config\master\prg1\cntrl.csv, 共67行
2025-11-01 20:40:28,543 - src.ui.main_window - WARNING - 从cntrl.csv获取参数类型失败: 'list' object has no attribute 'get'
2025-11-01 20:40:28,543 - src.ui.main_window - WARNING - 无法获取当前程序序列，使用默认目录
2025-11-01 20:40:28,543 - src.data.csv_processor - INFO - CSV文件读取成功: config\master\prg1\load.csv, 共11行
2025-11-01 20:40:28,543 - src.ui.main_window - WARNING - 从load.csv获取参数类型失败: 'list' object has no attribute 'get'
2025-11-01 20:40:28,543 - src.ui.main_window - WARNING - 无法获取当前程序序列，使用默认目录
2025-11-01 20:40:28,543 - src.data.csv_processor - INFO - CSV文件读取成功: config\master\prg1\cntrl.csv, 共67行
2025-11-01 20:40:28,543 - src.ui.main_window - WARNING - 从cntrl.csv获取参数类型失败: 'list' object has no attribute 'get'
2025-11-01 20:40:28,543 - src.ui.main_window - WARNING - 无法获取当前程序序列，使用默认目录
2025-11-01 20:40:28,543 - src.data.csv_processor - INFO - CSV文件读取成功: config\master\prg1\load.csv, 共11行
2025-11-01 20:40:28,543 - src.ui.main_window - WARNING - 从load.csv获取参数类型失败: 'list' object has no attribute 'get'
2025-11-01 20:40:28,543 - src.ui.main_window - WARNING - 无法获取当前程序序列，使用默认目录
2025-11-01 20:40:28,543 - src.data.csv_processor - INFO - CSV文件读取成功: config\master\prg1\cntrl.csv, 共67行
2025-11-01 20:40:28,543 - src.ui.main_window - WARNING - 从cntrl.csv获取参数类型失败: 'list' object has no attribute 'get'
2025-11-01 20:40:28,543 - src.ui.main_window - WARNING - 无法获取当前程序序列，使用默认目录
2025-11-01 20:40:28,543 - src.data.csv_processor - INFO - CSV文件读取成功: config\master\prg1\load.csv, 共11行
2025-11-01 20:40:28,543 - src.ui.main_window - WARNING - 从load.csv获取参数类型失败: 'list' object has no attribute 'get'
2025-11-01 20:40:28,549 - src.ui.main_window - WARNING - 无法获取当前程序序列，使用默认目录
2025-11-01 20:40:28,549 - src.data.csv_processor - INFO - CSV文件读取成功: config\master\prg1\cntrl.csv, 共67行
2025-11-01 20:40:28,549 - src.ui.main_window - WARNING - 从cntrl.csv获取参数类型失败: 'list' object has no attribute 'get'
2025-11-01 20:40:28,549 - src.ui.main_window - WARNING - 无法获取当前程序序列，使用默认目录
2025-11-01 20:40:28,549 - src.data.csv_processor - INFO - CSV文件读取成功: config\master\prg1\load.csv, 共11行
2025-11-01 20:40:28,549 - src.ui.main_window - WARNING - 从load.csv获取参数类型失败: 'list' object has no attribute 'get'
2025-11-01 20:40:28,549 - src.ui.main_window - WARNING - 无法获取当前程序序列，使用默认目录
2025-11-01 20:40:28,551 - src.data.csv_processor - INFO - CSV文件读取成功: config\master\prg1\cntrl.csv, 共67行
2025-11-01 20:40:28,551 - src.ui.main_window - WARNING - 从cntrl.csv获取参数类型失败: 'list' object has no attribute 'get'
2025-11-01 20:40:28,551 - src.ui.main_window - WARNING - 无法获取当前程序序列，使用默认目录
2025-11-01 20:40:28,551 - src.data.csv_processor - INFO - CSV文件读取成功: config\master\prg1\load.csv, 共11行
2025-11-01 20:40:28,551 - src.ui.main_window - WARNING - 从load.csv获取参数类型失败: 'list' object has no attribute 'get'
2025-11-01 20:40:28,551 - src.ui.main_window - WARNING - 无法获取当前程序序列，使用默认目录
2025-11-01 20:40:28,552 - src.data.csv_processor - INFO - CSV文件读取成功: config\master\prg1\cntrl.csv, 共67行
2025-11-01 20:40:28,552 - src.ui.main_window - WARNING - 从cntrl.csv获取参数类型失败: 'list' object has no attribute 'get'
2025-11-01 20:40:28,552 - src.ui.main_window - WARNING - 无法获取当前程序序列，使用默认目录
2025-11-01 20:40:28,552 - src.data.csv_processor - INFO - CSV文件读取成功: config\master\prg1\load.csv, 共11行
2025-11-01 20:40:28,552 - src.ui.main_window - WARNING - 从load.csv获取参数类型失败: 'list' object has no attribute 'get'
2025-11-01 20:40:28,553 - src.ui.main_window - WARNING - 无法获取当前程序序列，使用默认目录
2025-11-01 20:40:28,553 - src.data.csv_processor - INFO - CSV文件读取成功: config\master\prg1\cntrl.csv, 共67行
2025-11-01 20:40:28,553 - src.ui.main_window - WARNING - 从cntrl.csv获取参数类型失败: 'list' object has no attribute 'get'
2025-11-01 20:40:39,011 - src.communication.named_pipe - WARNING - 命名管道服务器未在运行
2025-11-01 20:40:39,011 - src.data.file_manager - INFO - 所有文件已关闭
2025-11-01 20:43:25,900 - DNCSystem - INFO - DNC Python 系统启动
2025-11-01 20:43:25,900 - src.data.csv_processor - INFO - CSV文件读取为字典成功: config\master\ini.csv, 共48行
2025-11-01 20:43:25,900 - src.core.config - INFO - 加载ini.csv配置: 48行
2025-11-01 20:43:25,900 - src.core.config - INFO - 处理配置项: DEFINE=TB_modelTextStringSize, VALUE=26
2025-11-01 20:43:25,900 - src.core.config - INFO - 处理配置项: DEFINE=TextStringSize, VALUE=24
2025-11-01 20:43:25,900 - src.core.config - INFO - 处理配置项: DEFINE=LabelStringSize, VALUE=16
2025-11-01 20:43:25,911 - src.core.config - INFO - 处理配置项: DEFINE=ButtnStringSize, VALUE=20
2025-11-01 20:43:25,911 - src.core.config - INFO - 处理配置项: DEFINE=TxtBorderStyle, VALUE=0
2025-11-01 20:43:25,911 - src.core.config - INFO - 处理配置项: DEFINE=DrawingFlg, VALUE=0
2025-11-01 20:43:25,911 - src.core.config - INFO - 处理配置项: DEFINE=DrawingBorderStype, VALUE=1
2025-11-01 20:43:25,911 - src.core.config - INFO - 处理配置项: DEFINE=DrawingWidth, VALUE=480
2025-11-01 20:43:25,911 - src.core.config - INFO - 处理配置项: DEFINE=DrawingHeight, VALUE=430
2025-11-01 20:43:25,913 - src.core.config - INFO - 处理配置项: DEFINE=WaitTime_AfterSend, VALUE=3
2025-11-01 20:43:25,913 - src.core.config - INFO - 处理配置项: DEFINE=WaitTime_TB_Focus, VALUE=1000
2025-11-01 20:43:25,913 - src.core.config - INFO - 处理配置项: DEFINE=TextMaxInputNum, VALUE=4
2025-11-01 20:43:25,913 - src.core.config - INFO - 处理配置项: DEFINE=BarCodeHeaderStrNum, VALUE=11
2025-11-01 20:43:25,914 - src.core.config - INFO - 设置条码头长度: 11
2025-11-01 20:43:25,914 - src.core.config - INFO - 处理配置项: DEFINE=onofftxt, VALUE=C:\macro\onoff.txt
2025-11-01 20:43:25,914 - src.core.config - INFO - 处理配置项: DEFINE=macrotxt, VALUE=C:\macro\macro.txt
2025-11-01 20:43:25,914 - src.core.config - INFO - 处理配置项: DEFINE=Btn_ChngPrm_text, VALUE=壛岺曽岦
2025-11-01 20:43:25,914 - src.core.config - INFO - 处理配置项: DEFINE=Btn_keyboard_text, VALUE=KeyBoard
2025-11-01 20:43:25,914 - src.core.config - INFO - 处理配置项: DEFINE=Btn_send_text, VALUE=
2025-11-01 20:43:25,914 - src.core.config - INFO - 处理配置项: DEFINE=TB_alart_text_machineON, VALUE=
2025-11-01 20:43:25,915 - src.core.config - INFO - 处理配置项: DEFINE=TB_alart_text_send, VALUE=
2025-11-01 20:43:25,915 - src.core.config - INFO - 处理配置项: DEFINE=MeasureValueLength, VALUE=4
2025-11-01 20:43:25,915 - src.core.config - INFO - 处理配置项: DEFINE=MeasureTextColor, VALUE=blue
2025-11-01 20:43:25,915 - src.core.config - INFO - 处理配置项: DEFINE=AutoSendFlg, VALUE=0
2025-11-01 20:43:25,915 - src.core.config - INFO - 处理配置项: DEFINE=Btn_add_text, VALUE=楢懕擖椡
2025-11-01 20:43:25,915 - src.core.config - INFO - 处理配置项: DEFINE=POInfoRecordFlg, VALUE=1
2025-11-01 20:43:25,916 - src.core.config - INFO - 处理配置项: DEFINE=POReadFlg, VALUE=0
2025-11-01 20:43:25,916 - src.core.config - INFO - 处理配置项: DEFINE=POAddress, VALUE=C:\macro\CCC.csv
2025-11-01 20:43:25,916 - src.core.config - INFO - 处理配置项: DEFINE=WorkInfoRecordFlg, VALUE=0
2025-11-01 20:43:25,916 - src.core.config - INFO - 处理配置项: DEFINE=Btn_chgOperator_text, VALUE=嶌嬈幰曄峏
2025-11-01 20:43:25,916 - src.core.config - INFO - 处理配置项: DEFINE=MachineID, VALUE=
2025-11-01 20:43:25,917 - src.core.config - INFO - 处理配置项: DEFINE=PRO_STATUS_CD, VALUE=
2025-11-01 20:43:25,917 - src.core.config - INFO - 处理配置项: DEFINE=PRO_S_STATUS_CD, VALUE=
2025-11-01 20:43:25,917 - src.core.config - INFO - 处理配置项: DEFINE=SendFileFormat, VALUE=1
2025-11-01 20:43:25,918 - src.core.config - INFO - 处理配置项: DEFINE=ScreenSizeRatio, VALUE=83
2025-11-01 20:43:25,918 - src.core.config - INFO - 处理配置项: DEFINE=commandtxt, VALUE=C:\macro\command.txt
2025-11-01 20:43:25,919 - src.core.config - INFO - 处理配置项: DEFINE=TopMacro, VALUE=500
2025-11-01 20:43:25,919 - src.core.config - INFO - 处理配置项: DEFINE=EndMacro, VALUE=600
2025-11-01 20:43:25,919 - src.core.config - INFO - 处理配置项: DEFINE=SmacroBrother, VALUE=C:\SBrotherNcSys\SBrotherNcSys.exe
2025-11-01 20:43:25,919 - src.core.config - INFO - 处理配置项: DEFINE=QRmode, VALUE=1
2025-11-01 20:43:25,919 - src.core.config - INFO - 设置QR模式: 1
2025-11-01 20:43:25,920 - src.core.config - INFO - 处理配置项: DEFINE=POplc, VALUE=1
2025-11-01 20:43:25,920 - src.core.config - INFO - 设置PO位置: 1
2025-11-01 20:43:25,920 - src.core.config - INFO - 处理配置项: DEFINE=MODELplc, VALUE=2
2025-11-01 20:43:25,920 - src.core.config - INFO - 设置型号位置: 2
2025-11-01 20:43:25,921 - src.core.config - INFO - 处理配置项: DEFINE=QTYplc, VALUE=3
2025-11-01 20:43:25,921 - src.core.config - INFO - 设置数量位置: 3
2025-11-01 20:43:25,921 - src.core.config - INFO - 处理配置项: DEFINE=QRspltStr, VALUE=@
2025-11-01 20:43:25,921 - src.core.config - INFO - 设置QR分隔符: @
2025-11-01 20:43:25,921 - src.core.config - INFO - 处理配置项: DEFINE=PrgAutoChangeFlg, VALUE=0
2025-11-01 20:43:25,921 - src.core.config - INFO - 处理配置项: DEFINE=MonitoringFolder, VALUE=
2025-11-01 20:43:25,921 - src.core.config - INFO - 处理配置项: DEFINE=DLWaitTime, VALUE=5000
2025-11-01 20:43:25,921 - src.core.config - INFO - 处理配置项: DEFINE=DecimalPlace, VALUE=2
2025-11-01 20:43:25,921 - src.core.config - INFO - 设置小数位数: 2
2025-11-01 20:43:25,921 - src.core.config - INFO - 处理配置项: DEFINE=UseFixedFilename, VALUE=0
2025-11-01 20:43:25,923 - src.core.config - INFO - 最终QR配置: qr_mode=1, model_place=2, split_str='@'
2025-11-01 20:43:25,923 - src.core.config - INFO - 配置加载成功
2025-11-01 20:43:25,923 - src.data.csv_processor - INFO - CSV文件读取为字典成功: config\master\ini.csv, 共48行
2025-11-01 20:43:25,924 - src.data.csv_processor - INFO - CSV文件读取为字典成功: config\master\ini.csv, 共48行
2025-11-01 20:43:25,925 - src.data.csv_processor - INFO - CSV文件读取为字典成功: config\master\header.csv, 共5行
2025-11-01 20:43:25,925 - src.data.csv_processor - INFO - CSV文件读取为字典成功: config\master\type_define.csv, 共9行
2025-11-01 20:43:25,926 - src.data.csv_processor - INFO - CSV文件读取为字典成功: config\master\type_relation.csv, 共0行
2025-11-01 20:43:25,928 - src.data.csv_processor - INFO - CSV文件读取为字典成功: config\master\type_chngvl.csv, 共0行
2025-11-01 20:43:25,929 - src.data.csv_processor - INFO - CSV文件读取为字典成功: config\master\type_prg.csv, 共9行
2025-11-01 20:43:25,929 - src.data.csv_processor - INFO - CSV文件读取为字典成功: config\master\prg.csv, 共2行
2025-11-01 20:43:25,941 - DNCSystem - INFO - DNC Python 系统初始化成功
2025-11-01 20:43:26,587 - src.ui.main_window - WARNING - 无法获取当前程序序列，使用默认目录
2025-11-01 20:43:26,610 - src.ui.main_window - INFO - 宏文件生成器初始化成功
2025-11-01 20:43:55,102 - src.ui.main_window - INFO - 参数已更新: {'basic': {'workpiece_name': '', 'workpiece_id': '', 'process_type': '铣削', 'precision': '普通'}, 'geometry': {'length': 0.0, 'width': 0.0, 'height': 0.0, 'diameter': 0.0, 'angle': 0.0}, 'process': {'spindle_speed': 0.0, 'feed_rate': 0.0, 'cut_depth': 0.0, 'cut_width': 0.0}, 'material': {'material_type': '碳钢', 'material_hardness': '软', 'material_strength': 0.0}, 'model': {'model_type': '自动识别', 'model_description': '1234@GPA20GT15040_A-H8@3', 'current_model': None}}
2025-11-01 20:43:55,111 - src.data.csv_processor - INFO - CSV文件读取为字典成功: config\master\header.csv, 共5行
2025-11-01 20:43:55,111 - src.ui.main_window - INFO - 型号识别完成: {'model': 'GPA20GT15040_A-H8', 'qr_code': '1234@GPA20GT15040_A-H8@3', 'po': '1234', 'quantity': '3', 'recognition_mode': 'QR', 'confidence': 1.0, 'error_message': None}
2025-11-01 20:44:00,816 - src.ui.main_window - INFO - 转让按钮点击，参数: {'#1': '', '#2': '', '#3': '', '#4': '', '#5': '', '#6': '', '#7': '', '#8': '', '#9': '', '#10': '', '#11': 'defineBTC', '#12': 'defineTL', '#500': '', '#501': '1', '#502': '1', '#503': '关系1', '#504': '关系1', '#505': '', '#506': '', '#507': '', '#508': '选项1', '#509': '关系1', '#510': '关系1', '#511': '10.19', '#512': '9.68', '#513': '关系1', '#514': '', '#515': '', '#516': '关系1', '#517': '', '#518': '', '#519': '7', '#520': '', '#521': '', '#522': '关系1', '#523': '', '#524': '', '#525': '', '#526': '', '#527': '', '#528': '关系1', '#529': '', '#530': '', '#531': '', '#532': '', '#533': '', '#534': '', '#535': '', '#536': '', '#537': '', '#538': '', '#539': '', '#540': '', '#541': '', '#542': '', '#543': '', '#544': '', '#545': '关系1', '#546': '关系1', '#547': '关系1', '#548': '', '#549': '', '#550': '', '#602': False, '#603': '0', '#605': 'relationYSTA'}
2025-11-01 20:44:00,817 - src.ui.main_window - WARNING - 无法获取当前程序序列，使用默认目录
2025-11-01 20:44:00,817 - src.data.csv_processor - INFO - CSV文件读取成功: config\master\prg1\load.csv, 共11行
2025-11-01 20:44:00,817 - src.ui.main_window - WARNING - 从load.csv获取参数类型失败: 'list' object has no attribute 'get'
2025-11-01 20:44:00,817 - src.ui.main_window - WARNING - 无法获取当前程序序列，使用默认目录
2025-11-01 20:44:00,817 - src.data.csv_processor - INFO - CSV文件读取成功: config\master\prg1\cntrl.csv, 共67行
2025-11-01 20:44:00,817 - src.ui.main_window - WARNING - 从cntrl.csv获取参数类型失败: 'list' object has no attribute 'get'
2025-11-01 20:44:00,817 - src.ui.main_window - WARNING - 无法获取当前程序序列，使用默认目录
2025-11-01 20:44:00,817 - src.data.csv_processor - INFO - CSV文件读取成功: config\master\prg1\load.csv, 共11行
2025-11-01 20:44:00,817 - src.ui.main_window - WARNING - 从load.csv获取参数类型失败: 'list' object has no attribute 'get'
2025-11-01 20:44:00,817 - src.ui.main_window - WARNING - 无法获取当前程序序列，使用默认目录
2025-11-01 20:44:00,817 - src.data.csv_processor - INFO - CSV文件读取成功: config\master\prg1\cntrl.csv, 共67行
2025-11-01 20:44:00,817 - src.ui.main_window - WARNING - 从cntrl.csv获取参数类型失败: 'list' object has no attribute 'get'
2025-11-01 20:44:00,817 - src.ui.main_window - WARNING - 无法获取当前程序序列，使用默认目录
2025-11-01 20:44:00,817 - src.data.csv_processor - INFO - CSV文件读取成功: config\master\prg1\load.csv, 共11行
2025-11-01 20:44:00,823 - src.ui.main_window - WARNING - 从load.csv获取参数类型失败: 'list' object has no attribute 'get'
2025-11-01 20:44:00,823 - src.ui.main_window - WARNING - 无法获取当前程序序列，使用默认目录
2025-11-01 20:44:00,823 - src.data.csv_processor - INFO - CSV文件读取成功: config\master\prg1\cntrl.csv, 共67行
2025-11-01 20:44:00,824 - src.ui.main_window - WARNING - 从cntrl.csv获取参数类型失败: 'list' object has no attribute 'get'
2025-11-01 20:44:00,824 - src.ui.main_window - WARNING - 无法获取当前程序序列，使用默认目录
2025-11-01 20:44:00,824 - src.data.csv_processor - INFO - CSV文件读取成功: config\master\prg1\load.csv, 共11行
2025-11-01 20:44:00,825 - src.ui.main_window - WARNING - 从load.csv获取参数类型失败: 'list' object has no attribute 'get'
2025-11-01 20:44:00,825 - src.ui.main_window - WARNING - 无法获取当前程序序列，使用默认目录
2025-11-01 20:44:00,826 - src.data.csv_processor - INFO - CSV文件读取成功: config\master\prg1\cntrl.csv, 共67行
2025-11-01 20:44:00,826 - src.ui.main_window - WARNING - 从cntrl.csv获取参数类型失败: 'list' object has no attribute 'get'
2025-11-01 20:44:00,826 - src.ui.main_window - WARNING - 无法获取当前程序序列，使用默认目录
2025-11-01 20:44:00,827 - src.data.csv_processor - INFO - CSV文件读取成功: config\master\prg1\load.csv, 共11行
2025-11-01 20:44:00,827 - src.ui.main_window - WARNING - 从load.csv获取参数类型失败: 'list' object has no attribute 'get'
2025-11-01 20:44:00,827 - src.ui.main_window - WARNING - 无法获取当前程序序列，使用默认目录
2025-11-01 20:44:00,828 - src.data.csv_processor - INFO - CSV文件读取成功: config\master\prg1\cntrl.csv, 共67行
2025-11-01 20:44:00,828 - src.ui.main_window - WARNING - 从cntrl.csv获取参数类型失败: 'list' object has no attribute 'get'
2025-11-01 20:44:00,828 - src.ui.main_window - WARNING - 无法获取当前程序序列，使用默认目录
2025-11-01 20:44:00,828 - src.data.csv_processor - INFO - CSV文件读取成功: config\master\prg1\load.csv, 共11行
2025-11-01 20:44:00,828 - src.ui.main_window - WARNING - 从load.csv获取参数类型失败: 'list' object has no attribute 'get'
2025-11-01 20:44:00,828 - src.ui.main_window - WARNING - 无法获取当前程序序列，使用默认目录
2025-11-01 20:44:00,828 - src.data.csv_processor - INFO - CSV文件读取成功: config\master\prg1\cntrl.csv, 共67行
2025-11-01 20:44:00,828 - src.ui.main_window - WARNING - 从cntrl.csv获取参数类型失败: 'list' object has no attribute 'get'
2025-11-01 20:44:00,828 - src.ui.main_window - WARNING - 无法获取当前程序序列，使用默认目录
2025-11-01 20:44:00,828 - src.data.csv_processor - INFO - CSV文件读取成功: config\master\prg1\load.csv, 共11行
2025-11-01 20:44:00,828 - src.ui.main_window - WARNING - 从load.csv获取参数类型失败: 'list' object has no attribute 'get'
2025-11-01 20:44:00,828 - src.ui.main_window - WARNING - 无法获取当前程序序列，使用默认目录
2025-11-01 20:44:00,828 - src.data.csv_processor - INFO - CSV文件读取成功: config\master\prg1\cntrl.csv, 共67行
2025-11-01 20:44:00,828 - src.ui.main_window - WARNING - 从cntrl.csv获取参数类型失败: 'list' object has no attribute 'get'
2025-11-01 20:44:00,828 - src.ui.main_window - WARNING - 无法获取当前程序序列，使用默认目录
2025-11-01 20:44:00,833 - src.data.csv_processor - INFO - CSV文件读取成功: config\master\prg1\load.csv, 共11行
2025-11-01 20:44:00,833 - src.ui.main_window - WARNING - 从load.csv获取参数类型失败: 'list' object has no attribute 'get'
2025-11-01 20:44:00,833 - src.ui.main_window - WARNING - 无法获取当前程序序列，使用默认目录
2025-11-01 20:44:00,833 - src.data.csv_processor - INFO - CSV文件读取成功: config\master\prg1\cntrl.csv, 共67行
2025-11-01 20:44:00,834 - src.ui.main_window - WARNING - 从cntrl.csv获取参数类型失败: 'list' object has no attribute 'get'
2025-11-01 20:44:00,834 - src.ui.main_window - WARNING - 无法获取当前程序序列，使用默认目录
2025-11-01 20:44:00,834 - src.data.csv_processor - INFO - CSV文件读取成功: config\master\prg1\load.csv, 共11行
2025-11-01 20:44:00,834 - src.ui.main_window - WARNING - 从load.csv获取参数类型失败: 'list' object has no attribute 'get'
2025-11-01 20:44:00,834 - src.ui.main_window - WARNING - 无法获取当前程序序列，使用默认目录
2025-11-01 20:44:00,835 - src.data.csv_processor - INFO - CSV文件读取成功: config\master\prg1\cntrl.csv, 共67行
2025-11-01 20:44:00,835 - src.ui.main_window - WARNING - 从cntrl.csv获取参数类型失败: 'list' object has no attribute 'get'
2025-11-01 20:44:00,835 - src.ui.main_window - WARNING - 无法获取当前程序序列，使用默认目录
2025-11-01 20:44:00,835 - src.data.csv_processor - INFO - CSV文件读取成功: config\master\prg1\load.csv, 共11行
2025-11-01 20:44:00,835 - src.ui.main_window - WARNING - 从load.csv获取参数类型失败: 'list' object has no attribute 'get'
2025-11-01 20:44:00,836 - src.ui.main_window - WARNING - 无法获取当前程序序列，使用默认目录
2025-11-01 20:44:00,836 - src.data.csv_processor - INFO - CSV文件读取成功: config\master\prg1\cntrl.csv, 共67行
2025-11-01 20:44:00,836 - src.ui.main_window - WARNING - 从cntrl.csv获取参数类型失败: 'list' object has no attribute 'get'
2025-11-01 20:44:00,836 - src.ui.main_window - WARNING - 无法获取当前程序序列，使用默认目录
2025-11-01 20:44:00,836 - src.data.csv_processor - INFO - CSV文件读取成功: config\master\prg1\load.csv, 共11行
2025-11-01 20:44:00,837 - src.ui.main_window - WARNING - 从load.csv获取参数类型失败: 'list' object has no attribute 'get'
2025-11-01 20:44:00,837 - src.ui.main_window - WARNING - 无法获取当前程序序列，使用默认目录
2025-11-01 20:44:00,837 - src.data.csv_processor - INFO - CSV文件读取成功: config\master\prg1\cntrl.csv, 共67行
2025-11-01 20:44:00,837 - src.ui.main_window - WARNING - 从cntrl.csv获取参数类型失败: 'list' object has no attribute 'get'
2025-11-01 20:44:00,838 - src.ui.main_window - WARNING - 无法获取当前程序序列，使用默认目录
2025-11-01 20:44:00,838 - src.data.csv_processor - INFO - CSV文件读取成功: config\master\prg1\load.csv, 共11行
2025-11-01 20:44:00,839 - src.ui.main_window - WARNING - 从load.csv获取参数类型失败: 'list' object has no attribute 'get'
2025-11-01 20:44:00,839 - src.ui.main_window - WARNING - 无法获取当前程序序列，使用默认目录
2025-11-01 20:44:00,839 - src.data.csv_processor - INFO - CSV文件读取成功: config\master\prg1\cntrl.csv, 共67行
2025-11-01 20:44:00,839 - src.ui.main_window - WARNING - 从cntrl.csv获取参数类型失败: 'list' object has no attribute 'get'
2025-11-01 20:44:00,839 - src.ui.main_window - WARNING - 无法获取当前程序序列，使用默认目录
2025-11-01 20:44:00,840 - src.data.csv_processor - INFO - CSV文件读取成功: config\master\prg1\load.csv, 共11行
2025-11-01 20:44:00,840 - src.ui.main_window - WARNING - 从load.csv获取参数类型失败: 'list' object has no attribute 'get'
2025-11-01 20:44:00,840 - src.ui.main_window - WARNING - 无法获取当前程序序列，使用默认目录
2025-11-01 20:44:00,841 - src.data.csv_processor - INFO - CSV文件读取成功: config\master\prg1\cntrl.csv, 共67行
2025-11-01 20:44:00,841 - src.ui.main_window - WARNING - 从cntrl.csv获取参数类型失败: 'list' object has no attribute 'get'
2025-11-01 20:44:00,841 - src.ui.main_window - WARNING - 无法获取当前程序序列，使用默认目录
2025-11-01 20:44:00,841 - src.data.csv_processor - INFO - CSV文件读取成功: config\master\prg1\load.csv, 共11行
2025-11-01 20:44:00,841 - src.ui.main_window - WARNING - 从load.csv获取参数类型失败: 'list' object has no attribute 'get'
2025-11-01 20:44:00,841 - src.ui.main_window - WARNING - 无法获取当前程序序列，使用默认目录
2025-11-01 20:44:00,842 - src.data.csv_processor - INFO - CSV文件读取成功: config\master\prg1\cntrl.csv, 共67行
2025-11-01 20:44:00,842 - src.ui.main_window - WARNING - 从cntrl.csv获取参数类型失败: 'list' object has no attribute 'get'
2025-11-01 20:44:00,843 - src.ui.main_window - WARNING - 无法获取当前程序序列，使用默认目录
2025-11-01 20:44:00,843 - src.data.csv_processor - INFO - CSV文件读取成功: config\master\prg1\load.csv, 共11行
2025-11-01 20:44:00,843 - src.ui.main_window - WARNING - 从load.csv获取参数类型失败: 'list' object has no attribute 'get'
2025-11-01 20:44:00,843 - src.ui.main_window - WARNING - 无法获取当前程序序列，使用默认目录
2025-11-01 20:44:00,843 - src.data.csv_processor - INFO - CSV文件读取成功: config\master\prg1\cntrl.csv, 共67行
2025-11-01 20:44:00,843 - src.ui.main_window - WARNING - 从cntrl.csv获取参数类型失败: 'list' object has no attribute 'get'
2025-11-01 20:44:00,843 - src.ui.main_window - WARNING - 无法获取当前程序序列，使用默认目录
2025-11-01 20:44:00,845 - src.data.csv_processor - INFO - CSV文件读取成功: config\master\prg1\load.csv, 共11行
2025-11-01 20:44:00,845 - src.ui.main_window - WARNING - 从load.csv获取参数类型失败: 'list' object has no attribute 'get'
2025-11-01 20:44:00,845 - src.ui.main_window - WARNING - 无法获取当前程序序列，使用默认目录
2025-11-01 20:44:00,846 - src.data.csv_processor - INFO - CSV文件读取成功: config\master\prg1\cntrl.csv, 共67行
2025-11-01 20:44:00,846 - src.ui.main_window - WARNING - 从cntrl.csv获取参数类型失败: 'list' object has no attribute 'get'
2025-11-01 20:44:00,846 - src.ui.main_window - WARNING - 无法获取当前程序序列，使用默认目录
2025-11-01 20:44:00,846 - src.data.csv_processor - INFO - CSV文件读取成功: config\master\prg1\load.csv, 共11行
2025-11-01 20:44:00,846 - src.ui.main_window - WARNING - 从load.csv获取参数类型失败: 'list' object has no attribute 'get'
2025-11-01 20:44:00,846 - src.ui.main_window - WARNING - 无法获取当前程序序列，使用默认目录
2025-11-01 20:44:00,847 - src.data.csv_processor - INFO - CSV文件读取成功: config\master\prg1\cntrl.csv, 共67行
2025-11-01 20:44:00,847 - src.ui.main_window - WARNING - 从cntrl.csv获取参数类型失败: 'list' object has no attribute 'get'
2025-11-01 20:44:00,847 - src.ui.main_window - WARNING - 无法获取当前程序序列，使用默认目录
2025-11-01 20:44:00,848 - src.data.csv_processor - INFO - CSV文件读取成功: config\master\prg1\load.csv, 共11行
2025-11-01 20:44:00,848 - src.ui.main_window - WARNING - 从load.csv获取参数类型失败: 'list' object has no attribute 'get'
2025-11-01 20:44:00,848 - src.ui.main_window - WARNING - 无法获取当前程序序列，使用默认目录
2025-11-01 20:44:00,848 - src.data.csv_processor - INFO - CSV文件读取成功: config\master\prg1\cntrl.csv, 共67行
2025-11-01 20:44:00,848 - src.ui.main_window - WARNING - 从cntrl.csv获取参数类型失败: 'list' object has no attribute 'get'
2025-11-01 20:44:00,848 - src.ui.main_window - WARNING - 无法获取当前程序序列，使用默认目录
2025-11-01 20:44:00,848 - src.data.csv_processor - INFO - CSV文件读取成功: config\master\prg1\load.csv, 共11行
2025-11-01 20:44:00,848 - src.ui.main_window - WARNING - 从load.csv获取参数类型失败: 'list' object has no attribute 'get'
2025-11-01 20:44:00,848 - src.ui.main_window - WARNING - 无法获取当前程序序列，使用默认目录
2025-11-01 20:44:00,849 - src.data.csv_processor - INFO - CSV文件读取成功: config\master\prg1\cntrl.csv, 共67行
2025-11-01 20:44:00,849 - src.ui.main_window - WARNING - 从cntrl.csv获取参数类型失败: 'list' object has no attribute 'get'
2025-11-01 20:44:00,849 - src.ui.main_window - WARNING - 无法获取当前程序序列，使用默认目录
2025-11-01 20:44:00,849 - src.data.csv_processor - INFO - CSV文件读取成功: config\master\prg1\load.csv, 共11行
2025-11-01 20:44:00,849 - src.ui.main_window - WARNING - 从load.csv获取参数类型失败: 'list' object has no attribute 'get'
2025-11-01 20:44:00,849 - src.ui.main_window - WARNING - 无法获取当前程序序列，使用默认目录
2025-11-01 20:44:00,849 - src.data.csv_processor - INFO - CSV文件读取成功: config\master\prg1\cntrl.csv, 共67行
2025-11-01 20:44:00,849 - src.ui.main_window - WARNING - 从cntrl.csv获取参数类型失败: 'list' object has no attribute 'get'
2025-11-01 20:44:00,849 - src.ui.main_window - WARNING - 无法获取当前程序序列，使用默认目录
2025-11-01 20:44:00,849 - src.data.csv_processor - INFO - CSV文件读取成功: config\master\prg1\load.csv, 共11行
2025-11-01 20:44:00,849 - src.ui.main_window - WARNING - 从load.csv获取参数类型失败: 'list' object has no attribute 'get'
2025-11-01 20:44:00,849 - src.ui.main_window - WARNING - 无法获取当前程序序列，使用默认目录
2025-11-01 20:44:00,849 - src.data.csv_processor - INFO - CSV文件读取成功: config\master\prg1\cntrl.csv, 共67行
2025-11-01 20:44:00,849 - src.ui.main_window - WARNING - 从cntrl.csv获取参数类型失败: 'list' object has no attribute 'get'
2025-11-01 20:44:00,849 - src.ui.main_window - WARNING - 无法获取当前程序序列，使用默认目录
2025-11-01 20:44:00,849 - src.data.csv_processor - INFO - CSV文件读取成功: config\master\prg1\load.csv, 共11行
2025-11-01 20:44:00,849 - src.ui.main_window - WARNING - 从load.csv获取参数类型失败: 'list' object has no attribute 'get'
2025-11-01 20:44:00,849 - src.ui.main_window - WARNING - 无法获取当前程序序列，使用默认目录
2025-11-01 20:44:00,849 - src.data.csv_processor - INFO - CSV文件读取成功: config\master\prg1\cntrl.csv, 共67行
2025-11-01 20:44:00,849 - src.ui.main_window - WARNING - 从cntrl.csv获取参数类型失败: 'list' object has no attribute 'get'
2025-11-01 20:44:00,849 - src.ui.main_window - WARNING - 无法获取当前程序序列，使用默认目录
2025-11-01 20:44:00,853 - src.data.csv_processor - INFO - CSV文件读取成功: config\master\prg1\load.csv, 共11行
2025-11-01 20:44:00,854 - src.ui.main_window - WARNING - 从load.csv获取参数类型失败: 'list' object has no attribute 'get'
2025-11-01 20:44:00,854 - src.ui.main_window - WARNING - 无法获取当前程序序列，使用默认目录
2025-11-01 20:44:00,854 - src.data.csv_processor - INFO - CSV文件读取成功: config\master\prg1\cntrl.csv, 共67行
2025-11-01 20:44:00,854 - src.ui.main_window - WARNING - 从cntrl.csv获取参数类型失败: 'list' object has no attribute 'get'
2025-11-01 20:44:00,854 - src.ui.main_window - WARNING - 无法获取当前程序序列，使用默认目录
2025-11-01 20:44:00,855 - src.data.csv_processor - INFO - CSV文件读取成功: config\master\prg1\load.csv, 共11行
2025-11-01 20:44:00,855 - src.ui.main_window - WARNING - 从load.csv获取参数类型失败: 'list' object has no attribute 'get'
2025-11-01 20:44:00,855 - src.ui.main_window - WARNING - 无法获取当前程序序列，使用默认目录
2025-11-01 20:44:00,856 - src.data.csv_processor - INFO - CSV文件读取成功: config\master\prg1\cntrl.csv, 共67行
2025-11-01 20:44:00,856 - src.ui.main_window - WARNING - 从cntrl.csv获取参数类型失败: 'list' object has no attribute 'get'
2025-11-01 20:44:00,856 - src.ui.main_window - WARNING - 无法获取当前程序序列，使用默认目录
2025-11-01 20:44:00,856 - src.data.csv_processor - INFO - CSV文件读取成功: config\master\prg1\load.csv, 共11行
2025-11-01 20:44:00,856 - src.ui.main_window - WARNING - 从load.csv获取参数类型失败: 'list' object has no attribute 'get'
2025-11-01 20:44:00,856 - src.ui.main_window - WARNING - 无法获取当前程序序列，使用默认目录
2025-11-01 20:44:00,857 - src.data.csv_processor - INFO - CSV文件读取成功: config\master\prg1\cntrl.csv, 共67行
2025-11-01 20:44:00,857 - src.ui.main_window - WARNING - 从cntrl.csv获取参数类型失败: 'list' object has no attribute 'get'
2025-11-01 20:44:00,857 - src.ui.main_window - WARNING - 无法获取当前程序序列，使用默认目录
2025-11-01 20:44:00,857 - src.data.csv_processor - INFO - CSV文件读取成功: config\master\prg1\load.csv, 共11行
2025-11-01 20:44:00,857 - src.ui.main_window - WARNING - 从load.csv获取参数类型失败: 'list' object has no attribute 'get'
2025-11-01 20:44:00,857 - src.ui.main_window - WARNING - 无法获取当前程序序列，使用默认目录
2025-11-01 20:44:00,857 - src.data.csv_processor - INFO - CSV文件读取成功: config\master\prg1\cntrl.csv, 共67行
2025-11-01 20:44:00,857 - src.ui.main_window - WARNING - 从cntrl.csv获取参数类型失败: 'list' object has no attribute 'get'
2025-11-01 20:44:00,857 - src.ui.main_window - WARNING - 无法获取当前程序序列，使用默认目录
2025-11-01 20:44:00,857 - src.data.csv_processor - INFO - CSV文件读取成功: config\master\prg1\load.csv, 共11行
2025-11-01 20:44:00,857 - src.ui.main_window - WARNING - 从load.csv获取参数类型失败: 'list' object has no attribute 'get'
2025-11-01 20:44:00,857 - src.ui.main_window - WARNING - 无法获取当前程序序列，使用默认目录
2025-11-01 20:44:00,857 - src.data.csv_processor - INFO - CSV文件读取成功: config\master\prg1\cntrl.csv, 共67行
2025-11-01 20:44:00,857 - src.ui.main_window - WARNING - 从cntrl.csv获取参数类型失败: 'list' object has no attribute 'get'
2025-11-01 20:44:00,857 - src.ui.main_window - WARNING - 无法获取当前程序序列，使用默认目录
2025-11-01 20:44:00,857 - src.data.csv_processor - INFO - CSV文件读取成功: config\master\prg1\load.csv, 共11行
2025-11-01 20:44:00,857 - src.ui.main_window - WARNING - 从load.csv获取参数类型失败: 'list' object has no attribute 'get'
2025-11-01 20:44:00,857 - src.ui.main_window - WARNING - 无法获取当前程序序列，使用默认目录
2025-11-01 20:44:00,857 - src.data.csv_processor - INFO - CSV文件读取成功: config\master\prg1\cntrl.csv, 共67行
2025-11-01 20:44:00,857 - src.ui.main_window - WARNING - 从cntrl.csv获取参数类型失败: 'list' object has no attribute 'get'
2025-11-01 20:44:00,857 - src.ui.main_window - WARNING - 无法获取当前程序序列，使用默认目录
2025-11-01 20:44:00,857 - src.data.csv_processor - INFO - CSV文件读取成功: config\master\prg1\load.csv, 共11行
2025-11-01 20:44:00,857 - src.ui.main_window - WARNING - 从load.csv获取参数类型失败: 'list' object has no attribute 'get'
2025-11-01 20:44:00,857 - src.ui.main_window - WARNING - 无法获取当前程序序列，使用默认目录
2025-11-01 20:44:00,857 - src.data.csv_processor - INFO - CSV文件读取成功: config\master\prg1\cntrl.csv, 共67行
2025-11-01 20:44:00,857 - src.ui.main_window - WARNING - 从cntrl.csv获取参数类型失败: 'list' object has no attribute 'get'
2025-11-01 20:44:00,857 - src.ui.main_window - WARNING - 无法获取当前程序序列，使用默认目录
2025-11-01 20:44:00,863 - src.data.csv_processor - INFO - CSV文件读取成功: config\master\prg1\load.csv, 共11行
2025-11-01 20:44:00,863 - src.ui.main_window - WARNING - 从load.csv获取参数类型失败: 'list' object has no attribute 'get'
2025-11-01 20:44:00,864 - src.ui.main_window - WARNING - 无法获取当前程序序列，使用默认目录
2025-11-01 20:44:00,864 - src.data.csv_processor - INFO - CSV文件读取成功: config\master\prg1\cntrl.csv, 共67行
2025-11-01 20:44:00,864 - src.ui.main_window - WARNING - 从cntrl.csv获取参数类型失败: 'list' object has no attribute 'get'
2025-11-01 20:44:00,864 - src.ui.main_window - WARNING - 无法获取当前程序序列，使用默认目录
2025-11-01 20:44:00,865 - src.data.csv_processor - INFO - CSV文件读取成功: config\master\prg1\load.csv, 共11行
2025-11-01 20:44:00,865 - src.ui.main_window - WARNING - 从load.csv获取参数类型失败: 'list' object has no attribute 'get'
2025-11-01 20:44:00,865 - src.ui.main_window - WARNING - 无法获取当前程序序列，使用默认目录
2025-11-01 20:44:00,865 - src.data.csv_processor - INFO - CSV文件读取成功: config\master\prg1\cntrl.csv, 共67行
2025-11-01 20:44:00,865 - src.ui.main_window - WARNING - 从cntrl.csv获取参数类型失败: 'list' object has no attribute 'get'
2025-11-01 20:44:00,866 - src.ui.main_window - WARNING - 无法获取当前程序序列，使用默认目录
2025-11-01 20:44:00,866 - src.data.csv_processor - INFO - CSV文件读取成功: config\master\prg1\load.csv, 共11行
2025-11-01 20:44:00,866 - src.ui.main_window - WARNING - 从load.csv获取参数类型失败: 'list' object has no attribute 'get'
2025-11-01 20:44:00,866 - src.ui.main_window - WARNING - 无法获取当前程序序列，使用默认目录
2025-11-01 20:44:00,866 - src.data.csv_processor - INFO - CSV文件读取成功: config\master\prg1\cntrl.csv, 共67行
2025-11-01 20:44:00,867 - src.ui.main_window - WARNING - 从cntrl.csv获取参数类型失败: 'list' object has no attribute 'get'
2025-11-01 20:44:00,867 - src.ui.main_window - WARNING - 无法获取当前程序序列，使用默认目录
2025-11-01 20:44:00,867 - src.data.csv_processor - INFO - CSV文件读取成功: config\master\prg1\load.csv, 共11行
2025-11-01 20:44:00,867 - src.ui.main_window - WARNING - 从load.csv获取参数类型失败: 'list' object has no attribute 'get'
2025-11-01 20:44:00,867 - src.ui.main_window - WARNING - 无法获取当前程序序列，使用默认目录
2025-11-01 20:44:00,867 - src.data.csv_processor - INFO - CSV文件读取成功: config\master\prg1\cntrl.csv, 共67行
2025-11-01 20:44:00,867 - src.ui.main_window - WARNING - 从cntrl.csv获取参数类型失败: 'list' object has no attribute 'get'
2025-11-01 20:44:00,867 - src.ui.main_window - WARNING - 无法获取当前程序序列，使用默认目录
2025-11-01 20:44:00,867 - src.data.csv_processor - INFO - CSV文件读取成功: config\master\prg1\load.csv, 共11行
2025-11-01 20:44:00,867 - src.ui.main_window - WARNING - 从load.csv获取参数类型失败: 'list' object has no attribute 'get'
2025-11-01 20:44:00,867 - src.ui.main_window - WARNING - 无法获取当前程序序列，使用默认目录
2025-11-01 20:44:00,867 - src.data.csv_processor - INFO - CSV文件读取成功: config\master\prg1\cntrl.csv, 共67行
2025-11-01 20:44:00,867 - src.ui.main_window - WARNING - 从cntrl.csv获取参数类型失败: 'list' object has no attribute 'get'
2025-11-01 20:44:00,867 - src.ui.main_window - WARNING - 无法获取当前程序序列，使用默认目录
2025-11-01 20:44:00,867 - src.data.csv_processor - INFO - CSV文件读取成功: config\master\prg1\load.csv, 共11行
2025-11-01 20:44:00,867 - src.ui.main_window - WARNING - 从load.csv获取参数类型失败: 'list' object has no attribute 'get'
2025-11-01 20:44:00,867 - src.ui.main_window - WARNING - 无法获取当前程序序列，使用默认目录
2025-11-01 20:44:00,867 - src.data.csv_processor - INFO - CSV文件读取成功: config\master\prg1\cntrl.csv, 共67行
2025-11-01 20:44:00,867 - src.ui.main_window - WARNING - 从cntrl.csv获取参数类型失败: 'list' object has no attribute 'get'
2025-11-01 20:44:00,867 - src.ui.main_window - WARNING - 无法获取当前程序序列，使用默认目录
2025-11-01 20:44:00,867 - src.data.csv_processor - INFO - CSV文件读取成功: config\master\prg1\load.csv, 共11行
2025-11-01 20:44:00,871 - src.ui.main_window - WARNING - 从load.csv获取参数类型失败: 'list' object has no attribute 'get'
2025-11-01 20:44:00,871 - src.ui.main_window - WARNING - 无法获取当前程序序列，使用默认目录
2025-11-01 20:44:00,871 - src.data.csv_processor - INFO - CSV文件读取成功: config\master\prg1\cntrl.csv, 共67行
2025-11-01 20:44:00,871 - src.ui.main_window - WARNING - 从cntrl.csv获取参数类型失败: 'list' object has no attribute 'get'
2025-11-01 20:44:00,871 - src.ui.main_window - WARNING - 无法获取当前程序序列，使用默认目录
2025-11-01 20:44:00,872 - src.data.csv_processor - INFO - CSV文件读取成功: config\master\prg1\load.csv, 共11行
2025-11-01 20:44:00,872 - src.ui.main_window - WARNING - 从load.csv获取参数类型失败: 'list' object has no attribute 'get'
2025-11-01 20:44:00,872 - src.ui.main_window - WARNING - 无法获取当前程序序列，使用默认目录
2025-11-01 20:44:00,873 - src.data.csv_processor - INFO - CSV文件读取成功: config\master\prg1\cntrl.csv, 共67行
2025-11-01 20:44:00,873 - src.ui.main_window - WARNING - 从cntrl.csv获取参数类型失败: 'list' object has no attribute 'get'
2025-11-01 20:44:00,873 - src.ui.main_window - WARNING - 无法获取当前程序序列，使用默认目录
2025-11-01 20:44:00,874 - src.data.csv_processor - INFO - CSV文件读取成功: config\master\prg1\load.csv, 共11行
2025-11-01 20:44:00,874 - src.ui.main_window - WARNING - 从load.csv获取参数类型失败: 'list' object has no attribute 'get'
2025-11-01 20:44:00,874 - src.ui.main_window - WARNING - 无法获取当前程序序列，使用默认目录
2025-11-01 20:44:00,874 - src.data.csv_processor - INFO - CSV文件读取成功: config\master\prg1\cntrl.csv, 共67行
2025-11-01 20:44:00,875 - src.ui.main_window - WARNING - 从cntrl.csv获取参数类型失败: 'list' object has no attribute 'get'
2025-11-01 20:44:00,875 - src.ui.main_window - WARNING - 无法获取当前程序序列，使用默认目录
2025-11-01 20:44:00,875 - src.data.csv_processor - INFO - CSV文件读取成功: config\master\prg1\load.csv, 共11行
2025-11-01 20:44:00,875 - src.ui.main_window - WARNING - 从load.csv获取参数类型失败: 'list' object has no attribute 'get'
2025-11-01 20:44:00,875 - src.ui.main_window - WARNING - 无法获取当前程序序列，使用默认目录
2025-11-01 20:44:00,876 - src.data.csv_processor - INFO - CSV文件读取成功: config\master\prg1\cntrl.csv, 共67行
2025-11-01 20:44:00,876 - src.ui.main_window - WARNING - 从cntrl.csv获取参数类型失败: 'list' object has no attribute 'get'
2025-11-01 20:44:00,876 - src.ui.main_window - WARNING - 无法获取当前程序序列，使用默认目录
2025-11-01 20:44:00,876 - src.data.csv_processor - INFO - CSV文件读取成功: config\master\prg1\load.csv, 共11行
2025-11-01 20:44:00,876 - src.ui.main_window - WARNING - 从load.csv获取参数类型失败: 'list' object has no attribute 'get'
2025-11-01 20:44:00,876 - src.ui.main_window - WARNING - 无法获取当前程序序列，使用默认目录
2025-11-01 20:44:00,877 - src.data.csv_processor - INFO - CSV文件读取成功: config\master\prg1\cntrl.csv, 共67行
2025-11-01 20:44:00,877 - src.ui.main_window - WARNING - 从cntrl.csv获取参数类型失败: 'list' object has no attribute 'get'
2025-11-01 20:44:00,877 - src.ui.main_window - WARNING - 无法获取当前程序序列，使用默认目录
2025-11-01 20:44:00,878 - src.data.csv_processor - INFO - CSV文件读取成功: config\master\prg1\load.csv, 共11行
2025-11-01 20:44:00,878 - src.ui.main_window - WARNING - 从load.csv获取参数类型失败: 'list' object has no attribute 'get'
2025-11-01 20:44:00,878 - src.ui.main_window - WARNING - 无法获取当前程序序列，使用默认目录
2025-11-01 20:44:00,878 - src.data.csv_processor - INFO - CSV文件读取成功: config\master\prg1\cntrl.csv, 共67行
2025-11-01 20:44:00,878 - src.ui.main_window - WARNING - 从cntrl.csv获取参数类型失败: 'list' object has no attribute 'get'
2025-11-01 20:44:00,878 - src.ui.main_window - WARNING - 无法获取当前程序序列，使用默认目录
2025-11-01 20:44:00,879 - src.data.csv_processor - INFO - CSV文件读取成功: config\master\prg1\load.csv, 共11行
2025-11-01 20:44:00,879 - src.ui.main_window - WARNING - 从load.csv获取参数类型失败: 'list' object has no attribute 'get'
2025-11-01 20:44:00,879 - src.ui.main_window - WARNING - 无法获取当前程序序列，使用默认目录
2025-11-01 20:44:00,879 - src.data.csv_processor - INFO - CSV文件读取成功: config\master\prg1\cntrl.csv, 共67行
2025-11-01 20:44:00,879 - src.ui.main_window - WARNING - 从cntrl.csv获取参数类型失败: 'list' object has no attribute 'get'
2025-11-01 20:44:00,879 - src.ui.main_window - WARNING - 无法获取当前程序序列，使用默认目录
2025-11-01 20:44:00,879 - src.data.csv_processor - INFO - CSV文件读取成功: config\master\prg1\load.csv, 共11行
2025-11-01 20:44:00,879 - src.ui.main_window - WARNING - 从load.csv获取参数类型失败: 'list' object has no attribute 'get'
2025-11-01 20:44:00,879 - src.ui.main_window - WARNING - 无法获取当前程序序列，使用默认目录
2025-11-01 20:44:00,879 - src.data.csv_processor - INFO - CSV文件读取成功: config\master\prg1\cntrl.csv, 共67行
2025-11-01 20:44:00,879 - src.ui.main_window - WARNING - 从cntrl.csv获取参数类型失败: 'list' object has no attribute 'get'
2025-11-01 20:44:00,879 - src.ui.main_window - WARNING - 无法获取当前程序序列，使用默认目录
2025-11-01 20:44:00,879 - src.data.csv_processor - INFO - CSV文件读取成功: config\master\prg1\load.csv, 共11行
2025-11-01 20:44:00,879 - src.ui.main_window - WARNING - 从load.csv获取参数类型失败: 'list' object has no attribute 'get'
2025-11-01 20:44:00,879 - src.ui.main_window - WARNING - 无法获取当前程序序列，使用默认目录
2025-11-01 20:44:00,879 - src.data.csv_processor - INFO - CSV文件读取成功: config\master\prg1\cntrl.csv, 共67行
2025-11-01 20:44:00,879 - src.ui.main_window - WARNING - 从cntrl.csv获取参数类型失败: 'list' object has no attribute 'get'
2025-11-01 20:44:00,879 - src.ui.main_window - WARNING - 无法获取当前程序序列，使用默认目录
2025-11-01 20:44:00,882 - src.data.csv_processor - INFO - CSV文件读取成功: config\master\prg1\load.csv, 共11行
2025-11-01 20:44:00,882 - src.ui.main_window - WARNING - 从load.csv获取参数类型失败: 'list' object has no attribute 'get'
2025-11-01 20:44:00,882 - src.ui.main_window - WARNING - 无法获取当前程序序列，使用默认目录
2025-11-01 20:44:00,883 - src.data.csv_processor - INFO - CSV文件读取成功: config\master\prg1\cntrl.csv, 共67行
2025-11-01 20:44:00,883 - src.ui.main_window - WARNING - 从cntrl.csv获取参数类型失败: 'list' object has no attribute 'get'
2025-11-01 20:44:00,883 - src.ui.main_window - WARNING - 无法获取当前程序序列，使用默认目录
2025-11-01 20:44:00,883 - src.data.csv_processor - INFO - CSV文件读取成功: config\master\prg1\load.csv, 共11行
2025-11-01 20:44:00,883 - src.ui.main_window - WARNING - 从load.csv获取参数类型失败: 'list' object has no attribute 'get'
2025-11-01 20:44:00,883 - src.ui.main_window - WARNING - 无法获取当前程序序列，使用默认目录
2025-11-01 20:44:00,884 - src.data.csv_processor - INFO - CSV文件读取成功: config\master\prg1\cntrl.csv, 共67行
2025-11-01 20:44:00,884 - src.ui.main_window - WARNING - 从cntrl.csv获取参数类型失败: 'list' object has no attribute 'get'
2025-11-01 20:44:00,884 - src.ui.main_window - WARNING - 无法获取当前程序序列，使用默认目录
2025-11-01 20:44:00,884 - src.data.csv_processor - INFO - CSV文件读取成功: config\master\prg1\load.csv, 共11行
2025-11-01 20:44:00,884 - src.ui.main_window - WARNING - 从load.csv获取参数类型失败: 'list' object has no attribute 'get'
2025-11-01 20:44:00,885 - src.ui.main_window - WARNING - 无法获取当前程序序列，使用默认目录
2025-11-01 20:44:00,885 - src.data.csv_processor - INFO - CSV文件读取成功: config\master\prg1\cntrl.csv, 共67行
2025-11-01 20:44:00,885 - src.ui.main_window - WARNING - 从cntrl.csv获取参数类型失败: 'list' object has no attribute 'get'
2025-11-01 20:44:00,885 - src.ui.main_window - WARNING - 无法获取当前程序序列，使用默认目录
2025-11-01 20:44:00,885 - src.data.csv_processor - INFO - CSV文件读取成功: config\master\prg1\load.csv, 共11行
2025-11-01 20:44:00,885 - src.ui.main_window - WARNING - 从load.csv获取参数类型失败: 'list' object has no attribute 'get'
2025-11-01 20:44:00,886 - src.ui.main_window - WARNING - 无法获取当前程序序列，使用默认目录
2025-11-01 20:44:00,886 - src.data.csv_processor - INFO - CSV文件读取成功: config\master\prg1\cntrl.csv, 共67行
2025-11-01 20:44:00,886 - src.ui.main_window - WARNING - 从cntrl.csv获取参数类型失败: 'list' object has no attribute 'get'
2025-11-01 20:44:00,886 - src.ui.main_window - WARNING - 无法获取当前程序序列，使用默认目录
2025-11-01 20:44:00,886 - src.data.csv_processor - INFO - CSV文件读取成功: config\master\prg1\load.csv, 共11行
2025-11-01 20:44:00,886 - src.ui.main_window - WARNING - 从load.csv获取参数类型失败: 'list' object has no attribute 'get'
2025-11-01 20:44:00,887 - src.ui.main_window - WARNING - 无法获取当前程序序列，使用默认目录
2025-11-01 20:44:00,887 - src.data.csv_processor - INFO - CSV文件读取成功: config\master\prg1\cntrl.csv, 共67行
2025-11-01 20:44:00,887 - src.ui.main_window - WARNING - 从cntrl.csv获取参数类型失败: 'list' object has no attribute 'get'
2025-11-01 20:44:00,888 - src.ui.main_window - WARNING - 无法获取当前程序序列，使用默认目录
2025-11-01 20:44:00,888 - src.data.csv_processor - INFO - CSV文件读取成功: config\master\prg1\load.csv, 共11行
2025-11-01 20:44:00,888 - src.ui.main_window - WARNING - 从load.csv获取参数类型失败: 'list' object has no attribute 'get'
2025-11-01 20:44:00,888 - src.ui.main_window - WARNING - 无法获取当前程序序列，使用默认目录
2025-11-01 20:44:00,888 - src.data.csv_processor - INFO - CSV文件读取成功: config\master\prg1\cntrl.csv, 共67行
2025-11-01 20:44:00,889 - src.ui.main_window - WARNING - 从cntrl.csv获取参数类型失败: 'list' object has no attribute 'get'
2025-11-01 20:44:00,889 - src.ui.main_window - WARNING - 无法获取当前程序序列，使用默认目录
2025-11-01 20:44:00,889 - src.data.csv_processor - INFO - CSV文件读取成功: config\master\prg1\load.csv, 共11行
2025-11-01 20:44:00,889 - src.ui.main_window - WARNING - 从load.csv获取参数类型失败: 'list' object has no attribute 'get'
2025-11-01 20:44:00,889 - src.ui.main_window - WARNING - 无法获取当前程序序列，使用默认目录
2025-11-01 20:44:00,890 - src.data.csv_processor - INFO - CSV文件读取成功: config\master\prg1\cntrl.csv, 共67行
2025-11-01 20:44:00,891 - src.ui.main_window - WARNING - 从cntrl.csv获取参数类型失败: 'list' object has no attribute 'get'
2025-11-01 20:44:00,891 - src.ui.main_window - WARNING - 无法获取当前程序序列，使用默认目录
2025-11-01 20:44:00,891 - src.data.csv_processor - INFO - CSV文件读取成功: config\master\prg1\load.csv, 共11行
2025-11-01 20:44:00,891 - src.ui.main_window - WARNING - 从load.csv获取参数类型失败: 'list' object has no attribute 'get'
2025-11-01 20:44:00,891 - src.ui.main_window - WARNING - 无法获取当前程序序列，使用默认目录
2025-11-01 20:44:00,891 - src.data.csv_processor - INFO - CSV文件读取成功: config\master\prg1\cntrl.csv, 共67行
2025-11-01 20:44:00,891 - src.ui.main_window - WARNING - 从cntrl.csv获取参数类型失败: 'list' object has no attribute 'get'
2025-11-01 20:44:00,891 - src.ui.main_window - WARNING - 无法获取当前程序序列，使用默认目录
2025-11-01 20:44:00,891 - src.data.csv_processor - INFO - CSV文件读取成功: config\master\prg1\load.csv, 共11行
2025-11-01 20:44:00,891 - src.ui.main_window - WARNING - 从load.csv获取参数类型失败: 'list' object has no attribute 'get'
2025-11-01 20:44:00,891 - src.ui.main_window - WARNING - 无法获取当前程序序列，使用默认目录
2025-11-01 20:44:00,893 - src.data.csv_processor - INFO - CSV文件读取成功: config\master\prg1\cntrl.csv, 共67行
2025-11-01 20:44:00,893 - src.ui.main_window - WARNING - 从cntrl.csv获取参数类型失败: 'list' object has no attribute 'get'
2025-11-01 20:44:00,893 - src.ui.main_window - WARNING - 无法获取当前程序序列，使用默认目录
2025-11-01 20:44:00,893 - src.data.csv_processor - INFO - CSV文件读取成功: config\master\prg1\load.csv, 共11行
2025-11-01 20:44:00,893 - src.ui.main_window - WARNING - 从load.csv获取参数类型失败: 'list' object has no attribute 'get'
2025-11-01 20:44:00,894 - src.ui.main_window - WARNING - 无法获取当前程序序列，使用默认目录
2025-11-01 20:44:00,894 - src.data.csv_processor - INFO - CSV文件读取成功: config\master\prg1\cntrl.csv, 共67行
2025-11-01 20:44:00,894 - src.ui.main_window - WARNING - 从cntrl.csv获取参数类型失败: 'list' object has no attribute 'get'
2025-11-01 20:44:00,894 - src.ui.main_window - WARNING - 无法获取当前程序序列，使用默认目录
2025-11-01 20:44:00,895 - src.data.csv_processor - INFO - CSV文件读取成功: config\master\prg1\load.csv, 共11行
2025-11-01 20:44:00,895 - src.ui.main_window - WARNING - 从load.csv获取参数类型失败: 'list' object has no attribute 'get'
2025-11-01 20:44:00,895 - src.ui.main_window - WARNING - 无法获取当前程序序列，使用默认目录
2025-11-01 20:44:00,895 - src.data.csv_processor - INFO - CSV文件读取成功: config\master\prg1\cntrl.csv, 共67行
2025-11-01 20:44:00,895 - src.ui.main_window - WARNING - 从cntrl.csv获取参数类型失败: 'list' object has no attribute 'get'
2025-11-01 20:44:00,896 - src.ui.main_window - WARNING - 无法获取当前程序序列，使用默认目录
2025-11-01 20:44:00,896 - src.data.csv_processor - INFO - CSV文件读取成功: config\master\prg1\load.csv, 共11行
2025-11-01 20:44:00,896 - src.ui.main_window - WARNING - 从load.csv获取参数类型失败: 'list' object has no attribute 'get'
2025-11-01 20:44:00,896 - src.ui.main_window - WARNING - 无法获取当前程序序列，使用默认目录
2025-11-01 20:44:00,897 - src.data.csv_processor - INFO - CSV文件读取成功: config\master\prg1\cntrl.csv, 共67行
2025-11-01 20:44:00,897 - src.ui.main_window - WARNING - 从cntrl.csv获取参数类型失败: 'list' object has no attribute 'get'
2025-11-01 20:44:00,898 - src.ui.main_window - WARNING - 无法获取当前程序序列，使用默认目录
2025-11-01 20:44:00,898 - src.data.csv_processor - INFO - CSV文件读取成功: config\master\prg1\load.csv, 共11行
2025-11-01 20:44:00,898 - src.ui.main_window - WARNING - 从load.csv获取参数类型失败: 'list' object has no attribute 'get'
2025-11-01 20:44:00,898 - src.ui.main_window - WARNING - 无法获取当前程序序列，使用默认目录
2025-11-01 20:44:00,898 - src.data.csv_processor - INFO - CSV文件读取成功: config\master\prg1\cntrl.csv, 共67行
2025-11-01 20:44:00,898 - src.ui.main_window - WARNING - 从cntrl.csv获取参数类型失败: 'list' object has no attribute 'get'
2025-11-01 20:44:00,898 - src.ui.main_window - WARNING - 无法获取当前程序序列，使用默认目录
2025-11-01 20:44:00,898 - src.data.csv_processor - INFO - CSV文件读取成功: config\master\prg1\load.csv, 共11行
2025-11-01 20:44:00,898 - src.ui.main_window - WARNING - 从load.csv获取参数类型失败: 'list' object has no attribute 'get'
2025-11-01 20:44:00,898 - src.ui.main_window - WARNING - 无法获取当前程序序列，使用默认目录
2025-11-01 20:44:00,898 - src.data.csv_processor - INFO - CSV文件读取成功: config\master\prg1\cntrl.csv, 共67行
2025-11-01 20:44:00,898 - src.ui.main_window - WARNING - 从cntrl.csv获取参数类型失败: 'list' object has no attribute 'get'
2025-11-01 20:44:00,898 - src.ui.main_window - WARNING - 无法获取当前程序序列，使用默认目录
2025-11-01 20:44:00,898 - src.data.csv_processor - INFO - CSV文件读取成功: config\master\prg1\load.csv, 共11行
2025-11-01 20:44:00,898 - src.ui.main_window - WARNING - 从load.csv获取参数类型失败: 'list' object has no attribute 'get'
2025-11-01 20:44:00,898 - src.ui.main_window - WARNING - 无法获取当前程序序列，使用默认目录
2025-11-01 20:44:00,898 - src.data.csv_processor - INFO - CSV文件读取成功: config\master\prg1\cntrl.csv, 共67行
2025-11-01 20:44:00,898 - src.ui.main_window - WARNING - 从cntrl.csv获取参数类型失败: 'list' object has no attribute 'get'
2025-11-01 20:44:00,898 - src.ui.main_window - WARNING - 无法获取当前程序序列，使用默认目录
2025-11-01 20:44:00,898 - src.data.csv_processor - INFO - CSV文件读取成功: config\master\prg1\load.csv, 共11行
2025-11-01 20:44:00,898 - src.ui.main_window - WARNING - 从load.csv获取参数类型失败: 'list' object has no attribute 'get'
2025-11-01 20:44:00,898 - src.ui.main_window - WARNING - 无法获取当前程序序列，使用默认目录
2025-11-01 20:44:00,898 - src.data.csv_processor - INFO - CSV文件读取成功: config\master\prg1\cntrl.csv, 共67行
2025-11-01 20:44:00,898 - src.ui.main_window - WARNING - 从cntrl.csv获取参数类型失败: 'list' object has no attribute 'get'
2025-11-01 20:44:00,898 - src.ui.main_window - WARNING - 无法获取当前程序序列，使用默认目录
2025-11-01 20:44:00,898 - src.data.csv_processor - INFO - CSV文件读取成功: config\master\prg1\load.csv, 共11行
2025-11-01 20:44:00,903 - src.ui.main_window - WARNING - 从load.csv获取参数类型失败: 'list' object has no attribute 'get'
2025-11-01 20:44:00,903 - src.ui.main_window - WARNING - 无法获取当前程序序列，使用默认目录
2025-11-01 20:44:00,903 - src.data.csv_processor - INFO - CSV文件读取成功: config\master\prg1\cntrl.csv, 共67行
2025-11-01 20:44:00,903 - src.ui.main_window - WARNING - 从cntrl.csv获取参数类型失败: 'list' object has no attribute 'get'
2025-11-01 20:44:00,903 - src.ui.main_window - WARNING - 无法获取当前程序序列，使用默认目录
2025-11-01 20:44:00,904 - src.data.csv_processor - INFO - CSV文件读取成功: config\master\prg1\load.csv, 共11行
2025-11-01 20:44:00,904 - src.ui.main_window - WARNING - 从load.csv获取参数类型失败: 'list' object has no attribute 'get'
2025-11-01 20:44:00,904 - src.ui.main_window - WARNING - 无法获取当前程序序列，使用默认目录
2025-11-01 20:44:00,905 - src.data.csv_processor - INFO - CSV文件读取成功: config\master\prg1\cntrl.csv, 共67行
2025-11-01 20:44:00,905 - src.ui.main_window - WARNING - 从cntrl.csv获取参数类型失败: 'list' object has no attribute 'get'
2025-11-01 20:44:00,905 - src.ui.main_window - WARNING - 无法获取当前程序序列，使用默认目录
2025-11-01 20:44:00,905 - src.data.csv_processor - INFO - CSV文件读取成功: config\master\prg1\load.csv, 共11行
2025-11-01 20:44:00,905 - src.ui.main_window - WARNING - 从load.csv获取参数类型失败: 'list' object has no attribute 'get'
2025-11-01 20:44:00,905 - src.ui.main_window - WARNING - 无法获取当前程序序列，使用默认目录
2025-11-01 20:44:00,907 - src.data.csv_processor - INFO - CSV文件读取成功: config\master\prg1\cntrl.csv, 共67行
2025-11-01 20:44:00,907 - src.ui.main_window - WARNING - 从cntrl.csv获取参数类型失败: 'list' object has no attribute 'get'
2025-11-01 20:44:00,907 - src.ui.main_window - WARNING - 无法获取当前程序序列，使用默认目录
2025-11-01 20:44:00,907 - src.data.csv_processor - INFO - CSV文件读取成功: config\master\prg1\load.csv, 共11行
2025-11-01 20:44:00,907 - src.ui.main_window - WARNING - 从load.csv获取参数类型失败: 'list' object has no attribute 'get'
2025-11-01 20:44:00,907 - src.ui.main_window - WARNING - 无法获取当前程序序列，使用默认目录
2025-11-01 20:44:00,908 - src.data.csv_processor - INFO - CSV文件读取成功: config\master\prg1\cntrl.csv, 共67行
2025-11-01 20:44:00,908 - src.ui.main_window - WARNING - 从cntrl.csv获取参数类型失败: 'list' object has no attribute 'get'
2025-11-01 20:44:00,908 - src.ui.main_window - WARNING - 无法获取当前程序序列，使用默认目录
2025-11-01 20:44:00,908 - src.data.csv_processor - INFO - CSV文件读取成功: config\master\prg1\load.csv, 共11行
2025-11-01 20:44:00,908 - src.ui.main_window - WARNING - 从load.csv获取参数类型失败: 'list' object has no attribute 'get'
2025-11-01 20:44:00,908 - src.ui.main_window - WARNING - 无法获取当前程序序列，使用默认目录
2025-11-01 20:44:00,908 - src.data.csv_processor - INFO - CSV文件读取成功: config\master\prg1\cntrl.csv, 共67行
2025-11-01 20:44:00,908 - src.ui.main_window - WARNING - 从cntrl.csv获取参数类型失败: 'list' object has no attribute 'get'
2025-11-01 20:44:00,908 - src.ui.main_window - WARNING - 无法获取当前程序序列，使用默认目录
2025-11-01 20:44:00,908 - src.data.csv_processor - INFO - CSV文件读取成功: config\master\prg1\load.csv, 共11行
2025-11-01 20:44:00,908 - src.ui.main_window - WARNING - 从load.csv获取参数类型失败: 'list' object has no attribute 'get'
2025-11-01 20:44:00,908 - src.ui.main_window - WARNING - 无法获取当前程序序列，使用默认目录
2025-11-01 20:44:00,908 - src.data.csv_processor - INFO - CSV文件读取成功: config\master\prg1\cntrl.csv, 共67行
2025-11-01 20:44:00,908 - src.ui.main_window - WARNING - 从cntrl.csv获取参数类型失败: 'list' object has no attribute 'get'
2025-11-01 20:51:30,153 - src.communication.named_pipe - WARNING - 命名管道服务器未在运行
2025-11-01 20:51:30,153 - src.data.file_manager - INFO - 所有文件已关闭
2025-11-01 21:08:38,683 - DNCSystem - INFO - DNC Python 系统启动
2025-11-01 21:08:38,683 - src.data.csv_processor - INFO - CSV文件读取为字典成功: config\master\ini.csv, 共48行
2025-11-01 21:08:38,683 - src.core.config - INFO - 加载ini.csv配置: 48行
2025-11-01 21:08:38,683 - src.core.config - INFO - 处理配置项: DEFINE=TB_modelTextStringSize, VALUE=26
2025-11-01 21:08:38,683 - src.core.config - INFO - 处理配置项: DEFINE=TextStringSize, VALUE=24
2025-11-01 21:08:38,683 - src.core.config - INFO - 处理配置项: DEFINE=LabelStringSize, VALUE=16
2025-11-01 21:08:38,683 - src.core.config - INFO - 处理配置项: DEFINE=ButtnStringSize, VALUE=20
2025-11-01 21:08:38,683 - src.core.config - INFO - 处理配置项: DEFINE=TxtBorderStyle, VALUE=0
2025-11-01 21:08:38,683 - src.core.config - INFO - 处理配置项: DEFINE=DrawingFlg, VALUE=0
2025-11-01 21:08:38,683 - src.core.config - INFO - 处理配置项: DEFINE=DrawingBorderStype, VALUE=1
2025-11-01 21:08:38,683 - src.core.config - INFO - 处理配置项: DEFINE=DrawingWidth, VALUE=480
2025-11-01 21:08:38,683 - src.core.config - INFO - 处理配置项: DEFINE=DrawingHeight, VALUE=430
2025-11-01 21:08:38,689 - src.core.config - INFO - 处理配置项: DEFINE=WaitTime_AfterSend, VALUE=3
2025-11-01 21:08:38,689 - src.core.config - INFO - 处理配置项: DEFINE=WaitTime_TB_Focus, VALUE=1000
2025-11-01 21:08:38,689 - src.core.config - INFO - 处理配置项: DEFINE=TextMaxInputNum, VALUE=4
2025-11-01 21:08:38,689 - src.core.config - INFO - 处理配置项: DEFINE=BarCodeHeaderStrNum, VALUE=11
2025-11-01 21:08:38,689 - src.core.config - INFO - 设置条码头长度: 11
2025-11-01 21:08:38,689 - src.core.config - INFO - 处理配置项: DEFINE=onofftxt, VALUE=C:\macro\onoff.txt
2025-11-01 21:08:38,689 - src.core.config - INFO - 处理配置项: DEFINE=macrotxt, VALUE=C:\macro\macro.txt
2025-11-01 21:08:38,690 - src.core.config - INFO - 处理配置项: DEFINE=Btn_ChngPrm_text, VALUE=壛岺曽岦
2025-11-01 21:08:38,690 - src.core.config - INFO - 处理配置项: DEFINE=Btn_keyboard_text, VALUE=KeyBoard
2025-11-01 21:08:38,690 - src.core.config - INFO - 处理配置项: DEFINE=Btn_send_text, VALUE=
2025-11-01 21:08:38,690 - src.core.config - INFO - 处理配置项: DEFINE=TB_alart_text_machineON, VALUE=
2025-11-01 21:08:38,690 - src.core.config - INFO - 处理配置项: DEFINE=TB_alart_text_send, VALUE=
2025-11-01 21:08:38,690 - src.core.config - INFO - 处理配置项: DEFINE=MeasureValueLength, VALUE=4
2025-11-01 21:08:38,691 - src.core.config - INFO - 处理配置项: DEFINE=MeasureTextColor, VALUE=blue
2025-11-01 21:08:38,691 - src.core.config - INFO - 处理配置项: DEFINE=AutoSendFlg, VALUE=0
2025-11-01 21:08:38,691 - src.core.config - INFO - 处理配置项: DEFINE=Btn_add_text, VALUE=楢懕擖椡
2025-11-01 21:08:38,691 - src.core.config - INFO - 处理配置项: DEFINE=POInfoRecordFlg, VALUE=1
2025-11-01 21:08:38,691 - src.core.config - INFO - 处理配置项: DEFINE=POReadFlg, VALUE=0
2025-11-01 21:08:38,691 - src.core.config - INFO - 处理配置项: DEFINE=POAddress, VALUE=C:\macro\CCC.csv
2025-11-01 21:08:38,691 - src.core.config - INFO - 处理配置项: DEFINE=WorkInfoRecordFlg, VALUE=0
2025-11-01 21:08:38,691 - src.core.config - INFO - 处理配置项: DEFINE=Btn_chgOperator_text, VALUE=嶌嬈幰曄峏
2025-11-01 21:08:38,692 - src.core.config - INFO - 处理配置项: DEFINE=MachineID, VALUE=
2025-11-01 21:08:38,692 - src.core.config - INFO - 处理配置项: DEFINE=PRO_STATUS_CD, VALUE=
2025-11-01 21:08:38,693 - src.core.config - INFO - 处理配置项: DEFINE=PRO_S_STATUS_CD, VALUE=
2025-11-01 21:08:38,693 - src.core.config - INFO - 处理配置项: DEFINE=SendFileFormat, VALUE=1
2025-11-01 21:08:38,693 - src.core.config - INFO - 处理配置项: DEFINE=ScreenSizeRatio, VALUE=83
2025-11-01 21:08:38,693 - src.core.config - INFO - 处理配置项: DEFINE=commandtxt, VALUE=C:\macro\command.txt
2025-11-01 21:08:38,693 - src.core.config - INFO - 处理配置项: DEFINE=TopMacro, VALUE=500
2025-11-01 21:08:38,693 - src.core.config - INFO - 处理配置项: DEFINE=EndMacro, VALUE=600
2025-11-01 21:08:38,693 - src.core.config - INFO - 处理配置项: DEFINE=SmacroBrother, VALUE=C:\SBrotherNcSys\SBrotherNcSys.exe
2025-11-01 21:08:38,693 - src.core.config - INFO - 处理配置项: DEFINE=QRmode, VALUE=1
2025-11-01 21:08:38,693 - src.core.config - INFO - 设置QR模式: 1
2025-11-01 21:08:38,694 - src.core.config - INFO - 处理配置项: DEFINE=POplc, VALUE=1
2025-11-01 21:08:38,694 - src.core.config - INFO - 设置PO位置: 1
2025-11-01 21:08:38,694 - src.core.config - INFO - 处理配置项: DEFINE=MODELplc, VALUE=2
2025-11-01 21:08:38,694 - src.core.config - INFO - 设置型号位置: 2
2025-11-01 21:08:38,694 - src.core.config - INFO - 处理配置项: DEFINE=QTYplc, VALUE=3
2025-11-01 21:08:38,694 - src.core.config - INFO - 设置数量位置: 3
2025-11-01 21:08:38,694 - src.core.config - INFO - 处理配置项: DEFINE=QRspltStr, VALUE=@
2025-11-01 21:08:38,694 - src.core.config - INFO - 设置QR分隔符: @
2025-11-01 21:08:38,694 - src.core.config - INFO - 处理配置项: DEFINE=PrgAutoChangeFlg, VALUE=0
2025-11-01 21:08:38,696 - src.core.config - INFO - 处理配置项: DEFINE=MonitoringFolder, VALUE=
2025-11-01 21:08:38,696 - src.core.config - INFO - 处理配置项: DEFINE=DLWaitTime, VALUE=5000
2025-11-01 21:08:38,696 - src.core.config - INFO - 处理配置项: DEFINE=DecimalPlace, VALUE=2
2025-11-01 21:08:38,696 - src.core.config - INFO - 设置小数位数: 2
2025-11-01 21:08:38,696 - src.core.config - INFO - 处理配置项: DEFINE=UseFixedFilename, VALUE=0
2025-11-01 21:08:38,697 - src.core.config - INFO - 最终QR配置: qr_mode=1, model_place=2, split_str='@'
2025-11-01 21:08:38,697 - src.core.config - INFO - 配置加载成功
2025-11-01 21:08:38,697 - src.data.csv_processor - INFO - CSV文件读取为字典成功: config\master\ini.csv, 共48行
2025-11-01 21:08:38,699 - src.data.csv_processor - INFO - CSV文件读取为字典成功: config\master\ini.csv, 共48行
2025-11-01 21:08:38,699 - src.data.csv_processor - INFO - CSV文件读取为字典成功: config\master\header.csv, 共5行
2025-11-01 21:08:38,701 - src.data.csv_processor - INFO - CSV文件读取为字典成功: config\master\type_define.csv, 共9行
2025-11-01 21:08:38,701 - src.data.csv_processor - INFO - CSV文件读取为字典成功: config\master\type_relation.csv, 共0行
2025-11-01 21:08:38,703 - src.data.csv_processor - INFO - CSV文件读取为字典成功: config\master\type_chngvl.csv, 共0行
2025-11-01 21:08:38,703 - src.data.csv_processor - INFO - CSV文件读取为字典成功: config\master\type_prg.csv, 共9行
2025-11-01 21:08:38,704 - src.data.csv_processor - INFO - CSV文件读取为字典成功: config\master\prg.csv, 共2行
2025-11-01 21:08:38,715 - DNCSystem - INFO - DNC Python 系统初始化成功
2025-11-01 21:08:39,696 - src.ui.main_window - WARNING - 无法获取当前程序序列，使用默认目录
2025-11-01 21:08:39,726 - src.ui.main_window - INFO - 宏文件生成器初始化成功
2025-11-01 21:09:12,047 - src.ui.main_window - INFO - 参数已更新: {'basic': {'workpiece_name': '', 'workpiece_id': '', 'process_type': '铣削', 'precision': '普通'}, 'geometry': {'length': 0.0, 'width': 0.0, 'height': 0.0, 'diameter': 0.0, 'angle': 0.0}, 'process': {'spindle_speed': 0.0, 'feed_rate': 0.0, 'cut_depth': 0.0, 'cut_width': 0.0}, 'material': {'material_type': '碳钢', 'material_hardness': '软', 'material_strength': 0.0}, 'model': {'model_type': '自动识别', 'model_description': '123@GPA20GT15040_A-H8@2', 'current_model': None}}
2025-11-01 21:09:12,055 - src.data.csv_processor - INFO - CSV文件读取为字典成功: config\master\header.csv, 共5行
2025-11-01 21:09:12,056 - src.ui.main_window - INFO - 型号识别完成: {'model': 'GPA20GT15040_A-H8', 'qr_code': '123@GPA20GT15040_A-H8@2', 'po': '123', 'quantity': '2', 'recognition_mode': 'QR', 'confidence': 1.0, 'error_message': None}
2025-11-01 21:09:24,733 - src.ui.main_window - INFO - 转让按钮点击，参数: {'#1': '', '#2': '', '#3': '', '#4': '', '#5': '', '#6': '', '#7': '', '#8': '', '#9': '', '#10': '', '#11': 'defineBTC', '#12': 'defineTL', '#500': '', '#501': '1', '#502': '1', '#503': '关系1', '#504': '关系1', '#505': '', '#506': '', '#507': '', '#508': '选项1', '#509': '关系1', '#510': '关系1', '#511': '10.19', '#512': '9.68', '#513': '关系1', '#514': '', '#515': '', '#516': '关系1', '#517': '', '#518': '', '#519': '7', '#520': '', '#521': '', '#522': '关系1', '#523': '', '#524': '', '#525': '', '#526': '', '#527': '', '#528': '关系1', '#529': '', '#530': '', '#531': '', '#532': '', '#533': '', '#534': '', '#535': '', '#536': '', '#537': '', '#538': '', '#539': '', '#540': '', '#541': '', '#542': '', '#543': '', '#544': '', '#545': '关系1', '#546': '关系1', '#547': '关系1', '#548': '', '#549': '', '#550': '', '#602': False, '#603': '0', '#605': 'relationYSTA'}
2025-11-01 21:09:24,744 - src.ui.main_window - WARNING - 无法获取当前程序序列，使用默认目录
2025-11-01 21:09:24,744 - src.data.csv_processor - INFO - CSV文件读取为字典成功: config\master\prg1\load.csv, 共10行
2025-11-01 21:09:24,744 - src.ui.main_window - WARNING - 无法获取当前程序序列，使用默认目录
2025-11-01 21:09:24,744 - src.data.csv_processor - INFO - CSV文件读取为字典成功: config\master\prg1\load.csv, 共10行
2025-11-01 21:09:24,744 - src.ui.main_window - WARNING - 无法获取当前程序序列，使用默认目录
2025-11-01 21:09:24,747 - src.data.csv_processor - INFO - CSV文件读取为字典成功: config\master\prg1\load.csv, 共10行
2025-11-01 21:09:24,747 - src.ui.main_window - WARNING - 无法获取当前程序序列，使用默认目录
2025-11-01 21:09:24,747 - src.data.csv_processor - INFO - CSV文件读取为字典成功: config\master\prg1\load.csv, 共10行
2025-11-01 21:09:24,747 - src.ui.main_window - WARNING - 无法获取当前程序序列，使用默认目录
2025-11-01 21:09:24,747 - src.data.csv_processor - INFO - CSV文件读取为字典成功: config\master\prg1\load.csv, 共10行
2025-11-01 21:09:24,747 - src.ui.main_window - WARNING - 无法获取当前程序序列，使用默认目录
2025-11-01 21:09:24,747 - src.data.csv_processor - INFO - CSV文件读取为字典成功: config\master\prg1\load.csv, 共10行
2025-11-01 21:09:24,747 - src.ui.main_window - WARNING - 无法获取当前程序序列，使用默认目录
2025-11-01 21:09:24,751 - src.data.csv_processor - INFO - CSV文件读取为字典成功: config\master\prg1\load.csv, 共10行
2025-11-01 21:09:24,751 - src.ui.main_window - WARNING - 无法获取当前程序序列，使用默认目录
2025-11-01 21:09:24,751 - src.data.csv_processor - INFO - CSV文件读取为字典成功: config\master\prg1\load.csv, 共10行
2025-11-01 21:09:24,752 - src.ui.main_window - WARNING - 无法获取当前程序序列，使用默认目录
2025-11-01 21:09:24,752 - src.data.csv_processor - INFO - CSV文件读取为字典成功: config\master\prg1\load.csv, 共10行
2025-11-01 21:09:24,753 - src.ui.main_window - WARNING - 无法获取当前程序序列，使用默认目录
2025-11-01 21:09:24,753 - src.data.csv_processor - INFO - CSV文件读取为字典成功: config\master\prg1\load.csv, 共10行
2025-11-01 21:09:24,753 - src.ui.main_window - WARNING - 无法获取当前程序序列，使用默认目录
2025-11-01 21:09:24,754 - src.data.csv_processor - INFO - CSV文件读取为字典成功: config\master\prg1\load.csv, 共10行
2025-11-01 21:09:24,755 - src.ui.main_window - WARNING - 无法获取当前程序序列，使用默认目录
2025-11-01 21:09:24,755 - src.data.csv_processor - INFO - CSV文件读取为字典成功: config\master\prg1\load.csv, 共10行
2025-11-01 21:09:24,755 - src.ui.main_window - WARNING - 无法获取当前程序序列，使用默认目录
2025-11-01 21:09:24,755 - src.data.csv_processor - INFO - CSV文件读取为字典成功: config\master\prg1\load.csv, 共10行
2025-11-01 21:09:24,755 - src.ui.main_window - WARNING - 无法获取当前程序序列，使用默认目录
2025-11-01 21:09:24,755 - src.data.csv_processor - INFO - CSV文件读取为字典成功: config\master\prg1\load.csv, 共10行
2025-11-01 21:09:24,755 - src.ui.main_window - WARNING - 无法获取当前程序序列，使用默认目录
2025-11-01 21:09:24,758 - src.data.csv_processor - INFO - CSV文件读取为字典成功: config\master\prg1\load.csv, 共10行
2025-11-01 21:09:24,758 - src.ui.main_window - WARNING - 无法获取当前程序序列，使用默认目录
2025-11-01 21:09:24,758 - src.data.csv_processor - INFO - CSV文件读取为字典成功: config\master\prg1\load.csv, 共10行
2025-11-01 21:09:24,758 - src.ui.main_window - WARNING - 参数 #503 类型转换失败: could not convert string to float: '关系1', 值: 关系1
2025-11-01 21:09:24,758 - src.ui.main_window - WARNING - 无法获取当前程序序列，使用默认目录
2025-11-01 21:09:24,758 - src.data.csv_processor - INFO - CSV文件读取为字典成功: config\master\prg1\load.csv, 共10行
2025-11-01 21:09:24,758 - src.ui.main_window - WARNING - 无法获取当前程序序列，使用默认目录
2025-11-01 21:09:24,758 - src.data.csv_processor - INFO - CSV文件读取为字典成功: config\master\prg1\load.csv, 共10行
2025-11-01 21:09:24,758 - src.ui.main_window - WARNING - 无法获取当前程序序列，使用默认目录
2025-11-01 21:09:24,762 - src.data.csv_processor - INFO - CSV文件读取为字典成功: config\master\prg1\load.csv, 共10行
2025-11-01 21:09:24,762 - src.ui.main_window - WARNING - 无法获取当前程序序列，使用默认目录
2025-11-01 21:09:24,763 - src.data.csv_processor - INFO - CSV文件读取为字典成功: config\master\prg1\load.csv, 共10行
2025-11-01 21:09:24,763 - src.ui.main_window - WARNING - 无法获取当前程序序列，使用默认目录
2025-11-01 21:09:24,764 - src.data.csv_processor - INFO - CSV文件读取为字典成功: config\master\prg1\load.csv, 共10行
2025-11-01 21:09:24,764 - src.ui.main_window - WARNING - 无法获取当前程序序列，使用默认目录
2025-11-01 21:09:24,765 - src.data.csv_processor - INFO - CSV文件读取为字典成功: config\master\prg1\load.csv, 共10行
2025-11-01 21:09:24,765 - src.ui.main_window - WARNING - 无法获取当前程序序列，使用默认目录
2025-11-01 21:09:24,765 - src.data.csv_processor - INFO - CSV文件读取为字典成功: config\master\prg1\load.csv, 共10行
2025-11-01 21:09:24,765 - src.ui.main_window - WARNING - 参数 #510 类型转换失败: could not convert string to float: '关系1', 值: 关系1
2025-11-01 21:09:24,766 - src.ui.main_window - WARNING - 无法获取当前程序序列，使用默认目录
2025-11-01 21:09:24,767 - src.data.csv_processor - INFO - CSV文件读取为字典成功: config\master\prg1\load.csv, 共10行
2025-11-01 21:09:24,767 - src.ui.main_window - WARNING - 无法获取当前程序序列，使用默认目录
2025-11-01 21:09:24,767 - src.data.csv_processor - INFO - CSV文件读取为字典成功: config\master\prg1\load.csv, 共10行
2025-11-01 21:09:24,767 - src.ui.main_window - WARNING - 无法获取当前程序序列，使用默认目录
2025-11-01 21:09:24,767 - src.data.csv_processor - INFO - CSV文件读取为字典成功: config\master\prg1\load.csv, 共10行
2025-11-01 21:09:24,767 - src.ui.main_window - WARNING - 参数 #513 类型转换失败: could not convert string to float: '关系1', 值: 关系1
2025-11-01 21:09:24,767 - src.ui.main_window - WARNING - 无法获取当前程序序列，使用默认目录
2025-11-01 21:09:24,767 - src.data.csv_processor - INFO - CSV文件读取为字典成功: config\master\prg1\load.csv, 共10行
2025-11-01 21:09:24,767 - src.ui.main_window - WARNING - 无法获取当前程序序列，使用默认目录
2025-11-01 21:09:24,767 - src.data.csv_processor - INFO - CSV文件读取为字典成功: config\master\prg1\load.csv, 共10行
2025-11-01 21:09:24,767 - src.ui.main_window - WARNING - 无法获取当前程序序列，使用默认目录
2025-11-01 21:09:24,767 - src.data.csv_processor - INFO - CSV文件读取为字典成功: config\master\prg1\load.csv, 共10行
2025-11-01 21:09:24,767 - src.ui.main_window - WARNING - 无法获取当前程序序列，使用默认目录
2025-11-01 21:09:24,772 - src.data.csv_processor - INFO - CSV文件读取为字典成功: config\master\prg1\load.csv, 共10行
2025-11-01 21:09:24,772 - src.ui.main_window - WARNING - 无法获取当前程序序列，使用默认目录
2025-11-01 21:09:24,772 - src.data.csv_processor - INFO - CSV文件读取为字典成功: config\master\prg1\load.csv, 共10行
2025-11-01 21:09:24,773 - src.ui.main_window - WARNING - 无法获取当前程序序列，使用默认目录
2025-11-01 21:09:24,773 - src.data.csv_processor - INFO - CSV文件读取为字典成功: config\master\prg1\load.csv, 共10行
2025-11-01 21:09:24,773 - src.ui.main_window - WARNING - 无法获取当前程序序列，使用默认目录
2025-11-01 21:09:24,774 - src.data.csv_processor - INFO - CSV文件读取为字典成功: config\master\prg1\load.csv, 共10行
2025-11-01 21:09:24,774 - src.ui.main_window - WARNING - 无法获取当前程序序列，使用默认目录
2025-11-01 21:09:24,774 - src.data.csv_processor - INFO - CSV文件读取为字典成功: config\master\prg1\load.csv, 共10行
2025-11-01 21:09:24,774 - src.ui.main_window - WARNING - 无法获取当前程序序列，使用默认目录
2025-11-01 21:09:24,775 - src.data.csv_processor - INFO - CSV文件读取为字典成功: config\master\prg1\load.csv, 共10行
2025-11-01 21:09:24,775 - src.ui.main_window - WARNING - 无法获取当前程序序列，使用默认目录
2025-11-01 21:09:24,775 - src.data.csv_processor - INFO - CSV文件读取为字典成功: config\master\prg1\load.csv, 共10行
2025-11-01 21:09:24,775 - src.ui.main_window - WARNING - 无法获取当前程序序列，使用默认目录
2025-11-01 21:09:24,775 - src.data.csv_processor - INFO - CSV文件读取为字典成功: config\master\prg1\load.csv, 共10行
2025-11-01 21:09:24,777 - src.ui.main_window - WARNING - 无法获取当前程序序列，使用默认目录
2025-11-01 21:09:24,777 - src.data.csv_processor - INFO - CSV文件读取为字典成功: config\master\prg1\load.csv, 共10行
2025-11-01 21:09:24,777 - src.ui.main_window - WARNING - 无法获取当前程序序列，使用默认目录
2025-11-01 21:09:24,777 - src.data.csv_processor - INFO - CSV文件读取为字典成功: config\master\prg1\load.csv, 共10行
2025-11-01 21:09:24,777 - src.ui.main_window - WARNING - 无法获取当前程序序列，使用默认目录
2025-11-01 21:09:24,778 - src.data.csv_processor - INFO - CSV文件读取为字典成功: config\master\prg1\load.csv, 共10行
2025-11-01 21:09:24,778 - src.ui.main_window - WARNING - 无法获取当前程序序列，使用默认目录
2025-11-01 21:09:24,778 - src.data.csv_processor - INFO - CSV文件读取为字典成功: config\master\prg1\load.csv, 共10行
2025-11-01 21:09:24,778 - src.ui.main_window - WARNING - 参数 #528 类型转换失败: could not convert string to float: '关系1', 值: 关系1
2025-11-01 21:09:24,778 - src.ui.main_window - WARNING - 无法获取当前程序序列，使用默认目录
2025-11-01 21:09:24,779 - src.data.csv_processor - INFO - CSV文件读取为字典成功: config\master\prg1\load.csv, 共10行
2025-11-01 21:09:24,779 - src.ui.main_window - WARNING - 无法获取当前程序序列，使用默认目录
2025-11-01 21:09:24,780 - src.data.csv_processor - INFO - CSV文件读取为字典成功: config\master\prg1\load.csv, 共10行
2025-11-01 21:09:24,780 - src.ui.main_window - WARNING - 无法获取当前程序序列，使用默认目录
2025-11-01 21:09:24,780 - src.data.csv_processor - INFO - CSV文件读取为字典成功: config\master\prg1\load.csv, 共10行
2025-11-01 21:09:24,780 - src.ui.main_window - WARNING - 无法获取当前程序序列，使用默认目录
2025-11-01 21:09:24,780 - src.data.csv_processor - INFO - CSV文件读取为字典成功: config\master\prg1\load.csv, 共10行
2025-11-01 21:09:24,782 - src.ui.main_window - WARNING - 无法获取当前程序序列，使用默认目录
2025-11-01 21:09:24,783 - src.data.csv_processor - INFO - CSV文件读取为字典成功: config\master\prg1\load.csv, 共10行
2025-11-01 21:09:24,783 - src.ui.main_window - WARNING - 无法获取当前程序序列，使用默认目录
2025-11-01 21:09:24,783 - src.data.csv_processor - INFO - CSV文件读取为字典成功: config\master\prg1\load.csv, 共10行
2025-11-01 21:09:24,783 - src.ui.main_window - WARNING - 无法获取当前程序序列，使用默认目录
2025-11-01 21:09:24,784 - src.data.csv_processor - INFO - CSV文件读取为字典成功: config\master\prg1\load.csv, 共10行
2025-11-01 21:09:24,784 - src.ui.main_window - WARNING - 无法获取当前程序序列，使用默认目录
2025-11-01 21:09:24,784 - src.data.csv_processor - INFO - CSV文件读取为字典成功: config\master\prg1\load.csv, 共10行
2025-11-01 21:09:24,784 - src.ui.main_window - WARNING - 无法获取当前程序序列，使用默认目录
2025-11-01 21:09:24,784 - src.data.csv_processor - INFO - CSV文件读取为字典成功: config\master\prg1\load.csv, 共10行
2025-11-01 21:09:24,785 - src.ui.main_window - WARNING - 无法获取当前程序序列，使用默认目录
2025-11-01 21:09:24,785 - src.data.csv_processor - INFO - CSV文件读取为字典成功: config\master\prg1\load.csv, 共10行
2025-11-01 21:09:24,785 - src.ui.main_window - WARNING - 无法获取当前程序序列，使用默认目录
2025-11-01 21:09:24,785 - src.data.csv_processor - INFO - CSV文件读取为字典成功: config\master\prg1\load.csv, 共10行
2025-11-01 21:09:24,785 - src.ui.main_window - WARNING - 无法获取当前程序序列，使用默认目录
2025-11-01 21:09:24,786 - src.data.csv_processor - INFO - CSV文件读取为字典成功: config\master\prg1\load.csv, 共10行
2025-11-01 21:09:24,787 - src.ui.main_window - WARNING - 无法获取当前程序序列，使用默认目录
2025-11-01 21:09:24,787 - src.data.csv_processor - INFO - CSV文件读取为字典成功: config\master\prg1\load.csv, 共10行
2025-11-01 21:09:24,787 - src.ui.main_window - WARNING - 无法获取当前程序序列，使用默认目录
2025-11-01 21:09:24,787 - src.data.csv_processor - INFO - CSV文件读取为字典成功: config\master\prg1\load.csv, 共10行
2025-11-01 21:09:24,787 - src.ui.main_window - WARNING - 无法获取当前程序序列，使用默认目录
2025-11-01 21:09:24,788 - src.data.csv_processor - INFO - CSV文件读取为字典成功: config\master\prg1\load.csv, 共10行
2025-11-01 21:09:24,788 - src.ui.main_window - WARNING - 无法获取当前程序序列，使用默认目录
2025-11-01 21:09:24,788 - src.data.csv_processor - INFO - CSV文件读取为字典成功: config\master\prg1\load.csv, 共10行
2025-11-01 21:09:24,788 - src.ui.main_window - WARNING - 无法获取当前程序序列，使用默认目录
2025-11-01 21:09:24,788 - src.data.csv_processor - INFO - CSV文件读取为字典成功: config\master\prg1\load.csv, 共10行
2025-11-01 21:09:24,788 - src.ui.main_window - WARNING - 无法获取当前程序序列，使用默认目录
2025-11-01 21:09:24,788 - src.data.csv_processor - INFO - CSV文件读取为字典成功: config\master\prg1\load.csv, 共10行
2025-11-01 21:09:24,788 - src.ui.main_window - WARNING - 无法获取当前程序序列，使用默认目录
2025-11-01 21:09:24,788 - src.data.csv_processor - INFO - CSV文件读取为字典成功: config\master\prg1\load.csv, 共10行
2025-11-01 21:09:24,788 - src.ui.main_window - WARNING - 无法获取当前程序序列，使用默认目录
2025-11-01 21:09:24,788 - src.data.csv_processor - INFO - CSV文件读取为字典成功: config\master\prg1\load.csv, 共10行
2025-11-01 21:09:24,788 - src.ui.main_window - WARNING - 无法获取当前程序序列，使用默认目录
2025-11-01 21:09:24,788 - src.data.csv_processor - INFO - CSV文件读取为字典成功: config\master\prg1\load.csv, 共10行
2025-11-01 21:09:24,788 - src.ui.main_window - WARNING - 无法获取当前程序序列，使用默认目录
2025-11-01 21:09:24,788 - src.data.csv_processor - INFO - CSV文件读取为字典成功: config\master\prg1\load.csv, 共10行
2025-11-01 21:09:24,788 - src.ui.main_window - WARNING - 无法获取当前程序序列，使用默认目录
2025-11-01 21:09:24,788 - src.data.csv_processor - INFO - CSV文件读取为字典成功: config\master\prg1\load.csv, 共10行
2025-11-01 21:09:24,788 - src.ui.main_window - WARNING - 无法获取当前程序序列，使用默认目录
2025-11-01 21:09:24,792 - src.data.csv_processor - INFO - CSV文件读取为字典成功: config\master\prg1\load.csv, 共10行
2025-11-01 21:09:24,792 - src.ui.main_window - WARNING - 无法获取当前程序序列，使用默认目录
2025-11-01 21:09:24,793 - src.data.csv_processor - INFO - CSV文件读取为字典成功: config\master\prg1\load.csv, 共10行
2025-11-01 21:09:24,806 - src.ui.main_window - INFO - 计算结果显示:
2025-11-01 21:09:24,806 - src.ui.main_window - INFO - # = ========================================
2025-11-01 21:09:24,806 - src.ui.main_window - INFO - # = ========================================
2025-11-01 21:09:24,806 - src.ui.main_window - INFO - 1 = 
2025-11-01 21:09:24,806 - src.ui.main_window - INFO - 2 = 
2025-11-01 21:09:24,806 - src.ui.main_window - INFO - 3 = 
2025-11-01 21:09:24,806 - src.ui.main_window - INFO - 4 = 
2025-11-01 21:09:24,806 - src.ui.main_window - INFO - 5 = 
2025-11-01 21:09:24,806 - src.ui.main_window - INFO - 6 = 
2025-11-01 21:09:24,806 - src.ui.main_window - INFO - 7 = 
2025-11-01 21:09:24,806 - src.ui.main_window - INFO - 8 = 
2025-11-01 21:09:24,811 - src.ui.main_window - INFO - 9 = 
2025-11-01 21:09:24,811 - src.ui.main_window - INFO - 10 = 
2025-11-01 21:09:24,811 - src.ui.main_window - INFO - 11 = defineBTC
2025-11-01 21:09:24,811 - src.ui.main_window - INFO - 12 = defineTL
2025-11-01 21:09:24,812 - src.ui.main_window - INFO - 500 = 
2025-11-01 21:09:24,812 - src.ui.main_window - INFO - 501 = 1.00
2025-11-01 21:09:24,812 - src.ui.main_window - INFO - 502 = 1.00
2025-11-01 21:09:24,812 - src.ui.main_window - INFO - 503 = 0.00
2025-11-01 21:09:24,812 - src.ui.main_window - INFO - 504 = 关系1
2025-11-01 21:09:24,812 - src.ui.main_window - INFO - 505 = 
2025-11-01 21:09:24,812 - src.ui.main_window - INFO - 506 = 0.00
2025-11-01 21:09:24,812 - src.ui.main_window - INFO - 507 = 
2025-11-01 21:09:24,813 - src.ui.main_window - INFO - 508 = 选项1
2025-11-01 21:09:24,813 - src.ui.main_window - INFO - 509 = 关系1
2025-11-01 21:09:24,813 - src.ui.main_window - INFO - 510 = 0.00
2025-11-01 21:09:24,813 - src.ui.main_window - INFO - 511 = 10.19
2025-11-01 21:09:24,813 - src.ui.main_window - INFO - 512 = 9.68
2025-11-01 21:09:24,813 - src.ui.main_window - INFO - 513 = 0.00
2025-11-01 21:09:24,813 - src.ui.main_window - INFO - 514 = 
2025-11-01 21:09:24,813 - src.ui.main_window - INFO - 515 = 
2025-11-01 21:09:24,813 - src.ui.main_window - INFO - 516 = 关系1
2025-11-01 21:09:24,814 - src.ui.main_window - INFO - 517 = 
2025-11-01 21:09:24,814 - src.ui.main_window - INFO - 518 = 
2025-11-01 21:09:24,814 - src.ui.main_window - INFO - 519 = 7.00
2025-11-01 21:09:24,815 - src.ui.main_window - INFO - 520 = 
2025-11-01 21:09:24,815 - src.ui.main_window - INFO - 521 = 
2025-11-01 21:09:24,815 - src.ui.main_window - INFO - 522 = 关系1
2025-11-01 21:09:24,815 - src.ui.main_window - INFO - 523 = 
2025-11-01 21:09:24,815 - src.ui.main_window - INFO - 524 = 
2025-11-01 21:09:24,815 - src.ui.main_window - INFO - 525 = 
2025-11-01 21:09:24,815 - src.ui.main_window - INFO - 526 = 
2025-11-01 21:09:24,815 - src.ui.main_window - INFO - 527 = 
2025-11-01 21:09:24,815 - src.ui.main_window - INFO - 528 = 0.00
2025-11-01 21:09:24,815 - src.ui.main_window - INFO - 529 = 
2025-11-01 21:09:24,815 - src.ui.main_window - INFO - 530 = 
2025-11-01 21:09:24,815 - src.ui.main_window - INFO - 531 = 
2025-11-01 21:09:24,815 - src.ui.main_window - INFO - 532 = 
2025-11-01 21:09:24,815 - src.ui.main_window - INFO - 533 = 
2025-11-01 21:09:24,815 - src.ui.main_window - INFO - 534 = 
2025-11-01 21:09:24,815 - src.ui.main_window - INFO - 535 = 
2025-11-01 21:09:24,815 - src.ui.main_window - INFO - 536 = 
2025-11-01 21:09:24,815 - src.ui.main_window - INFO - 537 = 
2025-11-01 21:09:24,815 - src.ui.main_window - INFO - 538 = 
2025-11-01 21:09:24,815 - src.ui.main_window - INFO - 539 = 
2025-11-01 21:09:24,815 - src.ui.main_window - INFO - 540 = 
2025-11-01 21:09:24,817 - src.ui.main_window - INFO - 541 = 
2025-11-01 21:09:24,817 - src.ui.main_window - INFO - 542 = 
2025-11-01 21:09:24,817 - src.ui.main_window - INFO - 543 = 
2025-11-01 21:09:24,817 - src.ui.main_window - INFO - 544 = 
2025-11-01 21:09:24,817 - src.ui.main_window - INFO - 545 = 关系1
2025-11-01 21:09:24,817 - src.ui.main_window - INFO - 546 = 关系1
2025-11-01 21:09:24,817 - src.ui.main_window - INFO - 547 = 关系1
2025-11-01 21:09:24,817 - src.ui.main_window - INFO - 548 = 
2025-11-01 21:09:24,817 - src.ui.main_window - INFO - 549 = 
2025-11-01 21:09:24,817 - src.ui.main_window - INFO - 550 = 
2025-11-01 21:09:24,817 - src.ui.main_window - INFO - 602 = 0
2025-11-01 21:09:24,817 - src.ui.main_window - INFO - 603 = 0.00
2025-11-01 21:09:24,817 - src.ui.main_window - INFO - 605 = relationYSTA
2025-11-01 21:12:18,943 - src.ui.main_window - INFO - 参数已更新: {'basic': {'workpiece_name': '', 'workpiece_id': '', 'process_type': '铣削', 'precision': '普通'}, 'geometry': {'length': 0.0, 'width': 0.0, 'height': 0.0, 'diameter': 0.0, 'angle': 0.0}, 'process': {'spindle_speed': 0.0, 'feed_rate': 0.0, 'cut_depth': 0.0, 'cut_width': 0.0}, 'material': {'material_type': '碳钢', 'material_hardness': '软', 'material_strength': 0.0}, 'model': {'model_type': '自动识别', 'model_description': '123@GPA20GT15040_A-H8@2', 'current_model': None}}
2025-11-01 21:12:18,951 - src.data.csv_processor - INFO - CSV文件读取为字典成功: config\master\header.csv, 共5行
2025-11-01 21:12:18,952 - src.ui.main_window - INFO - 型号识别完成: {'model': 'GPA20GT15040_A-H8', 'qr_code': '123@GPA20GT15040_A-H8@2', 'po': '123', 'quantity': '2', 'recognition_mode': 'QR', 'confidence': 1.0, 'error_message': None}
2025-11-01 21:12:21,183 - src.ui.main_window - INFO - 转让按钮点击，参数: {'#1': '', '#2': '', '#3': '', '#4': '', '#5': '', '#6': '', '#7': '', '#8': '', '#9': '', '#10': '', '#11': 'defineBTC', '#12': 'defineTL', '#500': '', '#501': '1', '#502': '1', '#503': '关系1', '#504': '关系1', '#505': '', '#506': '', '#507': '', '#508': '选项1', '#509': '关系1', '#510': '关系1', '#511': '10.19', '#512': '9.68', '#513': '关系1', '#514': '', '#515': '', '#516': '关系1', '#517': '', '#518': '', '#519': '7', '#520': '', '#521': '', '#522': '关系1', '#523': '', '#524': '', '#525': '', '#526': '', '#527': '', '#528': '关系1', '#529': '', '#530': '', '#531': '', '#532': '', '#533': '', '#534': '', '#535': '', '#536': '', '#537': '', '#538': '', '#539': '', '#540': '', '#541': '', '#542': '', '#543': '', '#544': '', '#545': '关系1', '#546': '关系1', '#547': '关系1', '#548': '', '#549': '', '#550': '', '#602': False, '#603': '0', '#605': 'relationYSTA'}
2025-11-01 21:12:21,183 - src.ui.main_window - WARNING - 无法获取当前程序序列，使用默认目录
2025-11-01 21:12:21,183 - src.data.csv_processor - INFO - CSV文件读取为字典成功: config\master\prg1\load.csv, 共10行
2025-11-01 21:12:21,183 - src.ui.main_window - WARNING - 无法获取当前程序序列，使用默认目录
2025-11-01 21:12:21,183 - src.data.csv_processor - INFO - CSV文件读取为字典成功: config\master\prg1\load.csv, 共10行
2025-11-01 21:12:21,183 - src.ui.main_window - WARNING - 无法获取当前程序序列，使用默认目录
2025-11-01 21:12:21,183 - src.data.csv_processor - INFO - CSV文件读取为字典成功: config\master\prg1\load.csv, 共10行
2025-11-01 21:12:21,183 - src.ui.main_window - WARNING - 无法获取当前程序序列，使用默认目录
2025-11-01 21:12:21,183 - src.data.csv_processor - INFO - CSV文件读取为字典成功: config\master\prg1\load.csv, 共10行
2025-11-01 21:12:21,183 - src.ui.main_window - WARNING - 无法获取当前程序序列，使用默认目录
2025-11-01 21:12:21,183 - src.data.csv_processor - INFO - CSV文件读取为字典成功: config\master\prg1\load.csv, 共10行
2025-11-01 21:12:21,183 - src.ui.main_window - WARNING - 无法获取当前程序序列，使用默认目录
2025-11-01 21:12:21,183 - src.data.csv_processor - INFO - CSV文件读取为字典成功: config\master\prg1\load.csv, 共10行
2025-11-01 21:12:21,183 - src.ui.main_window - WARNING - 无法获取当前程序序列，使用默认目录
2025-11-01 21:12:21,191 - src.data.csv_processor - INFO - CSV文件读取为字典成功: config\master\prg1\load.csv, 共10行
2025-11-01 21:12:21,191 - src.ui.main_window - WARNING - 无法获取当前程序序列，使用默认目录
2025-11-01 21:12:21,192 - src.data.csv_processor - INFO - CSV文件读取为字典成功: config\master\prg1\load.csv, 共10行
2025-11-01 21:12:21,192 - src.ui.main_window - WARNING - 无法获取当前程序序列，使用默认目录
2025-11-01 21:12:21,193 - src.data.csv_processor - INFO - CSV文件读取为字典成功: config\master\prg1\load.csv, 共10行
2025-11-01 21:12:21,193 - src.ui.main_window - WARNING - 无法获取当前程序序列，使用默认目录
2025-11-01 21:12:21,194 - src.data.csv_processor - INFO - CSV文件读取为字典成功: config\master\prg1\load.csv, 共10行
2025-11-01 21:12:21,194 - src.ui.main_window - WARNING - 无法获取当前程序序列，使用默认目录
2025-11-01 21:12:21,195 - src.data.csv_processor - INFO - CSV文件读取为字典成功: config\master\prg1\load.csv, 共10行
2025-11-01 21:12:21,195 - src.ui.main_window - WARNING - 无法获取当前程序序列，使用默认目录
2025-11-01 21:12:21,196 - src.data.csv_processor - INFO - CSV文件读取为字典成功: config\master\prg1\load.csv, 共10行
2025-11-01 21:12:21,196 - src.ui.main_window - WARNING - 无法获取当前程序序列，使用默认目录
2025-11-01 21:12:21,198 - src.data.csv_processor - INFO - CSV文件读取为字典成功: config\master\prg1\load.csv, 共10行
2025-11-01 21:12:21,198 - src.ui.main_window - WARNING - 无法获取当前程序序列，使用默认目录
2025-11-01 21:12:21,199 - src.data.csv_processor - INFO - CSV文件读取为字典成功: config\master\prg1\load.csv, 共10行
2025-11-01 21:12:21,199 - src.ui.main_window - WARNING - 无法获取当前程序序列，使用默认目录
2025-11-01 21:12:21,200 - src.data.csv_processor - INFO - CSV文件读取为字典成功: config\master\prg1\load.csv, 共10行
2025-11-01 21:12:21,200 - src.ui.main_window - WARNING - 无法获取当前程序序列，使用默认目录
2025-11-01 21:12:21,201 - src.data.csv_processor - INFO - CSV文件读取为字典成功: config\master\prg1\load.csv, 共10行
2025-11-01 21:12:21,201 - src.ui.main_window - WARNING - 参数 #503 类型转换失败: could not convert string to float: '关系1', 值: 关系1
2025-11-01 21:12:21,202 - src.ui.main_window - WARNING - 无法获取当前程序序列，使用默认目录
2025-11-01 21:12:21,203 - src.data.csv_processor - INFO - CSV文件读取为字典成功: config\master\prg1\load.csv, 共10行
2025-11-01 21:12:21,203 - src.ui.main_window - WARNING - 无法获取当前程序序列，使用默认目录
2025-11-01 21:12:21,203 - src.data.csv_processor - INFO - CSV文件读取为字典成功: config\master\prg1\load.csv, 共10行
2025-11-01 21:12:21,204 - src.ui.main_window - WARNING - 无法获取当前程序序列，使用默认目录
2025-11-01 21:12:21,204 - src.data.csv_processor - INFO - CSV文件读取为字典成功: config\master\prg1\load.csv, 共10行
2025-11-01 21:12:21,204 - src.ui.main_window - WARNING - 无法获取当前程序序列，使用默认目录
2025-11-01 21:12:21,205 - src.data.csv_processor - INFO - CSV文件读取为字典成功: config\master\prg1\load.csv, 共10行
2025-11-01 21:12:21,205 - src.ui.main_window - WARNING - 无法获取当前程序序列，使用默认目录
2025-11-01 21:12:21,205 - src.data.csv_processor - INFO - CSV文件读取为字典成功: config\master\prg1\load.csv, 共10行
2025-11-01 21:12:21,205 - src.ui.main_window - WARNING - 无法获取当前程序序列，使用默认目录
2025-11-01 21:12:21,205 - src.data.csv_processor - INFO - CSV文件读取为字典成功: config\master\prg1\load.csv, 共10行
2025-11-01 21:12:21,207 - src.ui.main_window - WARNING - 无法获取当前程序序列，使用默认目录
2025-11-01 21:12:21,207 - src.data.csv_processor - INFO - CSV文件读取为字典成功: config\master\prg1\load.csv, 共10行
2025-11-01 21:12:21,207 - src.ui.main_window - WARNING - 参数 #510 类型转换失败: could not convert string to float: '关系1', 值: 关系1
2025-11-01 21:12:21,208 - src.ui.main_window - WARNING - 无法获取当前程序序列，使用默认目录
2025-11-01 21:12:21,208 - src.data.csv_processor - INFO - CSV文件读取为字典成功: config\master\prg1\load.csv, 共10行
2025-11-01 21:12:21,208 - src.ui.main_window - WARNING - 无法获取当前程序序列，使用默认目录
2025-11-01 21:12:21,209 - src.data.csv_processor - INFO - CSV文件读取为字典成功: config\master\prg1\load.csv, 共10行
2025-11-01 21:12:21,209 - src.ui.main_window - WARNING - 无法获取当前程序序列，使用默认目录
2025-11-01 21:12:21,209 - src.data.csv_processor - INFO - CSV文件读取为字典成功: config\master\prg1\load.csv, 共10行
2025-11-01 21:12:21,209 - src.ui.main_window - WARNING - 参数 #513 类型转换失败: could not convert string to float: '关系1', 值: 关系1
2025-11-01 21:12:21,209 - src.ui.main_window - WARNING - 无法获取当前程序序列，使用默认目录
2025-11-01 21:12:21,211 - src.data.csv_processor - INFO - CSV文件读取为字典成功: config\master\prg1\load.csv, 共10行
2025-11-01 21:12:21,211 - src.ui.main_window - WARNING - 无法获取当前程序序列，使用默认目录
2025-11-01 21:12:21,211 - src.data.csv_processor - INFO - CSV文件读取为字典成功: config\master\prg1\load.csv, 共10行
2025-11-01 21:12:21,211 - src.ui.main_window - WARNING - 无法获取当前程序序列，使用默认目录
2025-11-01 21:12:21,211 - src.data.csv_processor - INFO - CSV文件读取为字典成功: config\master\prg1\load.csv, 共10行
2025-11-01 21:12:21,211 - src.ui.main_window - WARNING - 无法获取当前程序序列，使用默认目录
2025-11-01 21:12:21,213 - src.data.csv_processor - INFO - CSV文件读取为字典成功: config\master\prg1\load.csv, 共10行
2025-11-01 21:12:21,213 - src.ui.main_window - WARNING - 无法获取当前程序序列，使用默认目录
2025-11-01 21:12:21,213 - src.data.csv_processor - INFO - CSV文件读取为字典成功: config\master\prg1\load.csv, 共10行
2025-11-01 21:12:21,213 - src.ui.main_window - WARNING - 无法获取当前程序序列，使用默认目录
2025-11-01 21:12:21,215 - src.data.csv_processor - INFO - CSV文件读取为字典成功: config\master\prg1\load.csv, 共10行
2025-11-01 21:12:21,215 - src.ui.main_window - WARNING - 无法获取当前程序序列，使用默认目录
2025-11-01 21:12:21,215 - src.data.csv_processor - INFO - CSV文件读取为字典成功: config\master\prg1\load.csv, 共10行
2025-11-01 21:12:21,215 - src.ui.main_window - WARNING - 无法获取当前程序序列，使用默认目录
2025-11-01 21:12:21,215 - src.data.csv_processor - INFO - CSV文件读取为字典成功: config\master\prg1\load.csv, 共10行
2025-11-01 21:12:21,215 - src.ui.main_window - WARNING - 无法获取当前程序序列，使用默认目录
2025-11-01 21:12:21,215 - src.data.csv_processor - INFO - CSV文件读取为字典成功: config\master\prg1\load.csv, 共10行
2025-11-01 21:12:21,215 - src.ui.main_window - WARNING - 无法获取当前程序序列，使用默认目录
2025-11-01 21:12:21,215 - src.data.csv_processor - INFO - CSV文件读取为字典成功: config\master\prg1\load.csv, 共10行
2025-11-01 21:12:21,217 - src.ui.main_window - WARNING - 无法获取当前程序序列，使用默认目录
2025-11-01 21:12:21,217 - src.data.csv_processor - INFO - CSV文件读取为字典成功: config\master\prg1\load.csv, 共10行
2025-11-01 21:12:21,217 - src.ui.main_window - WARNING - 无法获取当前程序序列，使用默认目录
2025-11-01 21:12:21,218 - src.data.csv_processor - INFO - CSV文件读取为字典成功: config\master\prg1\load.csv, 共10行
2025-11-01 21:12:21,218 - src.ui.main_window - WARNING - 无法获取当前程序序列，使用默认目录
2025-11-01 21:12:21,218 - src.data.csv_processor - INFO - CSV文件读取为字典成功: config\master\prg1\load.csv, 共10行
2025-11-01 21:12:21,218 - src.ui.main_window - WARNING - 无法获取当前程序序列，使用默认目录
2025-11-01 21:12:21,219 - src.data.csv_processor - INFO - CSV文件读取为字典成功: config\master\prg1\load.csv, 共10行
2025-11-01 21:12:21,219 - src.ui.main_window - WARNING - 无法获取当前程序序列，使用默认目录
2025-11-01 21:12:21,219 - src.data.csv_processor - INFO - CSV文件读取为字典成功: config\master\prg1\load.csv, 共10行
2025-11-01 21:12:21,219 - src.ui.main_window - WARNING - 参数 #528 类型转换失败: could not convert string to float: '关系1', 值: 关系1
2025-11-01 21:12:21,219 - src.ui.main_window - WARNING - 无法获取当前程序序列，使用默认目录
2025-11-01 21:12:21,219 - src.data.csv_processor - INFO - CSV文件读取为字典成功: config\master\prg1\load.csv, 共10行
2025-11-01 21:12:21,219 - src.ui.main_window - WARNING - 无法获取当前程序序列，使用默认目录
2025-11-01 21:12:21,219 - src.data.csv_processor - INFO - CSV文件读取为字典成功: config\master\prg1\load.csv, 共10行
2025-11-01 21:12:21,219 - src.ui.main_window - WARNING - 无法获取当前程序序列，使用默认目录
2025-11-01 21:12:21,219 - src.data.csv_processor - INFO - CSV文件读取为字典成功: config\master\prg1\load.csv, 共10行
2025-11-01 21:12:21,219 - src.ui.main_window - WARNING - 无法获取当前程序序列，使用默认目录
2025-11-01 21:12:21,219 - src.data.csv_processor - INFO - CSV文件读取为字典成功: config\master\prg1\load.csv, 共10行
2025-11-01 21:12:21,222 - src.ui.main_window - WARNING - 无法获取当前程序序列，使用默认目录
2025-11-01 21:12:21,222 - src.data.csv_processor - INFO - CSV文件读取为字典成功: config\master\prg1\load.csv, 共10行
2025-11-01 21:12:21,222 - src.ui.main_window - WARNING - 无法获取当前程序序列，使用默认目录
2025-11-01 21:12:21,222 - src.data.csv_processor - INFO - CSV文件读取为字典成功: config\master\prg1\load.csv, 共10行
2025-11-01 21:12:21,222 - src.ui.main_window - WARNING - 无法获取当前程序序列，使用默认目录
2025-11-01 21:12:21,223 - src.data.csv_processor - INFO - CSV文件读取为字典成功: config\master\prg1\load.csv, 共10行
2025-11-01 21:12:21,223 - src.ui.main_window - WARNING - 无法获取当前程序序列，使用默认目录
2025-11-01 21:12:21,223 - src.data.csv_processor - INFO - CSV文件读取为字典成功: config\master\prg1\load.csv, 共10行
2025-11-01 21:12:21,223 - src.ui.main_window - WARNING - 无法获取当前程序序列，使用默认目录
2025-11-01 21:12:21,225 - src.data.csv_processor - INFO - CSV文件读取为字典成功: config\master\prg1\load.csv, 共10行
2025-11-01 21:12:21,225 - src.ui.main_window - WARNING - 无法获取当前程序序列，使用默认目录
2025-11-01 21:12:21,225 - src.data.csv_processor - INFO - CSV文件读取为字典成功: config\master\prg1\load.csv, 共10行
2025-11-01 21:12:21,225 - src.ui.main_window - WARNING - 无法获取当前程序序列，使用默认目录
2025-11-01 21:12:21,226 - src.data.csv_processor - INFO - CSV文件读取为字典成功: config\master\prg1\load.csv, 共10行
2025-11-01 21:12:21,226 - src.ui.main_window - WARNING - 无法获取当前程序序列，使用默认目录
2025-11-01 21:12:21,226 - src.data.csv_processor - INFO - CSV文件读取为字典成功: config\master\prg1\load.csv, 共10行
2025-11-01 21:12:21,226 - src.ui.main_window - WARNING - 无法获取当前程序序列，使用默认目录
2025-11-01 21:12:21,226 - src.data.csv_processor - INFO - CSV文件读取为字典成功: config\master\prg1\load.csv, 共10行
2025-11-01 21:12:21,226 - src.ui.main_window - WARNING - 无法获取当前程序序列，使用默认目录
2025-11-01 21:12:21,226 - src.data.csv_processor - INFO - CSV文件读取为字典成功: config\master\prg1\load.csv, 共10行
2025-11-01 21:12:21,226 - src.ui.main_window - WARNING - 无法获取当前程序序列，使用默认目录
2025-11-01 21:12:21,226 - src.data.csv_processor - INFO - CSV文件读取为字典成功: config\master\prg1\load.csv, 共10行
2025-11-01 21:12:21,226 - src.ui.main_window - WARNING - 无法获取当前程序序列，使用默认目录
2025-11-01 21:12:21,226 - src.data.csv_processor - INFO - CSV文件读取为字典成功: config\master\prg1\load.csv, 共10行
2025-11-01 21:12:21,226 - src.ui.main_window - WARNING - 无法获取当前程序序列，使用默认目录
2025-11-01 21:12:21,226 - src.data.csv_processor - INFO - CSV文件读取为字典成功: config\master\prg1\load.csv, 共10行
2025-11-01 21:12:21,226 - src.ui.main_window - WARNING - 无法获取当前程序序列，使用默认目录
2025-11-01 21:12:21,226 - src.data.csv_processor - INFO - CSV文件读取为字典成功: config\master\prg1\load.csv, 共10行
2025-11-01 21:12:21,226 - src.ui.main_window - WARNING - 无法获取当前程序序列，使用默认目录
2025-11-01 21:12:21,226 - src.data.csv_processor - INFO - CSV文件读取为字典成功: config\master\prg1\load.csv, 共10行
2025-11-01 21:12:21,226 - src.ui.main_window - WARNING - 无法获取当前程序序列，使用默认目录
2025-11-01 21:12:21,226 - src.data.csv_processor - INFO - CSV文件读取为字典成功: config\master\prg1\load.csv, 共10行
2025-11-01 21:12:21,226 - src.ui.main_window - WARNING - 无法获取当前程序序列，使用默认目录
2025-11-01 21:12:21,226 - src.data.csv_processor - INFO - CSV文件读取为字典成功: config\master\prg1\load.csv, 共10行
2025-11-01 21:12:21,226 - src.ui.main_window - WARNING - 无法获取当前程序序列，使用默认目录
2025-11-01 21:12:21,226 - src.data.csv_processor - INFO - CSV文件读取为字典成功: config\master\prg1\load.csv, 共10行
2025-11-01 21:12:21,226 - src.ui.main_window - WARNING - 无法获取当前程序序列，使用默认目录
2025-11-01 21:12:21,233 - src.data.csv_processor - INFO - CSV文件读取为字典成功: config\master\prg1\load.csv, 共10行
2025-11-01 21:12:21,233 - src.ui.main_window - WARNING - 无法获取当前程序序列，使用默认目录
2025-11-01 21:12:21,233 - src.data.csv_processor - INFO - CSV文件读取为字典成功: config\master\prg1\load.csv, 共10行
2025-11-01 21:12:21,233 - src.ui.main_window - WARNING - 无法获取当前程序序列，使用默认目录
2025-11-01 21:12:21,234 - src.data.csv_processor - INFO - CSV文件读取为字典成功: config\master\prg1\load.csv, 共10行
2025-11-01 21:12:21,247 - src.ui.main_window - INFO - 计算结果显示:
2025-11-01 21:12:21,247 - src.ui.main_window - INFO - # = ========================================
2025-11-01 21:12:21,247 - src.ui.main_window - INFO - # = ========================================
2025-11-01 21:12:21,247 - src.ui.main_window - INFO - 1 = 
2025-11-01 21:12:21,247 - src.ui.main_window - INFO - 2 = 
2025-11-01 21:12:21,247 - src.ui.main_window - INFO - 3 = 
2025-11-01 21:12:21,247 - src.ui.main_window - INFO - 4 = 
2025-11-01 21:12:21,247 - src.ui.main_window - INFO - 5 = 
2025-11-01 21:12:21,247 - src.ui.main_window - INFO - 6 = 
2025-11-01 21:12:21,247 - src.ui.main_window - INFO - 7 = 
2025-11-01 21:12:21,247 - src.ui.main_window - INFO - 8 = 
2025-11-01 21:12:21,247 - src.ui.main_window - INFO - 9 = 
2025-11-01 21:12:21,257 - src.ui.main_window - INFO - 10 = 
2025-11-01 21:12:21,257 - src.ui.main_window - INFO - 11 = defineBTC
2025-11-01 21:12:21,257 - src.ui.main_window - INFO - 12 = defineTL
2025-11-01 21:12:21,257 - src.ui.main_window - INFO - 500 = 
2025-11-01 21:12:21,257 - src.ui.main_window - INFO - 501 = 1.00
2025-11-01 21:12:21,258 - src.ui.main_window - INFO - 502 = 1.00
2025-11-01 21:12:21,258 - src.ui.main_window - INFO - 503 = 0.00
2025-11-01 21:12:21,258 - src.ui.main_window - INFO - 504 = 关系1
2025-11-01 21:12:21,258 - src.ui.main_window - INFO - 505 = 
2025-11-01 21:12:21,258 - src.ui.main_window - INFO - 506 = 0.00
2025-11-01 21:12:21,258 - src.ui.main_window - INFO - 507 = 
2025-11-01 21:12:21,259 - src.ui.main_window - INFO - 508 = 选项1
2025-11-01 21:12:21,259 - src.ui.main_window - INFO - 509 = 关系1
2025-11-01 21:12:21,259 - src.ui.main_window - INFO - 510 = 0.00
2025-11-01 21:12:21,259 - src.ui.main_window - INFO - 511 = 10.19
2025-11-01 21:12:21,259 - src.ui.main_window - INFO - 512 = 9.68
2025-11-01 21:12:21,259 - src.ui.main_window - INFO - 513 = 0.00
2025-11-01 21:12:21,259 - src.ui.main_window - INFO - 514 = 
2025-11-01 21:12:21,259 - src.ui.main_window - INFO - 515 = 
2025-11-01 21:12:21,259 - src.ui.main_window - INFO - 516 = 关系1
2025-11-01 21:12:21,259 - src.ui.main_window - INFO - 517 = 
2025-11-01 21:12:21,259 - src.ui.main_window - INFO - 518 = 
2025-11-01 21:12:21,261 - src.ui.main_window - INFO - 519 = 7.00
2025-11-01 21:12:21,261 - src.ui.main_window - INFO - 520 = 
2025-11-01 21:12:21,261 - src.ui.main_window - INFO - 521 = 
2025-11-01 21:12:21,261 - src.ui.main_window - INFO - 522 = 关系1
2025-11-01 21:12:21,261 - src.ui.main_window - INFO - 523 = 
2025-11-01 21:12:21,261 - src.ui.main_window - INFO - 524 = 
2025-11-01 21:12:21,261 - src.ui.main_window - INFO - 525 = 
2025-11-01 21:12:21,261 - src.ui.main_window - INFO - 526 = 
2025-11-01 21:12:21,261 - src.ui.main_window - INFO - 527 = 
2025-11-01 21:12:21,261 - src.ui.main_window - INFO - 528 = 0.00
2025-11-01 21:12:21,261 - src.ui.main_window - INFO - 529 = 
2025-11-01 21:12:21,261 - src.ui.main_window - INFO - 530 = 
2025-11-01 21:12:21,261 - src.ui.main_window - INFO - 531 = 
2025-11-01 21:12:21,261 - src.ui.main_window - INFO - 532 = 
2025-11-01 21:12:21,261 - src.ui.main_window - INFO - 533 = 
2025-11-01 21:12:21,261 - src.ui.main_window - INFO - 534 = 
2025-11-01 21:12:21,261 - src.ui.main_window - INFO - 535 = 
2025-11-01 21:12:21,261 - src.ui.main_window - INFO - 536 = 
2025-11-01 21:12:21,261 - src.ui.main_window - INFO - 537 = 
2025-11-01 21:12:21,261 - src.ui.main_window - INFO - 538 = 
2025-11-01 21:12:21,261 - src.ui.main_window - INFO - 539 = 
2025-11-01 21:12:21,261 - src.ui.main_window - INFO - 540 = 
2025-11-01 21:12:21,261 - src.ui.main_window - INFO - 541 = 
2025-11-01 21:12:21,261 - src.ui.main_window - INFO - 542 = 
2025-11-01 21:12:21,261 - src.ui.main_window - INFO - 543 = 
2025-11-01 21:12:21,261 - src.ui.main_window - INFO - 544 = 
2025-11-01 21:12:21,261 - src.ui.main_window - INFO - 545 = 关系1
2025-11-01 21:12:21,261 - src.ui.main_window - INFO - 546 = 关系1
2025-11-01 21:12:21,261 - src.ui.main_window - INFO - 547 = 关系1
2025-11-01 21:12:21,261 - src.ui.main_window - INFO - 548 = 
2025-11-01 21:12:21,261 - src.ui.main_window - INFO - 549 = 
2025-11-01 21:12:21,261 - src.ui.main_window - INFO - 550 = 
2025-11-01 21:12:21,261 - src.ui.main_window - INFO - 602 = 0
2025-11-01 21:12:21,261 - src.ui.main_window - INFO - 603 = 0.00
2025-11-01 21:12:21,265 - src.ui.main_window - INFO - 605 = relationYSTA
2025-11-01 21:29:15,746 - src.communication.named_pipe - WARNING - 命名管道服务器未在运行
2025-11-01 21:29:15,746 - src.data.file_manager - INFO - 所有文件已关闭
2025-11-01 21:32:44,218 - DNCSystem - INFO - DNC Python 系统启动
2025-11-01 21:32:44,226 - src.data.csv_processor - INFO - CSV文件读取为字典成功: config\master\ini.csv, 共48行
2025-11-01 21:32:44,226 - src.core.config - INFO - 加载ini.csv配置: 48行
2025-11-01 21:32:44,227 - src.core.config - INFO - 处理配置项: DEFINE=TB_modelTextStringSize, VALUE=26
2025-11-01 21:32:44,227 - src.core.config - INFO - 处理配置项: DEFINE=TextStringSize, VALUE=24
2025-11-01 21:32:44,227 - src.core.config - INFO - 处理配置项: DEFINE=LabelStringSize, VALUE=16
2025-11-01 21:32:44,227 - src.core.config - INFO - 处理配置项: DEFINE=ButtnStringSize, VALUE=20
2025-11-01 21:32:44,227 - src.core.config - INFO - 处理配置项: DEFINE=TxtBorderStyle, VALUE=0
2025-11-01 21:32:44,227 - src.core.config - INFO - 处理配置项: DEFINE=DrawingFlg, VALUE=0
2025-11-01 21:32:44,227 - src.core.config - INFO - 处理配置项: DEFINE=DrawingBorderStype, VALUE=1
2025-11-01 21:32:44,228 - src.core.config - INFO - 处理配置项: DEFINE=DrawingWidth, VALUE=480
2025-11-01 21:32:44,228 - src.core.config - INFO - 处理配置项: DEFINE=DrawingHeight, VALUE=430
2025-11-01 21:32:44,228 - src.core.config - INFO - 处理配置项: DEFINE=WaitTime_AfterSend, VALUE=3
2025-11-01 21:32:44,228 - src.core.config - INFO - 处理配置项: DEFINE=WaitTime_TB_Focus, VALUE=1000
2025-11-01 21:32:44,228 - src.core.config - INFO - 处理配置项: DEFINE=TextMaxInputNum, VALUE=4
2025-11-01 21:32:44,228 - src.core.config - INFO - 处理配置项: DEFINE=BarCodeHeaderStrNum, VALUE=11
2025-11-01 21:32:44,228 - src.core.config - INFO - 设置条码头长度: 11
2025-11-01 21:32:44,229 - src.core.config - INFO - 处理配置项: DEFINE=onofftxt, VALUE=C:\macro\onoff.txt
2025-11-01 21:32:44,229 - src.core.config - INFO - 处理配置项: DEFINE=macrotxt, VALUE=C:\macro\macro.txt
2025-11-01 21:32:44,229 - src.core.config - INFO - 处理配置项: DEFINE=Btn_ChngPrm_text, VALUE=壛岺曽岦
2025-11-01 21:32:44,229 - src.core.config - INFO - 处理配置项: DEFINE=Btn_keyboard_text, VALUE=KeyBoard
2025-11-01 21:32:44,229 - src.core.config - INFO - 处理配置项: DEFINE=Btn_send_text, VALUE=
2025-11-01 21:32:44,229 - src.core.config - INFO - 处理配置项: DEFINE=TB_alart_text_machineON, VALUE=
2025-11-01 21:32:44,229 - src.core.config - INFO - 处理配置项: DEFINE=TB_alart_text_send, VALUE=
2025-11-01 21:32:44,229 - src.core.config - INFO - 处理配置项: DEFINE=MeasureValueLength, VALUE=4
2025-11-01 21:32:44,229 - src.core.config - INFO - 处理配置项: DEFINE=MeasureTextColor, VALUE=blue
2025-11-01 21:32:44,229 - src.core.config - INFO - 处理配置项: DEFINE=AutoSendFlg, VALUE=0
2025-11-01 21:32:44,229 - src.core.config - INFO - 处理配置项: DEFINE=Btn_add_text, VALUE=楢懕擖椡
2025-11-01 21:32:44,229 - src.core.config - INFO - 处理配置项: DEFINE=POInfoRecordFlg, VALUE=1
2025-11-01 21:32:44,229 - src.core.config - INFO - 处理配置项: DEFINE=POReadFlg, VALUE=0
2025-11-01 21:32:44,229 - src.core.config - INFO - 处理配置项: DEFINE=POAddress, VALUE=C:\macro\CCC.csv
2025-11-01 21:32:44,229 - src.core.config - INFO - 处理配置项: DEFINE=WorkInfoRecordFlg, VALUE=0
2025-11-01 21:32:44,229 - src.core.config - INFO - 处理配置项: DEFINE=Btn_chgOperator_text, VALUE=嶌嬈幰曄峏
2025-11-01 21:32:44,229 - src.core.config - INFO - 处理配置项: DEFINE=MachineID, VALUE=
2025-11-01 21:32:44,229 - src.core.config - INFO - 处理配置项: DEFINE=PRO_STATUS_CD, VALUE=
2025-11-01 21:32:44,229 - src.core.config - INFO - 处理配置项: DEFINE=PRO_S_STATUS_CD, VALUE=
2025-11-01 21:32:44,229 - src.core.config - INFO - 处理配置项: DEFINE=SendFileFormat, VALUE=1
2025-11-01 21:32:44,229 - src.core.config - INFO - 处理配置项: DEFINE=ScreenSizeRatio, VALUE=83
2025-11-01 21:32:44,229 - src.core.config - INFO - 处理配置项: DEFINE=commandtxt, VALUE=C:\macro\command.txt
2025-11-01 21:32:44,229 - src.core.config - INFO - 处理配置项: DEFINE=TopMacro, VALUE=500
2025-11-01 21:32:44,233 - src.core.config - INFO - 处理配置项: DEFINE=EndMacro, VALUE=600
2025-11-01 21:32:44,233 - src.core.config - INFO - 处理配置项: DEFINE=SmacroBrother, VALUE=C:\SBrotherNcSys\SBrotherNcSys.exe
2025-11-01 21:32:44,233 - src.core.config - INFO - 处理配置项: DEFINE=QRmode, VALUE=1
2025-11-01 21:32:44,234 - src.core.config - INFO - 设置QR模式: 1
2025-11-01 21:32:44,234 - src.core.config - INFO - 处理配置项: DEFINE=POplc, VALUE=1
2025-11-01 21:32:44,234 - src.core.config - INFO - 设置PO位置: 1
2025-11-01 21:32:44,234 - src.core.config - INFO - 处理配置项: DEFINE=MODELplc, VALUE=2
2025-11-01 21:32:44,234 - src.core.config - INFO - 设置型号位置: 2
2025-11-01 21:32:44,234 - src.core.config - INFO - 处理配置项: DEFINE=QTYplc, VALUE=3
2025-11-01 21:32:44,234 - src.core.config - INFO - 设置数量位置: 3
2025-11-01 21:32:44,235 - src.core.config - INFO - 处理配置项: DEFINE=QRspltStr, VALUE=@
2025-11-01 21:32:44,235 - src.core.config - INFO - 设置QR分隔符: @
2025-11-01 21:32:44,235 - src.core.config - INFO - 处理配置项: DEFINE=PrgAutoChangeFlg, VALUE=0
2025-11-01 21:32:44,235 - src.core.config - INFO - 处理配置项: DEFINE=MonitoringFolder, VALUE=
2025-11-01 21:32:44,235 - src.core.config - INFO - 处理配置项: DEFINE=DLWaitTime, VALUE=5000
2025-11-01 21:32:44,235 - src.core.config - INFO - 处理配置项: DEFINE=DecimalPlace, VALUE=2
2025-11-01 21:32:44,235 - src.core.config - INFO - 设置小数位数: 2
2025-11-01 21:32:44,235 - src.core.config - INFO - 处理配置项: DEFINE=UseFixedFilename, VALUE=0
2025-11-01 21:32:44,235 - src.core.config - INFO - 最终QR配置: qr_mode=1, model_place=2, split_str='@'
2025-11-01 21:32:44,235 - src.core.config - INFO - 配置加载成功
2025-11-01 21:32:44,236 - src.data.csv_processor - INFO - CSV文件读取为字典成功: config\master\ini.csv, 共48行
2025-11-01 21:32:44,238 - src.data.csv_processor - INFO - CSV文件读取为字典成功: config\master\ini.csv, 共48行
2025-11-01 21:32:44,238 - src.data.csv_processor - INFO - CSV文件读取为字典成功: config\master\header.csv, 共5行
2025-11-01 21:32:44,239 - src.data.csv_processor - INFO - CSV文件读取为字典成功: config\master\type_define.csv, 共9行
2025-11-01 21:32:44,239 - src.data.csv_processor - INFO - CSV文件读取为字典成功: config\master\type_relation.csv, 共0行
2025-11-01 21:32:44,240 - src.data.csv_processor - INFO - CSV文件读取为字典成功: config\master\type_chngvl.csv, 共0行
2025-11-01 21:32:44,241 - src.data.csv_processor - INFO - CSV文件读取为字典成功: config\master\type_prg.csv, 共9行
2025-11-01 21:32:44,242 - src.data.csv_processor - INFO - CSV文件读取为字典成功: config\master\prg.csv, 共2行
2025-11-01 21:32:44,248 - DNCSystem - INFO - DNC Python 系统初始化成功
2025-11-01 21:32:45,282 - src.ui.main_window - WARNING - 无法获取当前程序序列，使用默认目录
2025-11-01 21:32:45,322 - src.ui.main_window - INFO - 宏文件生成器初始化成功
2025-11-01 21:33:52,520 - src.ui.main_window - INFO - 参数已更新: {'basic': {'workpiece_name': '', 'workpiece_id': '', 'process_type': '铣削', 'precision': '普通'}, 'geometry': {'length': 0.0, 'width': 0.0, 'height': 0.0, 'diameter': 0.0, 'angle': 0.0}, 'process': {'spindle_speed': 0.0, 'feed_rate': 0.0, 'cut_depth': 0.0, 'cut_width': 0.0}, 'material': {'material_type': '碳钢', 'material_hardness': '软', 'material_strength': 0.0}, 'model': {'model_type': '自动识别', 'model_description': '123@GPA20GT15040_A-H8@5', 'current_model': None}}
2025-11-01 21:33:52,528 - src.data.csv_processor - INFO - CSV文件读取为字典成功: config\master\header.csv, 共5行
2025-11-01 21:33:52,529 - src.ui.main_window - INFO - 型号识别完成: {'model': 'GPA20GT15040_A-H8', 'qr_code': '123@GPA20GT15040_A-H8@5', 'po': '123', 'quantity': '5', 'recognition_mode': 'QR', 'confidence': 1.0, 'error_message': None}
2025-11-01 21:33:56,652 - src.ui.main_window - INFO - 转让按钮点击，参数: {'#1': '', '#2': '', '#3': '', '#4': '', '#5': '', '#6': '', '#7': '', '#8': '', '#9': '', '#10': '', '#11': 'defineBTC', '#12': 'defineTL', '#500': '', '#501': '1', '#502': '1', '#503': '关系1', '#504': '关系1', '#505': '', '#506': '', '#507': '', '#508': '选项1', '#509': '关系1', '#510': '关系1', '#511': '10.19', '#512': '9.68', '#513': '关系1', '#514': '', '#515': '', '#516': '关系1', '#517': '', '#518': '', '#519': '7', '#520': '', '#521': '', '#522': '关系1', '#523': '', '#524': '', '#525': '', '#526': '', '#527': '', '#528': '关系1', '#529': '', '#530': '', '#531': '', '#532': '', '#533': '', '#534': '', '#535': '', '#536': '', '#537': '', '#538': '', '#539': '', '#540': '', '#541': '', '#542': '', '#543': '', '#544': '', '#545': '关系1', '#546': '关系1', '#547': '关系1', '#548': '', '#549': '', '#550': '', '#602': False, '#603': '0', '#605': 'relationYSTA'}
2025-11-01 21:33:56,652 - src.ui.main_window - WARNING - 无法获取当前程序序列，使用默认目录
2025-11-01 21:33:56,652 - src.data.csv_processor - INFO - CSV文件读取为字典成功: config\master\prg1\load.csv, 共10行
2025-11-01 21:33:56,652 - src.ui.main_window - WARNING - 无法获取当前程序序列，使用默认目录
2025-11-01 21:33:56,652 - src.data.csv_processor - INFO - CSV文件读取为字典成功: config\master\prg1\load.csv, 共10行
2025-11-01 21:33:56,652 - src.ui.main_window - WARNING - 无法获取当前程序序列，使用默认目录
2025-11-01 21:33:56,652 - src.data.csv_processor - INFO - CSV文件读取为字典成功: config\master\prg1\load.csv, 共10行
2025-11-01 21:33:56,652 - src.ui.main_window - WARNING - 无法获取当前程序序列，使用默认目录
2025-11-01 21:33:56,652 - src.data.csv_processor - INFO - CSV文件读取为字典成功: config\master\prg1\load.csv, 共10行
2025-11-01 21:33:56,652 - src.ui.main_window - WARNING - 无法获取当前程序序列，使用默认目录
2025-11-01 21:33:56,652 - src.data.csv_processor - INFO - CSV文件读取为字典成功: config\master\prg1\load.csv, 共10行
2025-11-01 21:33:56,652 - src.ui.main_window - WARNING - 无法获取当前程序序列，使用默认目录
2025-11-01 21:33:56,663 - src.data.csv_processor - INFO - CSV文件读取为字典成功: config\master\prg1\load.csv, 共10行
2025-11-01 21:33:56,663 - src.ui.main_window - WARNING - 无法获取当前程序序列，使用默认目录
2025-11-01 21:33:56,664 - src.data.csv_processor - INFO - CSV文件读取为字典成功: config\master\prg1\load.csv, 共10行
2025-11-01 21:33:56,664 - src.ui.main_window - WARNING - 无法获取当前程序序列，使用默认目录
2025-11-01 21:33:56,665 - src.data.csv_processor - INFO - CSV文件读取为字典成功: config\master\prg1\load.csv, 共10行
2025-11-01 21:33:56,665 - src.ui.main_window - WARNING - 无法获取当前程序序列，使用默认目录
2025-11-01 21:33:56,666 - src.data.csv_processor - INFO - CSV文件读取为字典成功: config\master\prg1\load.csv, 共10行
2025-11-01 21:33:56,666 - src.ui.main_window - WARNING - 无法获取当前程序序列，使用默认目录
2025-11-01 21:33:56,666 - src.data.csv_processor - INFO - CSV文件读取为字典成功: config\master\prg1\load.csv, 共10行
2025-11-01 21:33:56,666 - src.ui.main_window - WARNING - 无法获取当前程序序列，使用默认目录
2025-11-01 21:33:56,666 - src.data.csv_processor - INFO - CSV文件读取为字典成功: config\master\prg1\load.csv, 共10行
2025-11-01 21:33:56,666 - src.ui.main_window - WARNING - 无法获取当前程序序列，使用默认目录
2025-11-01 21:33:56,670 - src.data.csv_processor - INFO - CSV文件读取为字典成功: config\master\prg1\load.csv, 共10行
2025-11-01 21:33:56,670 - src.ui.main_window - WARNING - 无法获取当前程序序列，使用默认目录
2025-11-01 21:33:56,670 - src.data.csv_processor - INFO - CSV文件读取为字典成功: config\master\prg1\load.csv, 共10行
2025-11-01 21:33:56,671 - src.ui.main_window - WARNING - 无法获取当前程序序列，使用默认目录
2025-11-01 21:33:56,672 - src.data.csv_processor - INFO - CSV文件读取为字典成功: config\master\prg1\load.csv, 共10行
2025-11-01 21:33:56,672 - src.ui.main_window - WARNING - 无法获取当前程序序列，使用默认目录
2025-11-01 21:33:56,672 - src.data.csv_processor - INFO - CSV文件读取为字典成功: config\master\prg1\load.csv, 共10行
2025-11-01 21:33:56,672 - src.ui.main_window - WARNING - 无法获取当前程序序列，使用默认目录
2025-11-01 21:33:56,672 - src.data.csv_processor - INFO - CSV文件读取为字典成功: config\master\prg1\load.csv, 共10行
2025-11-01 21:33:56,674 - src.ui.main_window - WARNING - 参数 #503 类型转换失败: could not convert string to float: '关系1', 值: 关系1
2025-11-01 21:33:56,674 - src.ui.main_window - WARNING - 无法获取当前程序序列，使用默认目录
2025-11-01 21:33:56,674 - src.data.csv_processor - INFO - CSV文件读取为字典成功: config\master\prg1\load.csv, 共10行
2025-11-01 21:33:56,674 - src.ui.main_window - WARNING - 无法获取当前程序序列，使用默认目录
2025-11-01 21:33:56,675 - src.data.csv_processor - INFO - CSV文件读取为字典成功: config\master\prg1\load.csv, 共10行
2025-11-01 21:33:56,675 - src.ui.main_window - WARNING - 无法获取当前程序序列，使用默认目录
2025-11-01 21:33:56,676 - src.data.csv_processor - INFO - CSV文件读取为字典成功: config\master\prg1\load.csv, 共10行
2025-11-01 21:33:56,676 - src.ui.main_window - WARNING - 无法获取当前程序序列，使用默认目录
2025-11-01 21:33:56,677 - src.data.csv_processor - INFO - CSV文件读取为字典成功: config\master\prg1\load.csv, 共10行
2025-11-01 21:33:56,677 - src.ui.main_window - WARNING - 无法获取当前程序序列，使用默认目录
2025-11-01 21:33:56,677 - src.data.csv_processor - INFO - CSV文件读取为字典成功: config\master\prg1\load.csv, 共10行
2025-11-01 21:33:56,677 - src.ui.main_window - WARNING - 无法获取当前程序序列，使用默认目录
2025-11-01 21:33:56,677 - src.data.csv_processor - INFO - CSV文件读取为字典成功: config\master\prg1\load.csv, 共10行
2025-11-01 21:33:56,677 - src.ui.main_window - WARNING - 无法获取当前程序序列，使用默认目录
2025-11-01 21:33:56,677 - src.data.csv_processor - INFO - CSV文件读取为字典成功: config\master\prg1\load.csv, 共10行
2025-11-01 21:33:56,677 - src.ui.main_window - WARNING - 参数 #510 类型转换失败: could not convert string to float: '关系1', 值: 关系1
2025-11-01 21:33:56,677 - src.ui.main_window - WARNING - 无法获取当前程序序列，使用默认目录
2025-11-01 21:33:56,677 - src.data.csv_processor - INFO - CSV文件读取为字典成功: config\master\prg1\load.csv, 共10行
2025-11-01 21:33:56,677 - src.ui.main_window - WARNING - 无法获取当前程序序列，使用默认目录
2025-11-01 21:33:56,677 - src.data.csv_processor - INFO - CSV文件读取为字典成功: config\master\prg1\load.csv, 共10行
2025-11-01 21:33:56,677 - src.ui.main_window - WARNING - 无法获取当前程序序列，使用默认目录
2025-11-01 21:33:56,677 - src.data.csv_processor - INFO - CSV文件读取为字典成功: config\master\prg1\load.csv, 共10行
2025-11-01 21:33:56,677 - src.ui.main_window - WARNING - 参数 #513 类型转换失败: could not convert string to float: '关系1', 值: 关系1
2025-11-01 21:33:56,677 - src.ui.main_window - WARNING - 无法获取当前程序序列，使用默认目录
2025-11-01 21:33:56,683 - src.data.csv_processor - INFO - CSV文件读取为字典成功: config\master\prg1\load.csv, 共10行
2025-11-01 21:33:56,683 - src.ui.main_window - WARNING - 无法获取当前程序序列，使用默认目录
2025-11-01 21:33:56,683 - src.data.csv_processor - INFO - CSV文件读取为字典成功: config\master\prg1\load.csv, 共10行
2025-11-01 21:33:56,684 - src.ui.main_window - WARNING - 无法获取当前程序序列，使用默认目录
2025-11-01 21:33:56,684 - src.data.csv_processor - INFO - CSV文件读取为字典成功: config\master\prg1\load.csv, 共10行
2025-11-01 21:33:56,684 - src.ui.main_window - WARNING - 无法获取当前程序序列，使用默认目录
2025-11-01 21:33:56,685 - src.data.csv_processor - INFO - CSV文件读取为字典成功: config\master\prg1\load.csv, 共10行
2025-11-01 21:33:56,685 - src.ui.main_window - WARNING - 无法获取当前程序序列，使用默认目录
2025-11-01 21:33:56,685 - src.data.csv_processor - INFO - CSV文件读取为字典成功: config\master\prg1\load.csv, 共10行
2025-11-01 21:33:56,685 - src.ui.main_window - WARNING - 无法获取当前程序序列，使用默认目录
2025-11-01 21:33:56,685 - src.data.csv_processor - INFO - CSV文件读取为字典成功: config\master\prg1\load.csv, 共10行
2025-11-01 21:33:56,685 - src.ui.main_window - WARNING - 无法获取当前程序序列，使用默认目录
2025-11-01 21:33:56,687 - src.data.csv_processor - INFO - CSV文件读取为字典成功: config\master\prg1\load.csv, 共10行
2025-11-01 21:33:56,687 - src.ui.main_window - WARNING - 无法获取当前程序序列，使用默认目录
2025-11-01 21:33:56,687 - src.data.csv_processor - INFO - CSV文件读取为字典成功: config\master\prg1\load.csv, 共10行
2025-11-01 21:33:56,688 - src.ui.main_window - WARNING - 无法获取当前程序序列，使用默认目录
2025-11-01 21:33:56,688 - src.data.csv_processor - INFO - CSV文件读取为字典成功: config\master\prg1\load.csv, 共10行
2025-11-01 21:33:56,688 - src.ui.main_window - WARNING - 无法获取当前程序序列，使用默认目录
2025-11-01 21:33:56,688 - src.data.csv_processor - INFO - CSV文件读取为字典成功: config\master\prg1\load.csv, 共10行
2025-11-01 21:33:56,688 - src.ui.main_window - WARNING - 无法获取当前程序序列，使用默认目录
2025-11-01 21:33:56,688 - src.data.csv_processor - INFO - CSV文件读取为字典成功: config\master\prg1\load.csv, 共10行
2025-11-01 21:33:56,688 - src.ui.main_window - WARNING - 无法获取当前程序序列，使用默认目录
2025-11-01 21:33:56,688 - src.data.csv_processor - INFO - CSV文件读取为字典成功: config\master\prg1\load.csv, 共10行
2025-11-01 21:33:56,688 - src.ui.main_window - WARNING - 无法获取当前程序序列，使用默认目录
2025-11-01 21:33:56,688 - src.data.csv_processor - INFO - CSV文件读取为字典成功: config\master\prg1\load.csv, 共10行
2025-11-01 21:33:56,688 - src.ui.main_window - WARNING - 无法获取当前程序序列，使用默认目录
2025-11-01 21:33:56,688 - src.data.csv_processor - INFO - CSV文件读取为字典成功: config\master\prg1\load.csv, 共10行
2025-11-01 21:33:56,688 - src.ui.main_window - WARNING - 无法获取当前程序序列，使用默认目录
2025-11-01 21:33:56,688 - src.data.csv_processor - INFO - CSV文件读取为字典成功: config\master\prg1\load.csv, 共10行
2025-11-01 21:33:56,688 - src.ui.main_window - WARNING - 参数 #528 类型转换失败: could not convert string to float: '关系1', 值: 关系1
2025-11-01 21:33:56,693 - src.ui.main_window - WARNING - 无法获取当前程序序列，使用默认目录
2025-11-01 21:33:56,693 - src.data.csv_processor - INFO - CSV文件读取为字典成功: config\master\prg1\load.csv, 共10行
2025-11-01 21:33:56,693 - src.ui.main_window - WARNING - 无法获取当前程序序列，使用默认目录
2025-11-01 21:33:56,693 - src.data.csv_processor - INFO - CSV文件读取为字典成功: config\master\prg1\load.csv, 共10行
2025-11-01 21:33:56,693 - src.ui.main_window - WARNING - 无法获取当前程序序列，使用默认目录
2025-11-01 21:33:56,694 - src.data.csv_processor - INFO - CSV文件读取为字典成功: config\master\prg1\load.csv, 共10行
2025-11-01 21:33:56,694 - src.ui.main_window - WARNING - 无法获取当前程序序列，使用默认目录
2025-11-01 21:33:56,694 - src.data.csv_processor - INFO - CSV文件读取为字典成功: config\master\prg1\load.csv, 共10行
2025-11-01 21:33:56,694 - src.ui.main_window - WARNING - 无法获取当前程序序列，使用默认目录
2025-11-01 21:33:56,696 - src.data.csv_processor - INFO - CSV文件读取为字典成功: config\master\prg1\load.csv, 共10行
2025-11-01 21:33:56,696 - src.ui.main_window - WARNING - 无法获取当前程序序列，使用默认目录
2025-11-01 21:33:56,696 - src.data.csv_processor - INFO - CSV文件读取为字典成功: config\master\prg1\load.csv, 共10行
2025-11-01 21:33:56,696 - src.ui.main_window - WARNING - 无法获取当前程序序列，使用默认目录
2025-11-01 21:33:56,696 - src.data.csv_processor - INFO - CSV文件读取为字典成功: config\master\prg1\load.csv, 共10行
2025-11-01 21:33:56,696 - src.ui.main_window - WARNING - 无法获取当前程序序列，使用默认目录
2025-11-01 21:33:56,697 - src.data.csv_processor - INFO - CSV文件读取为字典成功: config\master\prg1\load.csv, 共10行
2025-11-01 21:33:56,697 - src.ui.main_window - WARNING - 无法获取当前程序序列，使用默认目录
2025-11-01 21:33:56,697 - src.data.csv_processor - INFO - CSV文件读取为字典成功: config\master\prg1\load.csv, 共10行
2025-11-01 21:33:56,697 - src.ui.main_window - WARNING - 无法获取当前程序序列，使用默认目录
2025-11-01 21:33:56,697 - src.data.csv_processor - INFO - CSV文件读取为字典成功: config\master\prg1\load.csv, 共10行
2025-11-01 21:33:56,697 - src.ui.main_window - WARNING - 无法获取当前程序序列，使用默认目录
2025-11-01 21:33:56,697 - src.data.csv_processor - INFO - CSV文件读取为字典成功: config\master\prg1\load.csv, 共10行
2025-11-01 21:33:56,697 - src.ui.main_window - WARNING - 无法获取当前程序序列，使用默认目录
2025-11-01 21:33:56,697 - src.data.csv_processor - INFO - CSV文件读取为字典成功: config\master\prg1\load.csv, 共10行
2025-11-01 21:33:56,697 - src.ui.main_window - WARNING - 无法获取当前程序序列，使用默认目录
2025-11-01 21:33:56,697 - src.data.csv_processor - INFO - CSV文件读取为字典成功: config\master\prg1\load.csv, 共10行
2025-11-01 21:33:56,697 - src.ui.main_window - WARNING - 无法获取当前程序序列，使用默认目录
2025-11-01 21:33:56,697 - src.data.csv_processor - INFO - CSV文件读取为字典成功: config\master\prg1\load.csv, 共10行
2025-11-01 21:33:56,697 - src.ui.main_window - WARNING - 无法获取当前程序序列，使用默认目录
2025-11-01 21:33:56,697 - src.data.csv_processor - INFO - CSV文件读取为字典成功: config\master\prg1\load.csv, 共10行
2025-11-01 21:33:56,697 - src.ui.main_window - WARNING - 无法获取当前程序序列，使用默认目录
2025-11-01 21:33:56,697 - src.data.csv_processor - INFO - CSV文件读取为字典成功: config\master\prg1\load.csv, 共10行
2025-11-01 21:33:56,697 - src.ui.main_window - WARNING - 无法获取当前程序序列，使用默认目录
2025-11-01 21:33:56,697 - src.data.csv_processor - INFO - CSV文件读取为字典成功: config\master\prg1\load.csv, 共10行
2025-11-01 21:33:56,697 - src.ui.main_window - WARNING - 无法获取当前程序序列，使用默认目录
2025-11-01 21:33:56,697 - src.data.csv_processor - INFO - CSV文件读取为字典成功: config\master\prg1\load.csv, 共10行
2025-11-01 21:33:56,697 - src.ui.main_window - WARNING - 无法获取当前程序序列，使用默认目录
2025-11-01 21:33:56,697 - src.data.csv_processor - INFO - CSV文件读取为字典成功: config\master\prg1\load.csv, 共10行
2025-11-01 21:33:56,697 - src.ui.main_window - WARNING - 无法获取当前程序序列，使用默认目录
2025-11-01 21:33:56,697 - src.data.csv_processor - INFO - CSV文件读取为字典成功: config\master\prg1\load.csv, 共10行
2025-11-01 21:33:56,703 - src.ui.main_window - WARNING - 无法获取当前程序序列，使用默认目录
2025-11-01 21:33:56,703 - src.data.csv_processor - INFO - CSV文件读取为字典成功: config\master\prg1\load.csv, 共10行
2025-11-01 21:33:56,703 - src.ui.main_window - WARNING - 无法获取当前程序序列，使用默认目录
2025-11-01 21:33:56,704 - src.data.csv_processor - INFO - CSV文件读取为字典成功: config\master\prg1\load.csv, 共10行
2025-11-01 21:33:56,704 - src.ui.main_window - WARNING - 无法获取当前程序序列，使用默认目录
2025-11-01 21:33:56,704 - src.data.csv_processor - INFO - CSV文件读取为字典成功: config\master\prg1\load.csv, 共10行
2025-11-01 21:33:56,705 - src.ui.main_window - WARNING - 无法获取当前程序序列，使用默认目录
2025-11-01 21:33:56,706 - src.data.csv_processor - INFO - CSV文件读取为字典成功: config\master\prg1\load.csv, 共10行
2025-11-01 21:33:56,706 - src.ui.main_window - WARNING - 无法获取当前程序序列，使用默认目录
2025-11-01 21:33:56,706 - src.data.csv_processor - INFO - CSV文件读取为字典成功: config\master\prg1\load.csv, 共10行
2025-11-01 21:33:56,726 - src.ui.main_window - INFO - 计算结果显示:
2025-11-01 21:33:56,727 - src.ui.main_window - INFO - # = ========================================
2025-11-01 21:33:56,727 - src.ui.main_window - INFO - # = ========================================
2025-11-01 21:33:56,727 - src.ui.main_window - INFO - 1 = 
2025-11-01 21:33:56,727 - src.ui.main_window - INFO - 2 = 
2025-11-01 21:33:56,727 - src.ui.main_window - INFO - 3 = 
2025-11-01 21:33:56,727 - src.ui.main_window - INFO - 4 = 
2025-11-01 21:33:56,727 - src.ui.main_window - INFO - 5 = 
2025-11-01 21:33:56,727 - src.ui.main_window - INFO - 6 = 
2025-11-01 21:33:56,727 - src.ui.main_window - INFO - 7 = 
2025-11-01 21:33:56,727 - src.ui.main_window - INFO - 8 = 
2025-11-01 21:33:56,727 - src.ui.main_window - INFO - 9 = 
2025-11-01 21:33:56,727 - src.ui.main_window - INFO - 10 = 
2025-11-01 21:33:56,727 - src.ui.main_window - INFO - 11 = defineBTC
2025-11-01 21:33:56,727 - src.ui.main_window - INFO - 12 = defineTL
2025-11-01 21:33:56,727 - src.ui.main_window - INFO - 500 = 
2025-11-01 21:33:56,727 - src.ui.main_window - INFO - 501 = 1.00
2025-11-01 21:33:56,727 - src.ui.main_window - INFO - 502 = 1.00
2025-11-01 21:33:56,727 - src.ui.main_window - INFO - 503 = 0.00
2025-11-01 21:33:56,727 - src.ui.main_window - INFO - 504 = 关系1
2025-11-01 21:33:56,727 - src.ui.main_window - INFO - 505 = 
2025-11-01 21:33:56,727 - src.ui.main_window - INFO - 506 = 0.00
2025-11-01 21:33:56,727 - src.ui.main_window - INFO - 507 = 
2025-11-01 21:33:56,727 - src.ui.main_window - INFO - 508 = 选项1
2025-11-01 21:33:56,727 - src.ui.main_window - INFO - 509 = 关系1
2025-11-01 21:33:56,727 - src.ui.main_window - INFO - 510 = 0.00
2025-11-01 21:33:56,727 - src.ui.main_window - INFO - 511 = 10.19
2025-11-01 21:33:56,727 - src.ui.main_window - INFO - 512 = 9.68
2025-11-01 21:33:56,727 - src.ui.main_window - INFO - 513 = 0.00
2025-11-01 21:33:56,727 - src.ui.main_window - INFO - 514 = 
2025-11-01 21:33:56,727 - src.ui.main_window - INFO - 515 = 
2025-11-01 21:33:56,727 - src.ui.main_window - INFO - 516 = 关系1
2025-11-01 21:33:56,727 - src.ui.main_window - INFO - 517 = 
2025-11-01 21:33:56,727 - src.ui.main_window - INFO - 518 = 
2025-11-01 21:33:56,727 - src.ui.main_window - INFO - 519 = 7.00
2025-11-01 21:33:56,727 - src.ui.main_window - INFO - 520 = 
2025-11-01 21:33:56,727 - src.ui.main_window - INFO - 521 = 
2025-11-01 21:33:56,727 - src.ui.main_window - INFO - 522 = 关系1
2025-11-01 21:33:56,727 - src.ui.main_window - INFO - 523 = 
2025-11-01 21:33:56,727 - src.ui.main_window - INFO - 524 = 
2025-11-01 21:33:56,727 - src.ui.main_window - INFO - 525 = 
2025-11-01 21:33:56,727 - src.ui.main_window - INFO - 526 = 
2025-11-01 21:33:56,732 - src.ui.main_window - INFO - 527 = 
2025-11-01 21:33:56,732 - src.ui.main_window - INFO - 528 = 0.00
2025-11-01 21:33:56,732 - src.ui.main_window - INFO - 529 = 
2025-11-01 21:33:56,732 - src.ui.main_window - INFO - 530 = 
2025-11-01 21:33:56,732 - src.ui.main_window - INFO - 531 = 
2025-11-01 21:33:56,732 - src.ui.main_window - INFO - 532 = 
2025-11-01 21:33:56,732 - src.ui.main_window - INFO - 533 = 
2025-11-01 21:33:56,732 - src.ui.main_window - INFO - 534 = 
2025-11-01 21:33:56,732 - src.ui.main_window - INFO - 535 = 
2025-11-01 21:33:56,732 - src.ui.main_window - INFO - 536 = 
2025-11-01 21:33:56,732 - src.ui.main_window - INFO - 537 = 
2025-11-01 21:33:56,732 - src.ui.main_window - INFO - 538 = 
2025-11-01 21:33:56,732 - src.ui.main_window - INFO - 539 = 
2025-11-01 21:33:56,732 - src.ui.main_window - INFO - 540 = 
2025-11-01 21:33:56,732 - src.ui.main_window - INFO - 541 = 
2025-11-01 21:33:56,734 - src.ui.main_window - INFO - 542 = 
2025-11-01 21:33:56,734 - src.ui.main_window - INFO - 543 = 
2025-11-01 21:33:56,734 - src.ui.main_window - INFO - 544 = 
2025-11-01 21:33:56,734 - src.ui.main_window - INFO - 545 = 关系1
2025-11-01 21:33:56,734 - src.ui.main_window - INFO - 546 = 关系1
2025-11-01 21:33:56,734 - src.ui.main_window - INFO - 547 = 关系1
2025-11-01 21:33:56,734 - src.ui.main_window - INFO - 548 = 
2025-11-01 21:33:56,734 - src.ui.main_window - INFO - 549 = 
2025-11-01 21:33:56,734 - src.ui.main_window - INFO - 550 = 
2025-11-01 21:33:56,735 - src.ui.main_window - INFO - 602 = 0
2025-11-01 21:33:56,735 - src.ui.main_window - INFO - 603 = 0.00
2025-11-01 21:33:56,735 - src.ui.main_window - INFO - 605 = relationYSTA
2025-11-01 21:37:46,618 - src.communication.named_pipe - WARNING - 命名管道服务器未在运行
2025-11-01 21:37:46,620 - src.data.file_manager - INFO - 所有文件已关闭
2025-11-01 21:42:41,221 - DNCSystem - INFO - DNC Python 系统启动
2025-11-01 21:42:41,232 - src.data.csv_processor - INFO - CSV文件读取为字典成功: config\master\ini.csv, 共48行
2025-11-01 21:42:41,232 - src.core.config - INFO - 加载ini.csv配置: 48行
2025-11-01 21:42:41,232 - src.core.config - INFO - 处理配置项: DEFINE=TB_modelTextStringSize, VALUE=26
2025-11-01 21:42:41,232 - src.core.config - INFO - 处理配置项: DEFINE=TextStringSize, VALUE=24
2025-11-01 21:42:41,232 - src.core.config - INFO - 处理配置项: DEFINE=LabelStringSize, VALUE=16
2025-11-01 21:42:41,232 - src.core.config - INFO - 处理配置项: DEFINE=ButtnStringSize, VALUE=20
2025-11-01 21:42:41,232 - src.core.config - INFO - 处理配置项: DEFINE=TxtBorderStyle, VALUE=0
2025-11-01 21:42:41,232 - src.core.config - INFO - 处理配置项: DEFINE=DrawingFlg, VALUE=0
2025-11-01 21:42:41,232 - src.core.config - INFO - 处理配置项: DEFINE=DrawingBorderStype, VALUE=1
2025-11-01 21:42:41,232 - src.core.config - INFO - 处理配置项: DEFINE=DrawingWidth, VALUE=480
2025-11-01 21:42:41,232 - src.core.config - INFO - 处理配置项: DEFINE=DrawingHeight, VALUE=430
2025-11-01 21:42:41,232 - src.core.config - INFO - 处理配置项: DEFINE=WaitTime_AfterSend, VALUE=3
2025-11-01 21:42:41,235 - src.core.config - INFO - 处理配置项: DEFINE=WaitTime_TB_Focus, VALUE=1000
2025-11-01 21:42:41,235 - src.core.config - INFO - 处理配置项: DEFINE=TextMaxInputNum, VALUE=4
2025-11-01 21:42:41,235 - src.core.config - INFO - 处理配置项: DEFINE=BarCodeHeaderStrNum, VALUE=11
2025-11-01 21:42:41,235 - src.core.config - INFO - 设置条码头长度: 11
2025-11-01 21:42:41,235 - src.core.config - INFO - 处理配置项: DEFINE=onofftxt, VALUE=C:\macro\onoff.txt
2025-11-01 21:42:41,236 - src.core.config - INFO - 处理配置项: DEFINE=macrotxt, VALUE=C:\macro\macro.txt
2025-11-01 21:42:41,236 - src.core.config - INFO - 处理配置项: DEFINE=Btn_ChngPrm_text, VALUE=壛岺曽岦
2025-11-01 21:42:41,236 - src.core.config - INFO - 处理配置项: DEFINE=Btn_keyboard_text, VALUE=KeyBoard
2025-11-01 21:42:41,236 - src.core.config - INFO - 处理配置项: DEFINE=Btn_send_text, VALUE=
2025-11-01 21:42:41,237 - src.core.config - INFO - 处理配置项: DEFINE=TB_alart_text_machineON, VALUE=
2025-11-01 21:42:41,237 - src.core.config - INFO - 处理配置项: DEFINE=TB_alart_text_send, VALUE=
2025-11-01 21:42:41,237 - src.core.config - INFO - 处理配置项: DEFINE=MeasureValueLength, VALUE=4
2025-11-01 21:42:41,237 - src.core.config - INFO - 处理配置项: DEFINE=MeasureTextColor, VALUE=blue
2025-11-01 21:42:41,237 - src.core.config - INFO - 处理配置项: DEFINE=AutoSendFlg, VALUE=0
2025-11-01 21:42:41,237 - src.core.config - INFO - 处理配置项: DEFINE=Btn_add_text, VALUE=楢懕擖椡
2025-11-01 21:42:41,237 - src.core.config - INFO - 处理配置项: DEFINE=POInfoRecordFlg, VALUE=1
2025-11-01 21:42:41,237 - src.core.config - INFO - 处理配置项: DEFINE=POReadFlg, VALUE=0
2025-11-01 21:42:41,237 - src.core.config - INFO - 处理配置项: DEFINE=POAddress, VALUE=C:\macro\CCC.csv
2025-11-01 21:42:41,237 - src.core.config - INFO - 处理配置项: DEFINE=WorkInfoRecordFlg, VALUE=0
2025-11-01 21:42:41,237 - src.core.config - INFO - 处理配置项: DEFINE=Btn_chgOperator_text, VALUE=嶌嬈幰曄峏
2025-11-01 21:42:41,238 - src.core.config - INFO - 处理配置项: DEFINE=MachineID, VALUE=
2025-11-01 21:42:41,238 - src.core.config - INFO - 处理配置项: DEFINE=PRO_STATUS_CD, VALUE=
2025-11-01 21:42:41,238 - src.core.config - INFO - 处理配置项: DEFINE=PRO_S_STATUS_CD, VALUE=
2025-11-01 21:42:41,238 - src.core.config - INFO - 处理配置项: DEFINE=SendFileFormat, VALUE=1
2025-11-01 21:42:41,239 - src.core.config - INFO - 处理配置项: DEFINE=ScreenSizeRatio, VALUE=83
2025-11-01 21:42:41,239 - src.core.config - INFO - 处理配置项: DEFINE=commandtxt, VALUE=C:\macro\command.txt
2025-11-01 21:42:41,239 - src.core.config - INFO - 处理配置项: DEFINE=TopMacro, VALUE=500
2025-11-01 21:42:41,239 - src.core.config - INFO - 处理配置项: DEFINE=EndMacro, VALUE=600
2025-11-01 21:42:41,239 - src.core.config - INFO - 处理配置项: DEFINE=SmacroBrother, VALUE=C:\SBrotherNcSys\SBrotherNcSys.exe
2025-11-01 21:42:41,239 - src.core.config - INFO - 处理配置项: DEFINE=QRmode, VALUE=1
2025-11-01 21:42:41,239 - src.core.config - INFO - 设置QR模式: 1
2025-11-01 21:42:41,239 - src.core.config - INFO - 处理配置项: DEFINE=POplc, VALUE=1
2025-11-01 21:42:41,239 - src.core.config - INFO - 设置PO位置: 1
2025-11-01 21:42:41,239 - src.core.config - INFO - 处理配置项: DEFINE=MODELplc, VALUE=2
2025-11-01 21:42:41,239 - src.core.config - INFO - 设置型号位置: 2
2025-11-01 21:42:41,239 - src.core.config - INFO - 处理配置项: DEFINE=QTYplc, VALUE=3
2025-11-01 21:42:41,239 - src.core.config - INFO - 设置数量位置: 3
2025-11-01 21:42:41,239 - src.core.config - INFO - 处理配置项: DEFINE=QRspltStr, VALUE=@
2025-11-01 21:42:41,239 - src.core.config - INFO - 设置QR分隔符: @
2025-11-01 21:42:41,239 - src.core.config - INFO - 处理配置项: DEFINE=PrgAutoChangeFlg, VALUE=0
2025-11-01 21:42:41,239 - src.core.config - INFO - 处理配置项: DEFINE=MonitoringFolder, VALUE=
2025-11-01 21:42:41,239 - src.core.config - INFO - 处理配置项: DEFINE=DLWaitTime, VALUE=5000
2025-11-01 21:42:41,239 - src.core.config - INFO - 处理配置项: DEFINE=DecimalPlace, VALUE=2
2025-11-01 21:42:41,239 - src.core.config - INFO - 设置小数位数: 2
2025-11-01 21:42:41,239 - src.core.config - INFO - 处理配置项: DEFINE=UseFixedFilename, VALUE=0
2025-11-01 21:42:41,239 - src.core.config - INFO - 最终QR配置: qr_mode=1, model_place=2, split_str='@'
2025-11-01 21:42:41,239 - src.core.config - INFO - 配置加载成功
2025-11-01 21:42:41,239 - src.data.csv_processor - INFO - CSV文件读取为字典成功: config\master\ini.csv, 共48行
2025-11-01 21:42:41,244 - src.data.csv_processor - INFO - CSV文件读取为字典成功: config\master\ini.csv, 共48行
2025-11-01 21:42:41,245 - src.data.csv_processor - INFO - CSV文件读取为字典成功: config\master\header.csv, 共5行
2025-11-01 21:42:41,246 - src.data.csv_processor - INFO - CSV文件读取为字典成功: config\master\type_define.csv, 共9行
2025-11-01 21:42:41,246 - src.data.csv_processor - INFO - CSV文件读取为字典成功: config\master\type_relation.csv, 共0行
2025-11-01 21:42:41,247 - src.data.csv_processor - INFO - CSV文件读取为字典成功: config\master\type_chngvl.csv, 共0行
2025-11-01 21:42:41,249 - src.data.csv_processor - INFO - CSV文件读取为字典成功: config\master\type_prg.csv, 共9行
2025-11-01 21:42:41,250 - src.data.csv_processor - INFO - CSV文件读取为字典成功: config\master\prg.csv, 共2行
2025-11-01 21:42:41,258 - DNCSystem - INFO - DNC Python 系统初始化成功
2025-11-01 21:42:42,211 - src.ui.main_window - WARNING - 无法获取当前程序序列，使用默认目录
2025-11-01 21:42:42,255 - src.ui.main_window - INFO - 宏文件生成器初始化成功
2025-11-01 21:43:15,984 - src.ui.main_window - INFO - 参数已更新: {'basic': {'workpiece_name': '', 'workpiece_id': '', 'process_type': '铣削', 'precision': '普通'}, 'geometry': {'length': 0.0, 'width': 0.0, 'height': 0.0, 'diameter': 0.0, 'angle': 0.0}, 'process': {'spindle_speed': 0.0, 'feed_rate': 0.0, 'cut_depth': 0.0, 'cut_width': 0.0}, 'material': {'material_type': '碳钢', 'material_hardness': '软', 'material_strength': 0.0}, 'model': {'model_type': '自动识别', 'model_description': '12344@GPA20GT15040_A-H8@4', 'current_model': None}}
2025-11-01 21:43:15,992 - src.data.csv_processor - INFO - CSV文件读取为字典成功: config\master\header.csv, 共5行
2025-11-01 21:43:15,993 - src.ui.main_window - INFO - 型号识别完成: {'model': 'GPA20GT15040_A-H8', 'qr_code': '12344@GPA20GT15040_A-H8@4', 'po': '12344', 'quantity': '4', 'recognition_mode': 'QR', 'confidence': 1.0, 'error_message': None}
2025-11-01 21:43:20,470 - src.ui.main_window - INFO - 转让按钮点击，参数: {'#1': '', '#2': '', '#3': '', '#4': '', '#5': '', '#6': '', '#7': '', '#8': '', '#9': '', '#10': '', '#11': 'defineBTC', '#12': 'defineTL', '#500': '', '#501': '1', '#502': '1', '#503': '关系1', '#504': '关系1', '#505': '', '#506': '', '#507': '', '#508': '选项1', '#509': '关系1', '#510': '关系1', '#511': '10.19', '#512': '9.68', '#513': '关系1', '#514': '', '#515': '', '#516': '关系1', '#517': '', '#518': '', '#519': '7', '#520': '', '#521': '', '#522': '关系1', '#523': '', '#524': '', '#525': '', '#526': '', '#527': '', '#528': '关系1', '#529': '', '#530': '', '#531': '', '#532': '', '#533': '', '#534': '', '#535': '', '#536': '', '#537': '', '#538': '', '#539': '', '#540': '', '#541': '', '#542': '', '#543': '', '#544': '', '#545': '关系1', '#546': '关系1', '#547': '关系1', '#548': '', '#549': '', '#550': '', '#602': False, '#603': '0', '#605': 'relationYSTA'}
2025-11-01 21:43:20,470 - src.ui.main_window - WARNING - 无法获取当前程序序列，使用默认目录
2025-11-01 21:43:20,470 - src.data.csv_processor - INFO - CSV文件读取为字典成功: config\master\prg1\load.csv, 共10行
2025-11-01 21:43:20,470 - src.ui.main_window - WARNING - 无法获取当前程序序列，使用默认目录
2025-11-01 21:43:20,470 - src.data.csv_processor - INFO - CSV文件读取为字典成功: config\master\prg1\load.csv, 共10行
2025-11-01 21:43:20,470 - src.ui.main_window - WARNING - 无法获取当前程序序列，使用默认目录
2025-11-01 21:43:20,470 - src.data.csv_processor - INFO - CSV文件读取为字典成功: config\master\prg1\load.csv, 共10行
2025-11-01 21:43:20,470 - src.ui.main_window - WARNING - 无法获取当前程序序列，使用默认目录
2025-11-01 21:43:20,470 - src.data.csv_processor - INFO - CSV文件读取为字典成功: config\master\prg1\load.csv, 共10行
2025-11-01 21:43:20,470 - src.ui.main_window - WARNING - 无法获取当前程序序列，使用默认目录
2025-11-01 21:43:20,470 - src.data.csv_processor - INFO - CSV文件读取为字典成功: config\master\prg1\load.csv, 共10行
2025-11-01 21:43:20,470 - src.ui.main_window - WARNING - 无法获取当前程序序列，使用默认目录
2025-11-01 21:43:20,479 - src.data.csv_processor - INFO - CSV文件读取为字典成功: config\master\prg1\load.csv, 共10行
2025-11-01 21:43:20,479 - src.ui.main_window - WARNING - 无法获取当前程序序列，使用默认目录
2025-11-01 21:43:20,480 - src.data.csv_processor - INFO - CSV文件读取为字典成功: config\master\prg1\load.csv, 共10行
2025-11-01 21:43:20,480 - src.ui.main_window - WARNING - 无法获取当前程序序列，使用默认目录
2025-11-01 21:43:20,482 - src.data.csv_processor - INFO - CSV文件读取为字典成功: config\master\prg1\load.csv, 共10行
2025-11-01 21:43:20,482 - src.ui.main_window - WARNING - 无法获取当前程序序列，使用默认目录
2025-11-01 21:43:20,482 - src.data.csv_processor - INFO - CSV文件读取为字典成功: config\master\prg1\load.csv, 共10行
2025-11-01 21:43:20,482 - src.ui.main_window - WARNING - 无法获取当前程序序列，使用默认目录
2025-11-01 21:43:20,483 - src.data.csv_processor - INFO - CSV文件读取为字典成功: config\master\prg1\load.csv, 共10行
2025-11-01 21:43:20,483 - src.ui.main_window - WARNING - 无法获取当前程序序列，使用默认目录
2025-11-01 21:43:20,483 - src.data.csv_processor - INFO - CSV文件读取为字典成功: config\master\prg1\load.csv, 共10行
2025-11-01 21:43:20,483 - src.ui.main_window - WARNING - 无法获取当前程序序列，使用默认目录
2025-11-01 21:43:20,483 - src.data.csv_processor - INFO - CSV文件读取为字典成功: config\master\prg1\load.csv, 共10行
2025-11-01 21:43:20,483 - src.ui.main_window - WARNING - 无法获取当前程序序列，使用默认目录
2025-11-01 21:43:20,483 - src.data.csv_processor - INFO - CSV文件读取为字典成功: config\master\prg1\load.csv, 共10行
2025-11-01 21:43:20,483 - src.ui.main_window - WARNING - 无法获取当前程序序列，使用默认目录
2025-11-01 21:43:20,483 - src.data.csv_processor - INFO - CSV文件读取为字典成功: config\master\prg1\load.csv, 共10行
2025-11-01 21:43:20,483 - src.ui.main_window - WARNING - 无法获取当前程序序列，使用默认目录
2025-11-01 21:43:20,483 - src.data.csv_processor - INFO - CSV文件读取为字典成功: config\master\prg1\load.csv, 共10行
2025-11-01 21:43:20,483 - src.ui.main_window - WARNING - 无法获取当前程序序列，使用默认目录
2025-11-01 21:43:20,483 - src.data.csv_processor - INFO - CSV文件读取为字典成功: config\master\prg1\load.csv, 共10行
2025-11-01 21:43:20,483 - src.ui.main_window - WARNING - 无法获取当前程序序列，使用默认目录
2025-11-01 21:43:20,483 - src.data.csv_processor - INFO - CSV文件读取为字典成功: config\master\prg1\load.csv, 共10行
2025-11-01 21:43:20,483 - src.ui.main_window - WARNING - 无法获取当前程序序列，使用默认目录
2025-11-01 21:43:20,489 - src.data.csv_processor - INFO - CSV文件读取为字典成功: config\master\prg1\load.csv, 共10行
2025-11-01 21:43:20,489 - src.ui.main_window - WARNING - 无法获取当前程序序列，使用默认目录
2025-11-01 21:43:20,489 - src.data.csv_processor - INFO - CSV文件读取为字典成功: config\master\prg1\load.csv, 共10行
2025-11-01 21:43:20,489 - src.ui.main_window - WARNING - 无法获取当前程序序列，使用默认目录
2025-11-01 21:43:20,489 - src.data.csv_processor - INFO - CSV文件读取为字典成功: config\master\prg1\load.csv, 共10行
2025-11-01 21:43:20,491 - src.ui.main_window - WARNING - 无法获取当前程序序列，使用默认目录
2025-11-01 21:43:20,491 - src.data.csv_processor - INFO - CSV文件读取为字典成功: config\master\prg1\load.csv, 共10行
2025-11-01 21:43:20,491 - src.ui.main_window - WARNING - 无法获取当前程序序列，使用默认目录
2025-11-01 21:43:20,491 - src.data.csv_processor - INFO - CSV文件读取为字典成功: config\master\prg1\load.csv, 共10行
2025-11-01 21:43:20,491 - src.ui.main_window - WARNING - 无法获取当前程序序列，使用默认目录
2025-11-01 21:43:20,492 - src.data.csv_processor - INFO - CSV文件读取为字典成功: config\master\prg1\load.csv, 共10行
2025-11-01 21:43:20,492 - src.ui.main_window - WARNING - 无法获取当前程序序列，使用默认目录
2025-11-01 21:43:20,492 - src.data.csv_processor - INFO - CSV文件读取为字典成功: config\master\prg1\load.csv, 共10行
2025-11-01 21:43:20,492 - src.ui.main_window - WARNING - 无法获取当前程序序列，使用默认目录
2025-11-01 21:43:20,492 - src.data.csv_processor - INFO - CSV文件读取为字典成功: config\master\prg1\load.csv, 共10行
2025-11-01 21:43:20,492 - src.ui.main_window - WARNING - 无法获取当前程序序列，使用默认目录
2025-11-01 21:43:20,493 - src.data.csv_processor - INFO - CSV文件读取为字典成功: config\master\prg1\load.csv, 共10行
2025-11-01 21:43:20,493 - src.ui.main_window - WARNING - 无法获取当前程序序列，使用默认目录
2025-11-01 21:43:20,493 - src.data.csv_processor - INFO - CSV文件读取为字典成功: config\master\prg1\load.csv, 共10行
2025-11-01 21:43:20,494 - src.ui.main_window - WARNING - 无法获取当前程序序列，使用默认目录
2025-11-01 21:43:20,494 - src.data.csv_processor - INFO - CSV文件读取为字典成功: config\master\prg1\load.csv, 共10行
2025-11-01 21:43:20,494 - src.ui.main_window - WARNING - 无法获取当前程序序列，使用默认目录
2025-11-01 21:43:20,495 - src.data.csv_processor - INFO - CSV文件读取为字典成功: config\master\prg1\load.csv, 共10行
2025-11-01 21:43:20,496 - src.ui.main_window - WARNING - 无法获取当前程序序列，使用默认目录
2025-11-01 21:43:20,496 - src.data.csv_processor - INFO - CSV文件读取为字典成功: config\master\prg1\load.csv, 共10行
2025-11-01 21:43:20,496 - src.ui.main_window - WARNING - 无法获取当前程序序列，使用默认目录
2025-11-01 21:43:20,496 - src.data.csv_processor - INFO - CSV文件读取为字典成功: config\master\prg1\load.csv, 共10行
2025-11-01 21:43:20,496 - src.ui.main_window - WARNING - 无法获取当前程序序列，使用默认目录
2025-11-01 21:43:20,496 - src.data.csv_processor - INFO - CSV文件读取为字典成功: config\master\prg1\load.csv, 共10行
2025-11-01 21:43:20,496 - src.ui.main_window - WARNING - 无法获取当前程序序列，使用默认目录
2025-11-01 21:43:20,499 - src.data.csv_processor - INFO - CSV文件读取为字典成功: config\master\prg1\load.csv, 共10行
2025-11-01 21:43:20,499 - src.ui.main_window - WARNING - 无法获取当前程序序列，使用默认目录
2025-11-01 21:43:20,499 - src.data.csv_processor - INFO - CSV文件读取为字典成功: config\master\prg1\load.csv, 共10行
2025-11-01 21:43:20,499 - src.ui.main_window - WARNING - 无法获取当前程序序列，使用默认目录
2025-11-01 21:43:20,500 - src.data.csv_processor - INFO - CSV文件读取为字典成功: config\master\prg1\load.csv, 共10行
2025-11-01 21:43:20,501 - src.ui.main_window - WARNING - 无法获取当前程序序列，使用默认目录
2025-11-01 21:43:20,501 - src.data.csv_processor - INFO - CSV文件读取为字典成功: config\master\prg1\load.csv, 共10行
2025-11-01 21:43:20,501 - src.ui.main_window - WARNING - 无法获取当前程序序列，使用默认目录
2025-11-01 21:43:20,502 - src.data.csv_processor - INFO - CSV文件读取为字典成功: config\master\prg1\load.csv, 共10行
2025-11-01 21:43:20,502 - src.ui.main_window - WARNING - 无法获取当前程序序列，使用默认目录
2025-11-01 21:43:20,502 - src.data.csv_processor - INFO - CSV文件读取为字典成功: config\master\prg1\load.csv, 共10行
2025-11-01 21:43:20,502 - src.ui.main_window - WARNING - 无法获取当前程序序列，使用默认目录
2025-11-01 21:43:20,503 - src.data.csv_processor - INFO - CSV文件读取为字典成功: config\master\prg1\load.csv, 共10行
2025-11-01 21:43:20,503 - src.ui.main_window - WARNING - 无法获取当前程序序列，使用默认目录
2025-11-01 21:43:20,503 - src.data.csv_processor - INFO - CSV文件读取为字典成功: config\master\prg1\load.csv, 共10行
2025-11-01 21:43:20,503 - src.ui.main_window - WARNING - 无法获取当前程序序列，使用默认目录
2025-11-01 21:43:20,503 - src.data.csv_processor - INFO - CSV文件读取为字典成功: config\master\prg1\load.csv, 共10行
2025-11-01 21:43:20,503 - src.ui.main_window - WARNING - 无法获取当前程序序列，使用默认目录
2025-11-01 21:43:20,503 - src.data.csv_processor - INFO - CSV文件读取为字典成功: config\master\prg1\load.csv, 共10行
2025-11-01 21:43:20,503 - src.ui.main_window - WARNING - 无法获取当前程序序列，使用默认目录
2025-11-01 21:43:20,503 - src.data.csv_processor - INFO - CSV文件读取为字典成功: config\master\prg1\load.csv, 共10行
2025-11-01 21:43:20,503 - src.ui.main_window - WARNING - 无法获取当前程序序列，使用默认目录
2025-11-01 21:43:20,503 - src.data.csv_processor - INFO - CSV文件读取为字典成功: config\master\prg1\load.csv, 共10行
2025-11-01 21:43:20,503 - src.ui.main_window - WARNING - 无法获取当前程序序列，使用默认目录
2025-11-01 21:43:20,503 - src.data.csv_processor - INFO - CSV文件读取为字典成功: config\master\prg1\load.csv, 共10行
2025-11-01 21:43:20,503 - src.ui.main_window - WARNING - 无法获取当前程序序列，使用默认目录
2025-11-01 21:43:20,503 - src.data.csv_processor - INFO - CSV文件读取为字典成功: config\master\prg1\load.csv, 共10行
2025-11-01 21:43:20,503 - src.ui.main_window - WARNING - 无法获取当前程序序列，使用默认目录
2025-11-01 21:43:20,503 - src.data.csv_processor - INFO - CSV文件读取为字典成功: config\master\prg1\load.csv, 共10行
2025-11-01 21:43:20,503 - src.ui.main_window - WARNING - 无法获取当前程序序列，使用默认目录
2025-11-01 21:43:20,503 - src.data.csv_processor - INFO - CSV文件读取为字典成功: config\master\prg1\load.csv, 共10行
2025-11-01 21:43:20,503 - src.ui.main_window - WARNING - 无法获取当前程序序列，使用默认目录
2025-11-01 21:43:20,503 - src.data.csv_processor - INFO - CSV文件读取为字典成功: config\master\prg1\load.csv, 共10行
2025-11-01 21:43:20,503 - src.ui.main_window - WARNING - 无法获取当前程序序列，使用默认目录
2025-11-01 21:43:20,503 - src.data.csv_processor - INFO - CSV文件读取为字典成功: config\master\prg1\load.csv, 共10行
2025-11-01 21:43:20,503 - src.ui.main_window - WARNING - 无法获取当前程序序列，使用默认目录
2025-11-01 21:43:20,503 - src.data.csv_processor - INFO - CSV文件读取为字典成功: config\master\prg1\load.csv, 共10行
2025-11-01 21:43:20,503 - src.ui.main_window - WARNING - 无法获取当前程序序列，使用默认目录
2025-11-01 21:43:20,510 - src.data.csv_processor - INFO - CSV文件读取为字典成功: config\master\prg1\load.csv, 共10行
2025-11-01 21:43:20,510 - src.ui.main_window - WARNING - 无法获取当前程序序列，使用默认目录
2025-11-01 21:43:20,510 - src.data.csv_processor - INFO - CSV文件读取为字典成功: config\master\prg1\load.csv, 共10行
2025-11-01 21:43:20,511 - src.ui.main_window - WARNING - 无法获取当前程序序列，使用默认目录
2025-11-01 21:43:20,511 - src.data.csv_processor - INFO - CSV文件读取为字典成功: config\master\prg1\load.csv, 共10行
2025-11-01 21:43:20,511 - src.ui.main_window - WARNING - 无法获取当前程序序列，使用默认目录
2025-11-01 21:43:20,512 - src.data.csv_processor - INFO - CSV文件读取为字典成功: config\master\prg1\load.csv, 共10行
2025-11-01 21:43:20,512 - src.ui.main_window - WARNING - 无法获取当前程序序列，使用默认目录
2025-11-01 21:43:20,512 - src.data.csv_processor - INFO - CSV文件读取为字典成功: config\master\prg1\load.csv, 共10行
2025-11-01 21:43:20,512 - src.ui.main_window - WARNING - 无法获取当前程序序列，使用默认目录
2025-11-01 21:43:20,514 - src.data.csv_processor - INFO - CSV文件读取为字典成功: config\master\prg1\load.csv, 共10行
2025-11-01 21:43:20,514 - src.ui.main_window - WARNING - 无法获取当前程序序列，使用默认目录
2025-11-01 21:43:20,514 - src.data.csv_processor - INFO - CSV文件读取为字典成功: config\master\prg1\load.csv, 共10行
2025-11-01 21:43:20,514 - src.ui.main_window - WARNING - 无法获取当前程序序列，使用默认目录
2025-11-01 21:43:20,514 - src.data.csv_processor - INFO - CSV文件读取为字典成功: config\master\prg1\load.csv, 共10行
2025-11-01 21:43:20,515 - src.ui.main_window - WARNING - 无法获取当前程序序列，使用默认目录
2025-11-01 21:43:20,515 - src.data.csv_processor - INFO - CSV文件读取为字典成功: config\master\prg1\load.csv, 共10行
2025-11-01 21:43:20,515 - src.ui.main_window - WARNING - 无法获取当前程序序列，使用默认目录
2025-11-01 21:43:20,515 - src.data.csv_processor - INFO - CSV文件读取为字典成功: config\master\prg1\load.csv, 共10行
2025-11-01 21:43:20,516 - src.ui.main_window - WARNING - 无法获取当前程序序列，使用默认目录
2025-11-01 21:43:20,516 - src.data.csv_processor - INFO - CSV文件读取为字典成功: config\master\prg1\load.csv, 共10行
2025-11-01 21:43:20,516 - src.ui.main_window - WARNING - 无法获取当前程序序列，使用默认目录
2025-11-01 21:43:20,517 - src.data.csv_processor - INFO - CSV文件读取为字典成功: config\master\prg1\load.csv, 共10行
2025-11-01 21:43:20,517 - src.ui.main_window - WARNING - 无法获取当前程序序列，使用默认目录
2025-11-01 21:43:20,517 - src.data.csv_processor - INFO - CSV文件读取为字典成功: config\master\prg1\load.csv, 共10行
2025-11-01 21:43:20,517 - src.ui.main_window - WARNING - 无法获取当前程序序列，使用默认目录
2025-11-01 21:43:20,518 - src.data.csv_processor - INFO - CSV文件读取为字典成功: config\master\prg1\load.csv, 共10行
2025-11-01 21:43:20,518 - src.ui.main_window - WARNING - 无法获取当前程序序列，使用默认目录
2025-11-01 21:43:20,518 - src.data.csv_processor - INFO - CSV文件读取为字典成功: config\master\prg1\load.csv, 共10行
2025-11-01 21:43:20,535 - src.ui.main_window - INFO - 计算结果显示:
2025-11-01 21:43:20,535 - src.ui.main_window - INFO - # = ========================================
2025-11-01 21:43:20,535 - src.ui.main_window - INFO - # = ========================================
2025-11-01 21:43:20,535 - src.ui.main_window - INFO - 1 = 
2025-11-01 21:43:20,535 - src.ui.main_window - INFO - 2 = 
2025-11-01 21:43:20,535 - src.ui.main_window - INFO - 3 = 
2025-11-01 21:43:20,535 - src.ui.main_window - INFO - 4 = 
2025-11-01 21:43:20,535 - src.ui.main_window - INFO - 5 = 
2025-11-01 21:43:20,535 - src.ui.main_window - INFO - 6 = 
2025-11-01 21:43:20,535 - src.ui.main_window - INFO - 7 = 
2025-11-01 21:43:20,535 - src.ui.main_window - INFO - 8 = 
2025-11-01 21:43:20,535 - src.ui.main_window - INFO - 9 = 
2025-11-01 21:43:20,535 - src.ui.main_window - INFO - 10 = 
2025-11-01 21:43:20,535 - src.ui.main_window - INFO - 11 = defineBTC
2025-11-01 21:43:20,535 - src.ui.main_window - INFO - 12 = defineTL
2025-11-01 21:43:20,535 - src.ui.main_window - INFO - 500 = 
2025-11-01 21:43:20,535 - src.ui.main_window - INFO - 501 = 1.00
2025-11-01 21:43:20,535 - src.ui.main_window - INFO - 502 = 1.00
2025-11-01 21:43:20,535 - src.ui.main_window - INFO - 503 = 关系1
2025-11-01 21:43:20,535 - src.ui.main_window - INFO - 504 = 关系1
2025-11-01 21:43:20,535 - src.ui.main_window - INFO - 505 = 
2025-11-01 21:43:20,535 - src.ui.main_window - INFO - 506 = 0.00
2025-11-01 21:43:20,535 - src.ui.main_window - INFO - 507 = 
2025-11-01 21:43:20,535 - src.ui.main_window - INFO - 508 = 选项1
2025-11-01 21:43:20,535 - src.ui.main_window - INFO - 509 = 关系1
2025-11-01 21:43:20,543 - src.ui.main_window - INFO - 510 = 关系1
2025-11-01 21:43:20,543 - src.ui.main_window - INFO - 511 = 10.19
2025-11-01 21:43:20,543 - src.ui.main_window - INFO - 512 = 9.68
2025-11-01 21:43:20,543 - src.ui.main_window - INFO - 513 = 关系1
2025-11-01 21:43:20,543 - src.ui.main_window - INFO - 514 = 
2025-11-01 21:43:20,543 - src.ui.main_window - INFO - 515 = 
2025-11-01 21:43:20,543 - src.ui.main_window - INFO - 516 = 关系1
2025-11-01 21:43:20,543 - src.ui.main_window - INFO - 517 = 
2025-11-01 21:43:20,544 - src.ui.main_window - INFO - 518 = 
2025-11-01 21:43:20,544 - src.ui.main_window - INFO - 519 = 7.00
2025-11-01 21:43:20,544 - src.ui.main_window - INFO - 520 = 
2025-11-01 21:43:20,544 - src.ui.main_window - INFO - 521 = 
2025-11-01 21:43:20,544 - src.ui.main_window - INFO - 522 = 关系1
2025-11-01 21:43:20,544 - src.ui.main_window - INFO - 523 = 
2025-11-01 21:43:20,544 - src.ui.main_window - INFO - 524 = 
2025-11-01 21:43:20,544 - src.ui.main_window - INFO - 525 = 
2025-11-01 21:43:20,546 - src.ui.main_window - INFO - 526 = 
2025-11-01 21:43:20,546 - src.ui.main_window - INFO - 527 = 
2025-11-01 21:43:20,546 - src.ui.main_window - INFO - 528 = 关系1
2025-11-01 21:43:20,546 - src.ui.main_window - INFO - 529 = 
2025-11-01 21:43:20,546 - src.ui.main_window - INFO - 530 = 
2025-11-01 21:43:20,546 - src.ui.main_window - INFO - 531 = 
2025-11-01 21:43:20,546 - src.ui.main_window - INFO - 532 = 
2025-11-01 21:43:20,546 - src.ui.main_window - INFO - 533 = 
2025-11-01 21:43:20,546 - src.ui.main_window - INFO - 534 = 
2025-11-01 21:43:20,547 - src.ui.main_window - INFO - 535 = 
2025-11-01 21:43:20,547 - src.ui.main_window - INFO - 536 = 
2025-11-01 21:43:20,547 - src.ui.main_window - INFO - 537 = 
2025-11-01 21:43:20,547 - src.ui.main_window - INFO - 538 = 
2025-11-01 21:43:20,548 - src.ui.main_window - INFO - 539 = 
2025-11-01 21:43:20,548 - src.ui.main_window - INFO - 540 = 
2025-11-01 21:43:20,548 - src.ui.main_window - INFO - 541 = 
2025-11-01 21:43:20,548 - src.ui.main_window - INFO - 542 = 
2025-11-01 21:43:20,548 - src.ui.main_window - INFO - 543 = 
2025-11-01 21:43:20,548 - src.ui.main_window - INFO - 544 = 
2025-11-01 21:43:20,548 - src.ui.main_window - INFO - 545 = 关系1
2025-11-01 21:43:20,548 - src.ui.main_window - INFO - 546 = 关系1
2025-11-01 21:43:20,548 - src.ui.main_window - INFO - 547 = 关系1
2025-11-01 21:43:20,548 - src.ui.main_window - INFO - 548 = 
2025-11-01 21:43:20,548 - src.ui.main_window - INFO - 549 = 
2025-11-01 21:43:20,548 - src.ui.main_window - INFO - 550 = 
2025-11-01 21:43:20,548 - src.ui.main_window - INFO - 602 = 0
2025-11-01 21:43:20,548 - src.ui.main_window - INFO - 603 = 0.00
2025-11-01 21:43:20,548 - src.ui.main_window - INFO - 605 = relationYSTA
2025-11-01 22:03:48,214 - src.communication.named_pipe - WARNING - 命名管道服务器未在运行
2025-11-01 22:03:48,214 - src.data.file_manager - INFO - 所有文件已关闭
2025-11-01 22:25:19,732 - DNCSystem - INFO - DNC Python 系统启动
2025-11-01 22:25:19,732 - src.data.csv_processor - INFO - CSV文件读取为字典成功: config\master\ini.csv, 共48行
2025-11-01 22:25:19,732 - src.core.config - INFO - 加载ini.csv配置: 48行
2025-11-01 22:25:19,743 - src.core.config - INFO - 处理配置项: DEFINE=TB_modelTextStringSize, VALUE=26
2025-11-01 22:25:19,743 - src.core.config - INFO - 处理配置项: DEFINE=TextStringSize, VALUE=24
2025-11-01 22:25:19,744 - src.core.config - INFO - 处理配置项: DEFINE=LabelStringSize, VALUE=16
2025-11-01 22:25:19,744 - src.core.config - INFO - 处理配置项: DEFINE=ButtnStringSize, VALUE=20
2025-11-01 22:25:19,744 - src.core.config - INFO - 处理配置项: DEFINE=TxtBorderStyle, VALUE=0
2025-11-01 22:25:19,744 - src.core.config - INFO - 处理配置项: DEFINE=DrawingFlg, VALUE=0
2025-11-01 22:25:19,744 - src.core.config - INFO - 处理配置项: DEFINE=DrawingBorderStype, VALUE=1
2025-11-01 22:25:19,745 - src.core.config - INFO - 处理配置项: DEFINE=DrawingWidth, VALUE=480
2025-11-01 22:25:19,745 - src.core.config - INFO - 处理配置项: DEFINE=DrawingHeight, VALUE=430
2025-11-01 22:25:19,745 - src.core.config - INFO - 处理配置项: DEFINE=WaitTime_AfterSend, VALUE=3
2025-11-01 22:25:19,746 - src.core.config - INFO - 处理配置项: DEFINE=WaitTime_TB_Focus, VALUE=1000
2025-11-01 22:25:19,746 - src.core.config - INFO - 处理配置项: DEFINE=TextMaxInputNum, VALUE=4
2025-11-01 22:25:19,746 - src.core.config - INFO - 处理配置项: DEFINE=BarCodeHeaderStrNum, VALUE=11
2025-11-01 22:25:19,746 - src.core.config - INFO - 设置条码头长度: 11
2025-11-01 22:25:19,746 - src.core.config - INFO - 处理配置项: DEFINE=onofftxt, VALUE=C:\macro\onoff.txt
2025-11-01 22:25:19,747 - src.core.config - INFO - 处理配置项: DEFINE=macrotxt, VALUE=C:\macro\macro.txt
2025-11-01 22:25:19,747 - src.core.config - INFO - 处理配置项: DEFINE=Btn_ChngPrm_text, VALUE=壛岺曽岦
2025-11-01 22:25:19,747 - src.core.config - INFO - 处理配置项: DEFINE=Btn_keyboard_text, VALUE=KeyBoard
2025-11-01 22:25:19,747 - src.core.config - INFO - 处理配置项: DEFINE=Btn_send_text, VALUE=
2025-11-01 22:25:19,747 - src.core.config - INFO - 处理配置项: DEFINE=TB_alart_text_machineON, VALUE=
2025-11-01 22:25:19,748 - src.core.config - INFO - 处理配置项: DEFINE=TB_alart_text_send, VALUE=
2025-11-01 22:25:19,748 - src.core.config - INFO - 处理配置项: DEFINE=MeasureValueLength, VALUE=4
2025-11-01 22:25:19,748 - src.core.config - INFO - 处理配置项: DEFINE=MeasureTextColor, VALUE=blue
2025-11-01 22:25:19,748 - src.core.config - INFO - 处理配置项: DEFINE=AutoSendFlg, VALUE=0
2025-11-01 22:25:19,748 - src.core.config - INFO - 处理配置项: DEFINE=Btn_add_text, VALUE=楢懕擖椡
2025-11-01 22:25:19,748 - src.core.config - INFO - 处理配置项: DEFINE=POInfoRecordFlg, VALUE=1
2025-11-01 22:25:19,748 - src.core.config - INFO - 处理配置项: DEFINE=POReadFlg, VALUE=0
2025-11-01 22:25:19,748 - src.core.config - INFO - 处理配置项: DEFINE=POAddress, VALUE=C:\macro\CCC.csv
2025-11-01 22:25:19,748 - src.core.config - INFO - 处理配置项: DEFINE=WorkInfoRecordFlg, VALUE=0
2025-11-01 22:25:19,748 - src.core.config - INFO - 处理配置项: DEFINE=Btn_chgOperator_text, VALUE=嶌嬈幰曄峏
2025-11-01 22:25:19,748 - src.core.config - INFO - 处理配置项: DEFINE=MachineID, VALUE=
2025-11-01 22:25:19,748 - src.core.config - INFO - 处理配置项: DEFINE=PRO_STATUS_CD, VALUE=
2025-11-01 22:25:19,748 - src.core.config - INFO - 处理配置项: DEFINE=PRO_S_STATUS_CD, VALUE=
2025-11-01 22:25:19,748 - src.core.config - INFO - 处理配置项: DEFINE=SendFileFormat, VALUE=1
2025-11-01 22:25:19,748 - src.core.config - INFO - 处理配置项: DEFINE=ScreenSizeRatio, VALUE=83
2025-11-01 22:25:19,748 - src.core.config - INFO - 处理配置项: DEFINE=commandtxt, VALUE=C:\macro\command.txt
2025-11-01 22:25:19,750 - src.core.config - INFO - 处理配置项: DEFINE=TopMacro, VALUE=500
2025-11-01 22:25:19,750 - src.core.config - INFO - 处理配置项: DEFINE=EndMacro, VALUE=600
2025-11-01 22:25:19,750 - src.core.config - INFO - 处理配置项: DEFINE=SmacroBrother, VALUE=C:\SBrotherNcSys\SBrotherNcSys.exe
2025-11-01 22:25:19,750 - src.core.config - INFO - 处理配置项: DEFINE=QRmode, VALUE=1
2025-11-01 22:25:19,750 - src.core.config - INFO - 设置QR模式: 1
2025-11-01 22:25:19,750 - src.core.config - INFO - 处理配置项: DEFINE=POplc, VALUE=1
2025-11-01 22:25:19,751 - src.core.config - INFO - 设置PO位置: 1
2025-11-01 22:25:19,751 - src.core.config - INFO - 处理配置项: DEFINE=MODELplc, VALUE=2
2025-11-01 22:25:19,751 - src.core.config - INFO - 设置型号位置: 2
2025-11-01 22:25:19,751 - src.core.config - INFO - 处理配置项: DEFINE=QTYplc, VALUE=3
2025-11-01 22:25:19,751 - src.core.config - INFO - 设置数量位置: 3
2025-11-01 22:25:19,751 - src.core.config - INFO - 处理配置项: DEFINE=QRspltStr, VALUE=@
2025-11-01 22:25:19,751 - src.core.config - INFO - 设置QR分隔符: @
2025-11-01 22:25:19,752 - src.core.config - INFO - 处理配置项: DEFINE=PrgAutoChangeFlg, VALUE=0
2025-11-01 22:25:19,752 - src.core.config - INFO - 处理配置项: DEFINE=MonitoringFolder, VALUE=
2025-11-01 22:25:19,752 - src.core.config - INFO - 处理配置项: DEFINE=DLWaitTime, VALUE=5000
2025-11-01 22:25:19,752 - src.core.config - INFO - 处理配置项: DEFINE=DecimalPlace, VALUE=2
2025-11-01 22:25:19,752 - src.core.config - INFO - 设置小数位数: 2
2025-11-01 22:25:19,752 - src.core.config - INFO - 处理配置项: DEFINE=UseFixedFilename, VALUE=0
2025-11-01 22:25:19,752 - src.core.config - INFO - 最终QR配置: qr_mode=1, model_place=2, split_str='@'
2025-11-01 22:25:19,752 - src.core.config - INFO - 配置加载成功
2025-11-01 22:25:19,754 - src.data.csv_processor - INFO - CSV文件读取为字典成功: config\master\ini.csv, 共48行
2025-11-01 22:25:19,755 - src.data.csv_processor - INFO - CSV文件读取为字典成功: config\master\ini.csv, 共48行
2025-11-01 22:25:19,756 - src.data.csv_processor - INFO - CSV文件读取为字典成功: config\master\header.csv, 共5行
2025-11-01 22:25:19,756 - src.data.csv_processor - INFO - CSV文件读取为字典成功: config\master\type_define.csv, 共9行
2025-11-01 22:25:19,757 - src.data.csv_processor - INFO - CSV文件读取为字典成功: config\master\type_relation.csv, 共0行
2025-11-01 22:25:19,758 - src.data.csv_processor - INFO - CSV文件读取为字典成功: config\master\type_chngvl.csv, 共0行
2025-11-01 22:25:19,759 - src.data.csv_processor - INFO - CSV文件读取为字典成功: config\master\type_prg.csv, 共9行
2025-11-01 22:25:19,759 - src.data.csv_processor - INFO - CSV文件读取为字典成功: config\master\prg.csv, 共2行
2025-11-01 22:25:19,771 - DNCSystem - INFO - DNC Python 系统初始化成功
2025-11-01 22:25:20,420 - src.ui.main_window - WARNING - 无法获取当前程序序列，使用默认目录
2025-11-01 22:25:20,451 - src.ui.main_window - INFO - 宏文件生成器初始化成功
2025-11-01 22:25:53,960 - src.ui.main_window - INFO - 参数已更新: {'basic': {'workpiece_name': '', 'workpiece_id': '', 'process_type': '铣削', 'precision': '普通'}, 'geometry': {'length': 0.0, 'width': 0.0, 'height': 0.0, 'diameter': 0.0, 'angle': 0.0}, 'process': {'spindle_speed': 0.0, 'feed_rate': 0.0, 'cut_depth': 0.0, 'cut_width': 0.0}, 'material': {'material_type': '碳钢', 'material_hardness': '软', 'material_strength': 0.0}, 'model': {'model_type': '自动识别', 'model_description': '123@GPA20GT15040_A-H8@5', 'current_model': None}}
2025-11-01 22:25:53,968 - src.data.csv_processor - INFO - CSV文件读取为字典成功: config\master\header.csv, 共5行
2025-11-01 22:25:53,969 - src.ui.main_window - INFO - 型号识别完成: {'model': 'GPA20GT15040_A-H8', 'qr_code': '123@GPA20GT15040_A-H8@5', 'po': '123', 'quantity': '5', 'recognition_mode': 'QR', 'confidence': 1.0, 'error_message': None}
2025-11-01 22:25:58,113 - src.ui.main_window - INFO - 转让按钮点击，参数: {'#1': '', '#2': '', '#3': '', '#4': '', '#5': '', '#6': '', '#7': '', '#8': '', '#9': '', '#10': '', '#11': 'defineBTC', '#12': 'defineTL', '#500': '', '#501': '1', '#502': '1', '#503': '关系1', '#504': '关系1', '#505': '', '#506': '', '#507': '', '#508': '选项1', '#509': '关系1', '#510': '关系1', '#511': '10.19', '#512': '9.68', '#513': '关系1', '#514': '', '#515': '', '#516': '关系1', '#517': '', '#518': '', '#519': '7', '#520': '', '#521': '', '#522': '关系1', '#523': '', '#524': '', '#525': '', '#526': '', '#527': '', '#528': '关系1', '#529': '', '#530': '', '#531': '', '#532': '', '#533': '', '#534': '', '#535': '', '#536': '', '#537': '', '#538': '', '#539': '', '#540': '', '#541': '', '#542': '', '#543': '', '#544': '', '#545': '关系1', '#546': '关系1', '#547': '关系1', '#548': '', '#549': '', '#550': '', '#602': False, '#603': '0', '#605': 'relationYSTA'}
2025-11-01 22:25:58,114 - src.ui.main_window - WARNING - 无法获取当前程序序列，使用默认目录
2025-11-01 22:25:58,114 - src.data.csv_processor - INFO - CSV文件读取为字典成功: config\master\prg1\load.csv, 共10行
2025-11-01 22:25:58,115 - src.ui.main_window - WARNING - 无法获取当前程序序列，使用默认目录
2025-11-01 22:25:58,115 - src.data.csv_processor - INFO - CSV文件读取为字典成功: config\master\prg1\load.csv, 共10行
2025-11-01 22:25:58,115 - src.ui.main_window - WARNING - 无法获取当前程序序列，使用默认目录
2025-11-01 22:25:58,117 - src.data.csv_processor - INFO - CSV文件读取为字典成功: config\master\prg1\load.csv, 共10行
2025-11-01 22:25:58,117 - src.ui.main_window - WARNING - 无法获取当前程序序列，使用默认目录
2025-11-01 22:25:58,118 - src.data.csv_processor - INFO - CSV文件读取为字典成功: config\master\prg1\load.csv, 共10行
2025-11-01 22:25:58,118 - src.ui.main_window - WARNING - 无法获取当前程序序列，使用默认目录
2025-11-01 22:25:58,119 - src.data.csv_processor - INFO - CSV文件读取为字典成功: config\master\prg1\load.csv, 共10行
2025-11-01 22:25:58,119 - src.ui.main_window - WARNING - 无法获取当前程序序列，使用默认目录
2025-11-01 22:25:58,120 - src.data.csv_processor - INFO - CSV文件读取为字典成功: config\master\prg1\load.csv, 共10行
2025-11-01 22:25:58,120 - src.ui.main_window - WARNING - 无法获取当前程序序列，使用默认目录
2025-11-01 22:25:58,121 - src.data.csv_processor - INFO - CSV文件读取为字典成功: config\master\prg1\load.csv, 共10行
2025-11-01 22:25:58,121 - src.ui.main_window - WARNING - 无法获取当前程序序列，使用默认目录
2025-11-01 22:25:58,122 - src.data.csv_processor - INFO - CSV文件读取为字典成功: config\master\prg1\load.csv, 共10行
2025-11-01 22:25:58,122 - src.ui.main_window - WARNING - 无法获取当前程序序列，使用默认目录
2025-11-01 22:25:58,123 - src.data.csv_processor - INFO - CSV文件读取为字典成功: config\master\prg1\load.csv, 共10行
2025-11-01 22:25:58,123 - src.ui.main_window - WARNING - 无法获取当前程序序列，使用默认目录
2025-11-01 22:25:58,124 - src.data.csv_processor - INFO - CSV文件读取为字典成功: config\master\prg1\load.csv, 共10行
2025-11-01 22:25:58,124 - src.ui.main_window - WARNING - 无法获取当前程序序列，使用默认目录
2025-11-01 22:25:58,125 - src.data.csv_processor - INFO - CSV文件读取为字典成功: config\master\prg1\load.csv, 共10行
2025-11-01 22:25:58,125 - src.ui.main_window - WARNING - 无法获取当前程序序列，使用默认目录
2025-11-01 22:25:58,126 - src.data.csv_processor - INFO - CSV文件读取为字典成功: config\master\prg1\load.csv, 共10行
2025-11-01 22:25:58,126 - src.ui.main_window - WARNING - 无法获取当前程序序列，使用默认目录
2025-11-01 22:25:58,127 - src.data.csv_processor - INFO - CSV文件读取为字典成功: config\master\prg1\load.csv, 共10行
2025-11-01 22:25:58,128 - src.ui.main_window - WARNING - 无法获取当前程序序列，使用默认目录
2025-11-01 22:25:58,128 - src.data.csv_processor - INFO - CSV文件读取为字典成功: config\master\prg1\load.csv, 共10行
2025-11-01 22:25:58,128 - src.ui.main_window - WARNING - 无法获取当前程序序列，使用默认目录
2025-11-01 22:25:58,129 - src.data.csv_processor - INFO - CSV文件读取为字典成功: config\master\prg1\load.csv, 共10行
2025-11-01 22:25:58,129 - src.ui.main_window - WARNING - 无法获取当前程序序列，使用默认目录
2025-11-01 22:25:58,130 - src.data.csv_processor - INFO - CSV文件读取为字典成功: config\master\prg1\load.csv, 共10行
2025-11-01 22:25:58,130 - src.ui.main_window - WARNING - 无法获取当前程序序列，使用默认目录
2025-11-01 22:25:58,130 - src.data.csv_processor - INFO - CSV文件读取为字典成功: config\master\prg1\load.csv, 共10行
2025-11-01 22:25:58,130 - src.ui.main_window - WARNING - 无法获取当前程序序列，使用默认目录
2025-11-01 22:25:58,131 - src.data.csv_processor - INFO - CSV文件读取为字典成功: config\master\prg1\load.csv, 共10行
2025-11-01 22:25:58,131 - src.ui.main_window - WARNING - 无法获取当前程序序列，使用默认目录
2025-11-01 22:25:58,131 - src.data.csv_processor - INFO - CSV文件读取为字典成功: config\master\prg1\load.csv, 共10行
2025-11-01 22:25:58,131 - src.ui.main_window - WARNING - 无法获取当前程序序列，使用默认目录
2025-11-01 22:25:58,131 - src.data.csv_processor - INFO - CSV文件读取为字典成功: config\master\prg1\load.csv, 共10行
2025-11-01 22:25:58,131 - src.ui.main_window - WARNING - 无法获取当前程序序列，使用默认目录
2025-11-01 22:25:58,133 - src.data.csv_processor - INFO - CSV文件读取为字典成功: config\master\prg1\load.csv, 共10行
2025-11-01 22:25:58,133 - src.ui.main_window - WARNING - 无法获取当前程序序列，使用默认目录
2025-11-01 22:25:58,133 - src.data.csv_processor - INFO - CSV文件读取为字典成功: config\master\prg1\load.csv, 共10行
2025-11-01 22:25:58,134 - src.ui.main_window - WARNING - 无法获取当前程序序列，使用默认目录
2025-11-01 22:25:58,134 - src.data.csv_processor - INFO - CSV文件读取为字典成功: config\master\prg1\load.csv, 共10行
2025-11-01 22:25:58,134 - src.ui.main_window - WARNING - 无法获取当前程序序列，使用默认目录
2025-11-01 22:25:58,135 - src.data.csv_processor - INFO - CSV文件读取为字典成功: config\master\prg1\load.csv, 共10行
2025-11-01 22:25:58,135 - src.ui.main_window - WARNING - 无法获取当前程序序列，使用默认目录
2025-11-01 22:25:58,136 - src.data.csv_processor - INFO - CSV文件读取为字典成功: config\master\prg1\load.csv, 共10行
2025-11-01 22:25:58,136 - src.ui.main_window - WARNING - 无法获取当前程序序列，使用默认目录
2025-11-01 22:25:58,136 - src.data.csv_processor - INFO - CSV文件读取为字典成功: config\master\prg1\load.csv, 共10行
2025-11-01 22:25:58,136 - src.ui.main_window - WARNING - 无法获取当前程序序列，使用默认目录
2025-11-01 22:25:58,137 - src.data.csv_processor - INFO - CSV文件读取为字典成功: config\master\prg1\load.csv, 共10行
2025-11-01 22:25:58,137 - src.ui.main_window - WARNING - 无法获取当前程序序列，使用默认目录
2025-11-01 22:25:58,137 - src.data.csv_processor - INFO - CSV文件读取为字典成功: config\master\prg1\load.csv, 共10行
2025-11-01 22:25:58,138 - src.ui.main_window - WARNING - 无法获取当前程序序列，使用默认目录
2025-11-01 22:25:58,138 - src.data.csv_processor - INFO - CSV文件读取为字典成功: config\master\prg1\load.csv, 共10行
2025-11-01 22:25:58,138 - src.ui.main_window - WARNING - 无法获取当前程序序列，使用默认目录
2025-11-01 22:25:58,139 - src.data.csv_processor - INFO - CSV文件读取为字典成功: config\master\prg1\load.csv, 共10行
2025-11-01 22:25:58,139 - src.ui.main_window - WARNING - 无法获取当前程序序列，使用默认目录
2025-11-01 22:25:58,139 - src.data.csv_processor - INFO - CSV文件读取为字典成功: config\master\prg1\load.csv, 共10行
2025-11-01 22:25:58,140 - src.ui.main_window - WARNING - 无法获取当前程序序列，使用默认目录
2025-11-01 22:25:58,140 - src.data.csv_processor - INFO - CSV文件读取为字典成功: config\master\prg1\load.csv, 共10行
2025-11-01 22:25:58,140 - src.ui.main_window - WARNING - 无法获取当前程序序列，使用默认目录
2025-11-01 22:25:58,140 - src.data.csv_processor - INFO - CSV文件读取为字典成功: config\master\prg1\load.csv, 共10行
2025-11-01 22:25:58,141 - src.ui.main_window - WARNING - 无法获取当前程序序列，使用默认目录
2025-11-01 22:25:58,141 - src.data.csv_processor - INFO - CSV文件读取为字典成功: config\master\prg1\load.csv, 共10行
2025-11-01 22:25:58,141 - src.ui.main_window - WARNING - 无法获取当前程序序列，使用默认目录
2025-11-01 22:25:58,141 - src.data.csv_processor - INFO - CSV文件读取为字典成功: config\master\prg1\load.csv, 共10行
2025-11-01 22:25:58,143 - src.ui.main_window - WARNING - 无法获取当前程序序列，使用默认目录
2025-11-01 22:25:58,143 - src.data.csv_processor - INFO - CSV文件读取为字典成功: config\master\prg1\load.csv, 共10行
2025-11-01 22:25:58,143 - src.ui.main_window - WARNING - 无法获取当前程序序列，使用默认目录
2025-11-01 22:25:58,143 - src.data.csv_processor - INFO - CSV文件读取为字典成功: config\master\prg1\load.csv, 共10行
2025-11-01 22:25:58,143 - src.ui.main_window - WARNING - 无法获取当前程序序列，使用默认目录
2025-11-01 22:25:58,144 - src.data.csv_processor - INFO - CSV文件读取为字典成功: config\master\prg1\load.csv, 共10行
2025-11-01 22:25:58,144 - src.ui.main_window - WARNING - 无法获取当前程序序列，使用默认目录
2025-11-01 22:25:58,144 - src.data.csv_processor - INFO - CSV文件读取为字典成功: config\master\prg1\load.csv, 共10行
2025-11-01 22:25:58,144 - src.ui.main_window - WARNING - 无法获取当前程序序列，使用默认目录
2025-11-01 22:25:58,145 - src.data.csv_processor - INFO - CSV文件读取为字典成功: config\master\prg1\load.csv, 共10行
2025-11-01 22:25:58,145 - src.ui.main_window - WARNING - 无法获取当前程序序列，使用默认目录
2025-11-01 22:25:58,145 - src.data.csv_processor - INFO - CSV文件读取为字典成功: config\master\prg1\load.csv, 共10行
2025-11-01 22:25:58,146 - src.ui.main_window - WARNING - 无法获取当前程序序列，使用默认目录
2025-11-01 22:25:58,146 - src.data.csv_processor - INFO - CSV文件读取为字典成功: config\master\prg1\load.csv, 共10行
2025-11-01 22:25:58,146 - src.ui.main_window - WARNING - 无法获取当前程序序列，使用默认目录
2025-11-01 22:25:58,146 - src.data.csv_processor - INFO - CSV文件读取为字典成功: config\master\prg1\load.csv, 共10行
2025-11-01 22:25:58,146 - src.ui.main_window - WARNING - 无法获取当前程序序列，使用默认目录
2025-11-01 22:25:58,148 - src.data.csv_processor - INFO - CSV文件读取为字典成功: config\master\prg1\load.csv, 共10行
2025-11-01 22:25:58,148 - src.ui.main_window - WARNING - 无法获取当前程序序列，使用默认目录
2025-11-01 22:25:58,148 - src.data.csv_processor - INFO - CSV文件读取为字典成功: config\master\prg1\load.csv, 共10行
2025-11-01 22:25:58,148 - src.ui.main_window - WARNING - 无法获取当前程序序列，使用默认目录
2025-11-01 22:25:58,148 - src.data.csv_processor - INFO - CSV文件读取为字典成功: config\master\prg1\load.csv, 共10行
2025-11-01 22:25:58,148 - src.ui.main_window - WARNING - 无法获取当前程序序列，使用默认目录
2025-11-01 22:25:58,148 - src.data.csv_processor - INFO - CSV文件读取为字典成功: config\master\prg1\load.csv, 共10行
2025-11-01 22:25:58,148 - src.ui.main_window - WARNING - 无法获取当前程序序列，使用默认目录
2025-11-01 22:25:58,150 - src.data.csv_processor - INFO - CSV文件读取为字典成功: config\master\prg1\load.csv, 共10行
2025-11-01 22:25:58,150 - src.ui.main_window - WARNING - 无法获取当前程序序列，使用默认目录
2025-11-01 22:25:58,151 - src.data.csv_processor - INFO - CSV文件读取为字典成功: config\master\prg1\load.csv, 共10行
2025-11-01 22:25:58,151 - src.ui.main_window - WARNING - 无法获取当前程序序列，使用默认目录
2025-11-01 22:25:58,152 - src.data.csv_processor - INFO - CSV文件读取为字典成功: config\master\prg1\load.csv, 共10行
2025-11-01 22:25:58,152 - src.ui.main_window - WARNING - 无法获取当前程序序列，使用默认目录
2025-11-01 22:25:58,152 - src.data.csv_processor - INFO - CSV文件读取为字典成功: config\master\prg1\load.csv, 共10行
2025-11-01 22:25:58,152 - src.ui.main_window - WARNING - 无法获取当前程序序列，使用默认目录
2025-11-01 22:25:58,152 - src.data.csv_processor - INFO - CSV文件读取为字典成功: config\master\prg1\load.csv, 共10行
2025-11-01 22:25:58,153 - src.ui.main_window - WARNING - 无法获取当前程序序列，使用默认目录
2025-11-01 22:25:58,153 - src.data.csv_processor - INFO - CSV文件读取为字典成功: config\master\prg1\load.csv, 共10行
2025-11-01 22:25:58,153 - src.ui.main_window - WARNING - 无法获取当前程序序列，使用默认目录
2025-11-01 22:25:58,154 - src.data.csv_processor - INFO - CSV文件读取为字典成功: config\master\prg1\load.csv, 共10行
2025-11-01 22:25:58,154 - src.ui.main_window - WARNING - 无法获取当前程序序列，使用默认目录
2025-11-01 22:25:58,154 - src.data.csv_processor - INFO - CSV文件读取为字典成功: config\master\prg1\load.csv, 共10行
2025-11-01 22:25:58,154 - src.ui.main_window - WARNING - 无法获取当前程序序列，使用默认目录
2025-11-01 22:25:58,155 - src.data.csv_processor - INFO - CSV文件读取为字典成功: config\master\prg1\load.csv, 共10行
2025-11-01 22:25:58,155 - src.ui.main_window - WARNING - 无法获取当前程序序列，使用默认目录
2025-11-01 22:25:58,155 - src.data.csv_processor - INFO - CSV文件读取为字典成功: config\master\prg1\load.csv, 共10行
2025-11-01 22:25:58,155 - src.ui.main_window - WARNING - 无法获取当前程序序列，使用默认目录
2025-11-01 22:25:58,155 - src.data.csv_processor - INFO - CSV文件读取为字典成功: config\master\prg1\load.csv, 共10行
2025-11-01 22:25:58,157 - src.ui.main_window - WARNING - 无法获取当前程序序列，使用默认目录
2025-11-01 22:25:58,157 - src.data.csv_processor - INFO - CSV文件读取为字典成功: config\master\prg1\load.csv, 共10行
2025-11-01 22:25:58,157 - src.ui.main_window - WARNING - 无法获取当前程序序列，使用默认目录
2025-11-01 22:25:58,157 - src.data.csv_processor - INFO - CSV文件读取为字典成功: config\master\prg1\load.csv, 共10行
2025-11-01 22:25:58,158 - src.ui.main_window - WARNING - 无法获取当前程序序列，使用默认目录
2025-11-01 22:25:58,158 - src.data.csv_processor - INFO - CSV文件读取为字典成功: config\master\prg1\load.csv, 共10行
2025-11-01 22:25:58,158 - src.ui.main_window - WARNING - 无法获取当前程序序列，使用默认目录
2025-11-01 22:25:58,158 - src.data.csv_processor - INFO - CSV文件读取为字典成功: config\master\prg1\load.csv, 共10行
2025-11-01 22:25:58,158 - src.ui.main_window - WARNING - 无法获取当前程序序列，使用默认目录
2025-11-01 22:25:58,158 - src.data.csv_processor - INFO - CSV文件读取为字典成功: config\master\prg1\load.csv, 共10行
2025-11-01 22:25:58,158 - src.ui.main_window - WARNING - 无法获取当前程序序列，使用默认目录
2025-11-01 22:25:58,159 - src.data.csv_processor - INFO - CSV文件读取为字典成功: config\master\prg1\load.csv, 共10行
2025-11-01 22:25:58,159 - src.ui.main_window - WARNING - 无法获取当前程序序列，使用默认目录
2025-11-01 22:25:58,159 - src.data.csv_processor - INFO - CSV文件读取为字典成功: config\master\prg1\load.csv, 共10行
2025-11-01 22:25:58,159 - src.ui.main_window - WARNING - 无法获取当前程序序列，使用默认目录
2025-11-01 22:25:58,160 - src.data.csv_processor - INFO - CSV文件读取为字典成功: config\master\prg1\load.csv, 共10行
2025-11-01 22:25:58,177 - src.ui.main_window - INFO - 计算结果显示:
2025-11-01 22:25:58,177 - src.ui.main_window - INFO - # = ========================================
2025-11-01 22:25:58,177 - src.ui.main_window - INFO - # = ========================================
2025-11-01 22:25:58,177 - src.ui.main_window - INFO - 1 = 
2025-11-01 22:25:58,177 - src.ui.main_window - INFO - 2 = 
2025-11-01 22:25:58,178 - src.ui.main_window - INFO - 3 = 
2025-11-01 22:25:58,178 - src.ui.main_window - INFO - 4 = 
2025-11-01 22:25:58,178 - src.ui.main_window - INFO - 5 = 
2025-11-01 22:25:58,178 - src.ui.main_window - INFO - 6 = 
2025-11-01 22:25:58,178 - src.ui.main_window - INFO - 7 = 
2025-11-01 22:25:58,179 - src.ui.main_window - INFO - 8 = 
2025-11-01 22:25:58,179 - src.ui.main_window - INFO - 9 = 
2025-11-01 22:25:58,179 - src.ui.main_window - INFO - 10 = 
2025-11-01 22:25:58,180 - src.ui.main_window - INFO - 11 = defineBTC
2025-11-01 22:25:58,180 - src.ui.main_window - INFO - 12 = defineTL
2025-11-01 22:25:58,180 - src.ui.main_window - INFO - 500 = 
2025-11-01 22:25:58,180 - src.ui.main_window - INFO - 501 = 1.00
2025-11-01 22:25:58,180 - src.ui.main_window - INFO - 502 = 1.00
2025-11-01 22:25:58,181 - src.ui.main_window - INFO - 503 = 关系1
2025-11-01 22:25:58,181 - src.ui.main_window - INFO - 504 = 关系1
2025-11-01 22:25:58,181 - src.ui.main_window - INFO - 505 = 
2025-11-01 22:25:58,181 - src.ui.main_window - INFO - 506 = 0.00
2025-11-01 22:25:58,181 - src.ui.main_window - INFO - 507 = 
2025-11-01 22:25:58,181 - src.ui.main_window - INFO - 508 = 选项1
2025-11-01 22:25:58,182 - src.ui.main_window - INFO - 509 = 关系1
2025-11-01 22:25:58,182 - src.ui.main_window - INFO - 510 = 关系1
2025-11-01 22:25:58,182 - src.ui.main_window - INFO - 511 = 10.19
2025-11-01 22:25:58,182 - src.ui.main_window - INFO - 512 = 9.68
2025-11-01 22:25:58,182 - src.ui.main_window - INFO - 513 = 关系1
2025-11-01 22:25:58,182 - src.ui.main_window - INFO - 514 = 
2025-11-01 22:25:58,182 - src.ui.main_window - INFO - 515 = 
2025-11-01 22:25:58,182 - src.ui.main_window - INFO - 516 = 关系1
2025-11-01 22:25:58,182 - src.ui.main_window - INFO - 517 = 
2025-11-01 22:25:58,182 - src.ui.main_window - INFO - 518 = 
2025-11-01 22:25:58,182 - src.ui.main_window - INFO - 519 = 7.00
2025-11-01 22:25:58,182 - src.ui.main_window - INFO - 520 = 
2025-11-01 22:25:58,182 - src.ui.main_window - INFO - 521 = 
2025-11-01 22:25:58,182 - src.ui.main_window - INFO - 522 = 关系1
2025-11-01 22:25:58,182 - src.ui.main_window - INFO - 523 = 
2025-11-01 22:25:58,184 - src.ui.main_window - INFO - 524 = 
2025-11-01 22:25:58,184 - src.ui.main_window - INFO - 525 = 
2025-11-01 22:25:58,184 - src.ui.main_window - INFO - 526 = 
2025-11-01 22:25:58,184 - src.ui.main_window - INFO - 527 = 
2025-11-01 22:25:58,184 - src.ui.main_window - INFO - 528 = 关系1
2025-11-01 22:25:58,184 - src.ui.main_window - INFO - 529 = 
2025-11-01 22:25:58,184 - src.ui.main_window - INFO - 530 = 
2025-11-01 22:25:58,184 - src.ui.main_window - INFO - 531 = 
2025-11-01 22:25:58,184 - src.ui.main_window - INFO - 532 = 
2025-11-01 22:25:58,185 - src.ui.main_window - INFO - 533 = 
2025-11-01 22:25:58,185 - src.ui.main_window - INFO - 534 = 
2025-11-01 22:25:58,185 - src.ui.main_window - INFO - 535 = 
2025-11-01 22:25:58,185 - src.ui.main_window - INFO - 536 = 
2025-11-01 22:25:58,185 - src.ui.main_window - INFO - 537 = 
2025-11-01 22:25:58,185 - src.ui.main_window - INFO - 538 = 
2025-11-01 22:25:58,185 - src.ui.main_window - INFO - 539 = 
2025-11-01 22:25:58,185 - src.ui.main_window - INFO - 540 = 
2025-11-01 22:25:58,186 - src.ui.main_window - INFO - 541 = 
2025-11-01 22:25:58,186 - src.ui.main_window - INFO - 542 = 
2025-11-01 22:25:58,186 - src.ui.main_window - INFO - 543 = 
2025-11-01 22:25:58,186 - src.ui.main_window - INFO - 544 = 
2025-11-01 22:25:58,186 - src.ui.main_window - INFO - 545 = 关系1
2025-11-01 22:25:58,186 - src.ui.main_window - INFO - 546 = 关系1
2025-11-01 22:25:58,186 - src.ui.main_window - INFO - 547 = 关系1
2025-11-01 22:25:58,186 - src.ui.main_window - INFO - 548 = 
2025-11-01 22:25:58,186 - src.ui.main_window - INFO - 549 = 
2025-11-01 22:25:58,187 - src.ui.main_window - INFO - 550 = 
2025-11-01 22:25:58,187 - src.ui.main_window - INFO - 602 = 0
2025-11-01 22:25:58,187 - src.ui.main_window - INFO - 603 = 0.00
2025-11-01 22:25:58,187 - src.ui.main_window - INFO - 605 = relationYSTA
2025-11-01 22:35:42,249 - src.communication.named_pipe - WARNING - 命名管道服务器未在运行
2025-11-01 22:35:42,250 - src.data.file_manager - INFO - 所有文件已关闭
2025-11-01 22:52:03,933 - DNCSystem - INFO - DNC Python 系统启动
2025-11-01 22:52:03,944 - src.data.csv_processor - INFO - CSV文件读取为字典成功: config\master\ini.csv, 共48行
2025-11-01 22:52:03,944 - src.core.config - INFO - 加载ini.csv配置: 48行
2025-11-01 22:52:03,944 - src.core.config - INFO - 处理配置项: DEFINE=TB_modelTextStringSize, VALUE=26
2025-11-01 22:52:03,944 - src.core.config - INFO - 处理配置项: DEFINE=TextStringSize, VALUE=24
2025-11-01 22:52:03,944 - src.core.config - INFO - 处理配置项: DEFINE=LabelStringSize, VALUE=16
2025-11-01 22:52:03,944 - src.core.config - INFO - 处理配置项: DEFINE=ButtnStringSize, VALUE=20
2025-11-01 22:52:03,944 - src.core.config - INFO - 处理配置项: DEFINE=TxtBorderStyle, VALUE=0
2025-11-01 22:52:03,944 - src.core.config - INFO - 处理配置项: DEFINE=DrawingFlg, VALUE=0
2025-11-01 22:52:03,944 - src.core.config - INFO - 处理配置项: DEFINE=DrawingBorderStype, VALUE=1
2025-11-01 22:52:03,944 - src.core.config - INFO - 处理配置项: DEFINE=DrawingWidth, VALUE=480
2025-11-01 22:52:03,947 - src.core.config - INFO - 处理配置项: DEFINE=DrawingHeight, VALUE=430
2025-11-01 22:52:03,947 - src.core.config - INFO - 处理配置项: DEFINE=WaitTime_AfterSend, VALUE=3
2025-11-01 22:52:03,947 - src.core.config - INFO - 处理配置项: DEFINE=WaitTime_TB_Focus, VALUE=1000
2025-11-01 22:52:03,947 - src.core.config - INFO - 处理配置项: DEFINE=TextMaxInputNum, VALUE=4
2025-11-01 22:52:03,948 - src.core.config - INFO - 处理配置项: DEFINE=BarCodeHeaderStrNum, VALUE=11
2025-11-01 22:52:03,948 - src.core.config - INFO - 设置条码头长度: 11
2025-11-01 22:52:03,949 - src.core.config - INFO - 处理配置项: DEFINE=onofftxt, VALUE=C:\macro\onoff.txt
2025-11-01 22:52:03,949 - src.core.config - INFO - 处理配置项: DEFINE=macrotxt, VALUE=C:\macro\macro.txt
2025-11-01 22:52:03,949 - src.core.config - INFO - 处理配置项: DEFINE=Btn_ChngPrm_text, VALUE=壛岺曽岦
2025-11-01 22:52:03,949 - src.core.config - INFO - 处理配置项: DEFINE=Btn_keyboard_text, VALUE=KeyBoard
2025-11-01 22:52:03,949 - src.core.config - INFO - 处理配置项: DEFINE=Btn_send_text, VALUE=
2025-11-01 22:52:03,949 - src.core.config - INFO - 处理配置项: DEFINE=TB_alart_text_machineON, VALUE=
2025-11-01 22:52:03,949 - src.core.config - INFO - 处理配置项: DEFINE=TB_alart_text_send, VALUE=
2025-11-01 22:52:03,949 - src.core.config - INFO - 处理配置项: DEFINE=MeasureValueLength, VALUE=4
2025-11-01 22:52:03,949 - src.core.config - INFO - 处理配置项: DEFINE=MeasureTextColor, VALUE=blue
2025-11-01 22:52:03,949 - src.core.config - INFO - 处理配置项: DEFINE=AutoSendFlg, VALUE=0
2025-11-01 22:52:03,949 - src.core.config - INFO - 处理配置项: DEFINE=Btn_add_text, VALUE=楢懕擖椡
2025-11-01 22:52:03,950 - src.core.config - INFO - 处理配置项: DEFINE=POInfoRecordFlg, VALUE=1
2025-11-01 22:52:03,950 - src.core.config - INFO - 处理配置项: DEFINE=POReadFlg, VALUE=0
2025-11-01 22:52:03,950 - src.core.config - INFO - 处理配置项: DEFINE=POAddress, VALUE=C:\macro\CCC.csv
2025-11-01 22:52:03,951 - src.core.config - INFO - 处理配置项: DEFINE=WorkInfoRecordFlg, VALUE=0
2025-11-01 22:52:03,951 - src.core.config - INFO - 处理配置项: DEFINE=Btn_chgOperator_text, VALUE=嶌嬈幰曄峏
2025-11-01 22:52:03,951 - src.core.config - INFO - 处理配置项: DEFINE=MachineID, VALUE=
2025-11-01 22:52:03,951 - src.core.config - INFO - 处理配置项: DEFINE=PRO_STATUS_CD, VALUE=
2025-11-01 22:52:03,951 - src.core.config - INFO - 处理配置项: DEFINE=PRO_S_STATUS_CD, VALUE=
2025-11-01 22:52:03,951 - src.core.config - INFO - 处理配置项: DEFINE=SendFileFormat, VALUE=1
2025-11-01 22:52:03,951 - src.core.config - INFO - 处理配置项: DEFINE=ScreenSizeRatio, VALUE=83
2025-11-01 22:52:03,951 - src.core.config - INFO - 处理配置项: DEFINE=commandtxt, VALUE=C:\macro\command.txt
2025-11-01 22:52:03,951 - src.core.config - INFO - 处理配置项: DEFINE=TopMacro, VALUE=500
2025-11-01 22:52:03,951 - src.core.config - INFO - 处理配置项: DEFINE=EndMacro, VALUE=600
2025-11-01 22:52:03,951 - src.core.config - INFO - 处理配置项: DEFINE=SmacroBrother, VALUE=C:\SBrotherNcSys\SBrotherNcSys.exe
2025-11-01 22:52:03,951 - src.core.config - INFO - 处理配置项: DEFINE=QRmode, VALUE=1
2025-11-01 22:52:03,953 - src.core.config - INFO - 设置QR模式: 1
2025-11-01 22:52:03,953 - src.core.config - INFO - 处理配置项: DEFINE=POplc, VALUE=1
2025-11-01 22:52:03,953 - src.core.config - INFO - 设置PO位置: 1
2025-11-01 22:52:03,953 - src.core.config - INFO - 处理配置项: DEFINE=MODELplc, VALUE=2
2025-11-01 22:52:03,953 - src.core.config - INFO - 设置型号位置: 2
2025-11-01 22:52:03,953 - src.core.config - INFO - 处理配置项: DEFINE=QTYplc, VALUE=3
2025-11-01 22:52:03,953 - src.core.config - INFO - 设置数量位置: 3
2025-11-01 22:52:03,953 - src.core.config - INFO - 处理配置项: DEFINE=QRspltStr, VALUE=@
2025-11-01 22:52:03,953 - src.core.config - INFO - 设置QR分隔符: @
2025-11-01 22:52:03,953 - src.core.config - INFO - 处理配置项: DEFINE=PrgAutoChangeFlg, VALUE=0
2025-11-01 22:52:03,953 - src.core.config - INFO - 处理配置项: DEFINE=MonitoringFolder, VALUE=
2025-11-01 22:52:03,953 - src.core.config - INFO - 处理配置项: DEFINE=DLWaitTime, VALUE=5000
2025-11-01 22:52:03,953 - src.core.config - INFO - 处理配置项: DEFINE=DecimalPlace, VALUE=2
2025-11-01 22:52:03,953 - src.core.config - INFO - 设置小数位数: 2
2025-11-01 22:52:03,953 - src.core.config - INFO - 处理配置项: DEFINE=UseFixedFilename, VALUE=0
2025-11-01 22:52:03,953 - src.core.config - INFO - 最终QR配置: qr_mode=1, model_place=2, split_str='@'
2025-11-01 22:52:03,953 - src.core.config - INFO - 配置加载成功
2025-11-01 22:52:03,956 - src.data.csv_processor - INFO - CSV文件读取为字典成功: config\master\ini.csv, 共48行
2025-11-01 22:52:03,957 - src.data.csv_processor - INFO - CSV文件读取为字典成功: config\master\ini.csv, 共48行
2025-11-01 22:52:03,958 - src.data.csv_processor - INFO - CSV文件读取为字典成功: config\master\header.csv, 共5行
2025-11-01 22:52:03,958 - src.data.csv_processor - INFO - CSV文件读取为字典成功: config\master\type_define.csv, 共9行
2025-11-01 22:52:03,960 - src.data.csv_processor - INFO - CSV文件读取为字典成功: config\master\type_relation.csv, 共0行
2025-11-01 22:52:03,961 - src.data.csv_processor - INFO - CSV文件读取为字典成功: config\master\type_chngvl.csv, 共0行
2025-11-01 22:52:03,961 - src.data.csv_processor - INFO - CSV文件读取为字典成功: config\master\type_prg.csv, 共9行
2025-11-01 22:52:03,961 - src.data.csv_processor - INFO - CSV文件读取为字典成功: config\master\prg.csv, 共2行
2025-11-01 22:52:03,977 - DNCSystem - INFO - DNC Python 系统初始化成功
2025-11-01 22:52:05,057 - src.ui.main_window - WARNING - 无法获取当前程序序列，使用默认目录
2025-11-01 22:52:05,100 - src.ui.main_window - INFO - 宏文件生成器初始化成功
2025-11-01 22:52:33,506 - src.ui.main_window - INFO - 参数已更新: {'basic': {'workpiece_name': '', 'workpiece_id': '', 'process_type': '铣削', 'precision': '普通'}, 'geometry': {'length': 0.0, 'width': 0.0, 'height': 0.0, 'diameter': 0.0, 'angle': 0.0}, 'process': {'spindle_speed': 0.0, 'feed_rate': 0.0, 'cut_depth': 0.0, 'cut_width': 0.0}, 'material': {'material_type': '碳钢', 'material_hardness': '软', 'material_strength': 0.0}, 'model': {'model_type': '自动识别', 'model_description': '123@GPA20GT15040_A-H8@6', 'current_model': None}}
2025-11-01 22:52:33,514 - src.data.csv_processor - INFO - CSV文件读取为字典成功: config\master\header.csv, 共5行
2025-11-01 22:52:33,516 - src.ui.main_window - INFO - 型号识别完成: {'model': 'GPA20GT15040_A-H8', 'qr_code': '123@GPA20GT15040_A-H8@6', 'po': '123', 'quantity': '6', 'recognition_mode': 'QR', 'confidence': 1.0, 'error_message': None}
2025-11-01 22:52:37,809 - src.ui.main_window - INFO - 转让按钮点击，参数: {'#1': '', '#2': '', '#3': '', '#4': '', '#5': '', '#6': '', '#7': '', '#8': '', '#9': '', '#10': '', '#11': 'defineBTC', '#12': 'defineTL', '#500': '', '#501': '1', '#502': '1', '#503': '关系1', '#504': '关系1', '#505': '', '#506': '', '#507': '', '#508': '选项1', '#509': '关系1', '#510': '关系1', '#511': '10.19', '#512': '9.68', '#513': '关系1', '#514': '', '#515': '', '#516': '关系1', '#517': '', '#518': '', '#519': '7', '#520': '', '#521': '', '#522': '关系1', '#523': '', '#524': '', '#525': '', '#526': '', '#527': '', '#528': '关系1', '#529': '', '#530': '', '#531': '', '#532': '', '#533': '', '#534': '', '#535': '', '#536': '', '#537': '', '#538': '', '#539': '', '#540': '', '#541': '', '#542': '', '#543': '', '#544': '', '#545': '关系1', '#546': '关系1', '#547': '关系1', '#548': '', '#549': '', '#550': '', '#602': False, '#603': '0', '#605': 'relationYSTA'}
2025-11-01 22:52:37,809 - src.ui.main_window - WARNING - 无法获取当前程序序列，使用默认目录
2025-11-01 22:52:37,810 - src.data.csv_processor - INFO - CSV文件读取为字典成功: config\master\prg1\load.csv, 共10行
2025-11-01 22:52:37,811 - src.ui.main_window - WARNING - 无法获取当前程序序列，使用默认目录
2025-11-01 22:52:37,811 - src.data.csv_processor - INFO - CSV文件读取为字典成功: config\master\prg1\load.csv, 共10行
2025-11-01 22:52:37,812 - src.ui.main_window - WARNING - 无法获取当前程序序列，使用默认目录
2025-11-01 22:52:37,812 - src.data.csv_processor - INFO - CSV文件读取为字典成功: config\master\prg1\load.csv, 共10行
2025-11-01 22:52:37,812 - src.ui.main_window - WARNING - 无法获取当前程序序列，使用默认目录
2025-11-01 22:52:37,813 - src.data.csv_processor - INFO - CSV文件读取为字典成功: config\master\prg1\load.csv, 共10行
2025-11-01 22:52:37,813 - src.ui.main_window - WARNING - 无法获取当前程序序列，使用默认目录
2025-11-01 22:52:37,814 - src.data.csv_processor - INFO - CSV文件读取为字典成功: config\master\prg1\load.csv, 共10行
2025-11-01 22:52:37,814 - src.ui.main_window - WARNING - 无法获取当前程序序列，使用默认目录
2025-11-01 22:52:37,816 - src.data.csv_processor - INFO - CSV文件读取为字典成功: config\master\prg1\load.csv, 共10行
2025-11-01 22:52:37,816 - src.ui.main_window - WARNING - 无法获取当前程序序列，使用默认目录
2025-11-01 22:52:37,817 - src.data.csv_processor - INFO - CSV文件读取为字典成功: config\master\prg1\load.csv, 共10行
2025-11-01 22:52:37,817 - src.ui.main_window - WARNING - 无法获取当前程序序列，使用默认目录
2025-11-01 22:52:37,817 - src.data.csv_processor - INFO - CSV文件读取为字典成功: config\master\prg1\load.csv, 共10行
2025-11-01 22:52:37,818 - src.ui.main_window - WARNING - 无法获取当前程序序列，使用默认目录
2025-11-01 22:52:37,818 - src.data.csv_processor - INFO - CSV文件读取为字典成功: config\master\prg1\load.csv, 共10行
2025-11-01 22:52:37,819 - src.ui.main_window - WARNING - 无法获取当前程序序列，使用默认目录
2025-11-01 22:52:37,819 - src.data.csv_processor - INFO - CSV文件读取为字典成功: config\master\prg1\load.csv, 共10行
2025-11-01 22:52:37,819 - src.ui.main_window - WARNING - 无法获取当前程序序列，使用默认目录
2025-11-01 22:52:37,820 - src.data.csv_processor - INFO - CSV文件读取为字典成功: config\master\prg1\load.csv, 共10行
2025-11-01 22:52:37,820 - src.ui.main_window - WARNING - 无法获取当前程序序列，使用默认目录
2025-11-01 22:52:37,821 - src.data.csv_processor - INFO - CSV文件读取为字典成功: config\master\prg1\load.csv, 共10行
2025-11-01 22:52:37,821 - src.ui.main_window - WARNING - 无法获取当前程序序列，使用默认目录
2025-11-01 22:52:37,821 - src.data.csv_processor - INFO - CSV文件读取为字典成功: config\master\prg1\load.csv, 共10行
2025-11-01 22:52:37,822 - src.ui.main_window - WARNING - 无法获取当前程序序列，使用默认目录
2025-11-01 22:52:37,822 - src.data.csv_processor - INFO - CSV文件读取为字典成功: config\master\prg1\load.csv, 共10行
2025-11-01 22:52:37,822 - src.ui.main_window - WARNING - 无法获取当前程序序列，使用默认目录
2025-11-01 22:52:37,823 - src.data.csv_processor - INFO - CSV文件读取为字典成功: config\master\prg1\load.csv, 共10行
2025-11-01 22:52:37,823 - src.ui.main_window - WARNING - 无法获取当前程序序列，使用默认目录
2025-11-01 22:52:37,823 - src.data.csv_processor - INFO - CSV文件读取为字典成功: config\master\prg1\load.csv, 共10行
2025-11-01 22:52:37,824 - src.ui.main_window - WARNING - 无法获取当前程序序列，使用默认目录
2025-11-01 22:52:37,824 - src.data.csv_processor - INFO - CSV文件读取为字典成功: config\master\prg1\load.csv, 共10行
2025-11-01 22:52:37,824 - src.ui.main_window - WARNING - 无法获取当前程序序列，使用默认目录
2025-11-01 22:52:37,826 - src.data.csv_processor - INFO - CSV文件读取为字典成功: config\master\prg1\load.csv, 共10行
2025-11-01 22:52:37,826 - src.ui.main_window - WARNING - 无法获取当前程序序列，使用默认目录
2025-11-01 22:52:37,826 - src.data.csv_processor - INFO - CSV文件读取为字典成功: config\master\prg1\load.csv, 共10行
2025-11-01 22:52:37,827 - src.ui.main_window - WARNING - 无法获取当前程序序列，使用默认目录
2025-11-01 22:52:37,827 - src.data.csv_processor - INFO - CSV文件读取为字典成功: config\master\prg1\load.csv, 共10行
2025-11-01 22:52:37,828 - src.ui.main_window - WARNING - 无法获取当前程序序列，使用默认目录
2025-11-01 22:52:37,828 - src.data.csv_processor - INFO - CSV文件读取为字典成功: config\master\prg1\load.csv, 共10行
2025-11-01 22:52:37,829 - src.ui.main_window - WARNING - 无法获取当前程序序列，使用默认目录
2025-11-01 22:52:37,829 - src.data.csv_processor - INFO - CSV文件读取为字典成功: config\master\prg1\load.csv, 共10行
2025-11-01 22:52:37,829 - src.ui.main_window - WARNING - 无法获取当前程序序列，使用默认目录
2025-11-01 22:52:37,830 - src.data.csv_processor - INFO - CSV文件读取为字典成功: config\master\prg1\load.csv, 共10行
2025-11-01 22:52:37,830 - src.ui.main_window - WARNING - 无法获取当前程序序列，使用默认目录
2025-11-01 22:52:37,831 - src.data.csv_processor - INFO - CSV文件读取为字典成功: config\master\prg1\load.csv, 共10行
2025-11-01 22:52:37,831 - src.ui.main_window - WARNING - 无法获取当前程序序列，使用默认目录
2025-11-01 22:52:37,831 - src.data.csv_processor - INFO - CSV文件读取为字典成功: config\master\prg1\load.csv, 共10行
2025-11-01 22:52:37,831 - src.ui.main_window - WARNING - 无法获取当前程序序列，使用默认目录
2025-11-01 22:52:37,831 - src.data.csv_processor - INFO - CSV文件读取为字典成功: config\master\prg1\load.csv, 共10行
2025-11-01 22:52:37,832 - src.ui.main_window - WARNING - 无法获取当前程序序列，使用默认目录
2025-11-01 22:52:37,832 - src.data.csv_processor - INFO - CSV文件读取为字典成功: config\master\prg1\load.csv, 共10行
2025-11-01 22:52:37,832 - src.ui.main_window - WARNING - 无法获取当前程序序列，使用默认目录
2025-11-01 22:52:37,833 - src.data.csv_processor - INFO - CSV文件读取为字典成功: config\master\prg1\load.csv, 共10行
2025-11-01 22:52:37,833 - src.ui.main_window - WARNING - 无法获取当前程序序列，使用默认目录
2025-11-01 22:52:37,833 - src.data.csv_processor - INFO - CSV文件读取为字典成功: config\master\prg1\load.csv, 共10行
2025-11-01 22:52:37,834 - src.ui.main_window - WARNING - 无法获取当前程序序列，使用默认目录
2025-11-01 22:52:37,834 - src.data.csv_processor - INFO - CSV文件读取为字典成功: config\master\prg1\load.csv, 共10行
2025-11-01 22:52:37,834 - src.ui.main_window - WARNING - 无法获取当前程序序列，使用默认目录
2025-11-01 22:52:37,835 - src.data.csv_processor - INFO - CSV文件读取为字典成功: config\master\prg1\load.csv, 共10行
2025-11-01 22:52:37,835 - src.ui.main_window - WARNING - 无法获取当前程序序列，使用默认目录
2025-11-01 22:52:37,835 - src.data.csv_processor - INFO - CSV文件读取为字典成功: config\master\prg1\load.csv, 共10行
2025-11-01 22:52:37,835 - src.ui.main_window - WARNING - 无法获取当前程序序列，使用默认目录
2025-11-01 22:52:37,835 - src.data.csv_processor - INFO - CSV文件读取为字典成功: config\master\prg1\load.csv, 共10行
2025-11-01 22:52:37,837 - src.ui.main_window - WARNING - 无法获取当前程序序列，使用默认目录
2025-11-01 22:52:37,837 - src.data.csv_processor - INFO - CSV文件读取为字典成功: config\master\prg1\load.csv, 共10行
2025-11-01 22:52:37,837 - src.ui.main_window - WARNING - 无法获取当前程序序列，使用默认目录
2025-11-01 22:52:37,838 - src.data.csv_processor - INFO - CSV文件读取为字典成功: config\master\prg1\load.csv, 共10行
2025-11-01 22:52:37,838 - src.ui.main_window - WARNING - 无法获取当前程序序列，使用默认目录
2025-11-01 22:52:37,839 - src.data.csv_processor - INFO - CSV文件读取为字典成功: config\master\prg1\load.csv, 共10行
2025-11-01 22:52:37,839 - src.ui.main_window - WARNING - 无法获取当前程序序列，使用默认目录
2025-11-01 22:52:37,839 - src.data.csv_processor - INFO - CSV文件读取为字典成功: config\master\prg1\load.csv, 共10行
2025-11-01 22:52:37,840 - src.ui.main_window - WARNING - 无法获取当前程序序列，使用默认目录
2025-11-01 22:52:37,840 - src.data.csv_processor - INFO - CSV文件读取为字典成功: config\master\prg1\load.csv, 共10行
2025-11-01 22:52:37,840 - src.ui.main_window - WARNING - 无法获取当前程序序列，使用默认目录
2025-11-01 22:52:37,841 - src.data.csv_processor - INFO - CSV文件读取为字典成功: config\master\prg1\load.csv, 共10行
2025-11-01 22:52:37,841 - src.ui.main_window - WARNING - 无法获取当前程序序列，使用默认目录
2025-11-01 22:52:37,842 - src.data.csv_processor - INFO - CSV文件读取为字典成功: config\master\prg1\load.csv, 共10行
2025-11-01 22:52:37,842 - src.ui.main_window - WARNING - 无法获取当前程序序列，使用默认目录
2025-11-01 22:52:37,842 - src.data.csv_processor - INFO - CSV文件读取为字典成功: config\master\prg1\load.csv, 共10行
2025-11-01 22:52:37,843 - src.ui.main_window - WARNING - 无法获取当前程序序列，使用默认目录
2025-11-01 22:52:37,843 - src.data.csv_processor - INFO - CSV文件读取为字典成功: config\master\prg1\load.csv, 共10行
2025-11-01 22:52:37,843 - src.ui.main_window - WARNING - 无法获取当前程序序列，使用默认目录
2025-11-01 22:52:37,844 - src.data.csv_processor - INFO - CSV文件读取为字典成功: config\master\prg1\load.csv, 共10行
2025-11-01 22:52:37,844 - src.ui.main_window - WARNING - 无法获取当前程序序列，使用默认目录
2025-11-01 22:52:37,845 - src.data.csv_processor - INFO - CSV文件读取为字典成功: config\master\prg1\load.csv, 共10行
2025-11-01 22:52:37,845 - src.ui.main_window - WARNING - 无法获取当前程序序列，使用默认目录
2025-11-01 22:52:37,845 - src.data.csv_processor - INFO - CSV文件读取为字典成功: config\master\prg1\load.csv, 共10行
2025-11-01 22:52:37,846 - src.ui.main_window - WARNING - 无法获取当前程序序列，使用默认目录
2025-11-01 22:52:37,846 - src.data.csv_processor - INFO - CSV文件读取为字典成功: config\master\prg1\load.csv, 共10行
2025-11-01 22:52:37,846 - src.ui.main_window - WARNING - 无法获取当前程序序列，使用默认目录
2025-11-01 22:52:37,848 - src.data.csv_processor - INFO - CSV文件读取为字典成功: config\master\prg1\load.csv, 共10行
2025-11-01 22:52:37,848 - src.ui.main_window - WARNING - 无法获取当前程序序列，使用默认目录
2025-11-01 22:52:37,848 - src.data.csv_processor - INFO - CSV文件读取为字典成功: config\master\prg1\load.csv, 共10行
2025-11-01 22:52:37,848 - src.ui.main_window - WARNING - 无法获取当前程序序列，使用默认目录
2025-11-01 22:52:37,849 - src.data.csv_processor - INFO - CSV文件读取为字典成功: config\master\prg1\load.csv, 共10行
2025-11-01 22:52:37,849 - src.ui.main_window - WARNING - 无法获取当前程序序列，使用默认目录
2025-11-01 22:52:37,849 - src.data.csv_processor - INFO - CSV文件读取为字典成功: config\master\prg1\load.csv, 共10行
2025-11-01 22:52:37,849 - src.ui.main_window - WARNING - 无法获取当前程序序列，使用默认目录
2025-11-01 22:52:37,850 - src.data.csv_processor - INFO - CSV文件读取为字典成功: config\master\prg1\load.csv, 共10行
2025-11-01 22:52:37,850 - src.ui.main_window - WARNING - 无法获取当前程序序列，使用默认目录
2025-11-01 22:52:37,850 - src.data.csv_processor - INFO - CSV文件读取为字典成功: config\master\prg1\load.csv, 共10行
2025-11-01 22:52:37,850 - src.ui.main_window - WARNING - 无法获取当前程序序列，使用默认目录
2025-11-01 22:52:37,850 - src.data.csv_processor - INFO - CSV文件读取为字典成功: config\master\prg1\load.csv, 共10行
2025-11-01 22:52:37,850 - src.ui.main_window - WARNING - 无法获取当前程序序列，使用默认目录
2025-11-01 22:52:37,851 - src.data.csv_processor - INFO - CSV文件读取为字典成功: config\master\prg1\load.csv, 共10行
2025-11-01 22:52:37,851 - src.ui.main_window - WARNING - 无法获取当前程序序列，使用默认目录
2025-11-01 22:52:37,851 - src.data.csv_processor - INFO - CSV文件读取为字典成功: config\master\prg1\load.csv, 共10行
2025-11-01 22:52:37,852 - src.ui.main_window - WARNING - 无法获取当前程序序列，使用默认目录
2025-11-01 22:52:37,852 - src.data.csv_processor - INFO - CSV文件读取为字典成功: config\master\prg1\load.csv, 共10行
2025-11-01 22:52:37,852 - src.ui.main_window - WARNING - 无法获取当前程序序列，使用默认目录
2025-11-01 22:52:37,854 - src.data.csv_processor - INFO - CSV文件读取为字典成功: config\master\prg1\load.csv, 共10行
2025-11-01 22:52:37,854 - src.ui.main_window - WARNING - 无法获取当前程序序列，使用默认目录
2025-11-01 22:52:37,854 - src.data.csv_processor - INFO - CSV文件读取为字典成功: config\master\prg1\load.csv, 共10行
2025-11-01 22:52:37,854 - src.ui.main_window - WARNING - 无法获取当前程序序列，使用默认目录
2025-11-01 22:52:37,855 - src.data.csv_processor - INFO - CSV文件读取为字典成功: config\master\prg1\load.csv, 共10行
2025-11-01 22:52:37,855 - src.ui.main_window - WARNING - 无法获取当前程序序列，使用默认目录
2025-11-01 22:52:37,855 - src.data.csv_processor - INFO - CSV文件读取为字典成功: config\master\prg1\load.csv, 共10行
2025-11-01 22:52:37,856 - src.ui.main_window - WARNING - 无法获取当前程序序列，使用默认目录
2025-11-01 22:52:37,856 - src.data.csv_processor - INFO - CSV文件读取为字典成功: config\master\prg1\load.csv, 共10行
2025-11-01 22:52:37,856 - src.ui.main_window - WARNING - 无法获取当前程序序列，使用默认目录
2025-11-01 22:52:37,857 - src.data.csv_processor - INFO - CSV文件读取为字典成功: config\master\prg1\load.csv, 共10行
2025-11-01 22:52:37,857 - src.ui.main_window - WARNING - 无法获取当前程序序列，使用默认目录
2025-11-01 22:52:37,858 - src.data.csv_processor - INFO - CSV文件读取为字典成功: config\master\prg1\load.csv, 共10行
2025-11-01 22:52:37,858 - src.ui.main_window - WARNING - 无法获取当前程序序列，使用默认目录
2025-11-01 22:52:37,859 - src.data.csv_processor - INFO - CSV文件读取为字典成功: config\master\prg1\load.csv, 共10行
2025-11-01 22:52:37,859 - src.ui.main_window - WARNING - 无法获取当前程序序列，使用默认目录
2025-11-01 22:52:37,860 - src.data.csv_processor - INFO - CSV文件读取为字典成功: config\master\prg1\load.csv, 共10行
2025-11-01 22:52:37,860 - src.ui.main_window - WARNING - 无法获取当前程序序列，使用默认目录
2025-11-01 22:52:37,860 - src.data.csv_processor - INFO - CSV文件读取为字典成功: config\master\prg1\load.csv, 共10行
2025-11-01 22:52:37,883 - src.ui.main_window - INFO - 计算结果显示:
2025-11-01 22:52:37,883 - src.ui.main_window - INFO - # = ========================================
2025-11-01 22:52:37,883 - src.ui.main_window - INFO - # = ========================================
2025-11-01 22:52:37,883 - src.ui.main_window - INFO - 1 = 
2025-11-01 22:52:37,883 - src.ui.main_window - INFO - 2 = 
2025-11-01 22:52:37,884 - src.ui.main_window - INFO - 3 = 
2025-11-01 22:52:37,884 - src.ui.main_window - INFO - 4 = 
2025-11-01 22:52:37,884 - src.ui.main_window - INFO - 5 = 
2025-11-01 22:52:37,884 - src.ui.main_window - INFO - 6 = 
2025-11-01 22:52:37,884 - src.ui.main_window - INFO - 7 = 
2025-11-01 22:52:37,885 - src.ui.main_window - INFO - 8 = 
2025-11-01 22:52:37,885 - src.ui.main_window - INFO - 9 = 
2025-11-01 22:52:37,885 - src.ui.main_window - INFO - 10 = 
2025-11-01 22:52:37,885 - src.ui.main_window - INFO - 11 = defineBTC
2025-11-01 22:52:37,886 - src.ui.main_window - INFO - 12 = defineTL
2025-11-01 22:52:37,886 - src.ui.main_window - INFO - 500 = 
2025-11-01 22:52:37,886 - src.ui.main_window - INFO - 501 = 1.00
2025-11-01 22:52:37,886 - src.ui.main_window - INFO - 502 = 1.00
2025-11-01 22:52:37,886 - src.ui.main_window - INFO - 503 = 关系1
2025-11-01 22:52:37,887 - src.ui.main_window - INFO - 504 = 关系1
2025-11-01 22:52:37,887 - src.ui.main_window - INFO - 505 = 
2025-11-01 22:52:37,887 - src.ui.main_window - INFO - 506 = 0.00
2025-11-01 22:52:37,887 - src.ui.main_window - INFO - 507 = 
2025-11-01 22:52:37,887 - src.ui.main_window - INFO - 508 = 选项1
2025-11-01 22:52:37,888 - src.ui.main_window - INFO - 509 = 关系1
2025-11-01 22:52:37,888 - src.ui.main_window - INFO - 510 = 关系1
2025-11-01 22:52:37,888 - src.ui.main_window - INFO - 511 = 10.19
2025-11-01 22:52:37,888 - src.ui.main_window - INFO - 512 = 9.68
2025-11-01 22:52:37,888 - src.ui.main_window - INFO - 513 = 关系1
2025-11-01 22:52:37,888 - src.ui.main_window - INFO - 514 = 
2025-11-01 22:52:37,889 - src.ui.main_window - INFO - 515 = 
2025-11-01 22:52:37,889 - src.ui.main_window - INFO - 516 = 关系1
2025-11-01 22:52:37,889 - src.ui.main_window - INFO - 517 = 
2025-11-01 22:52:37,889 - src.ui.main_window - INFO - 518 = 
2025-11-01 22:52:37,889 - src.ui.main_window - INFO - 519 = 7.00
2025-11-01 22:52:37,890 - src.ui.main_window - INFO - 520 = 
2025-11-01 22:52:37,890 - src.ui.main_window - INFO - 521 = 
2025-11-01 22:52:37,890 - src.ui.main_window - INFO - 522 = 关系1
2025-11-01 22:52:37,890 - src.ui.main_window - INFO - 523 = 
2025-11-01 22:52:37,890 - src.ui.main_window - INFO - 524 = 
2025-11-01 22:52:37,890 - src.ui.main_window - INFO - 525 = 
2025-11-01 22:52:37,890 - src.ui.main_window - INFO - 526 = 
2025-11-01 22:52:37,890 - src.ui.main_window - INFO - 527 = 
2025-11-01 22:52:37,890 - src.ui.main_window - INFO - 528 = 关系1
2025-11-01 22:52:37,891 - src.ui.main_window - INFO - 529 = 
2025-11-01 22:52:37,891 - src.ui.main_window - INFO - 530 = 
2025-11-01 22:52:37,891 - src.ui.main_window - INFO - 531 = 
2025-11-01 22:52:37,891 - src.ui.main_window - INFO - 532 = 
2025-11-01 22:52:37,891 - src.ui.main_window - INFO - 533 = 
2025-11-01 22:52:37,891 - src.ui.main_window - INFO - 534 = 
2025-11-01 22:52:37,891 - src.ui.main_window - INFO - 535 = 
2025-11-01 22:52:37,891 - src.ui.main_window - INFO - 536 = 
2025-11-01 22:52:37,892 - src.ui.main_window - INFO - 537 = 
2025-11-01 22:52:37,892 - src.ui.main_window - INFO - 538 = 
2025-11-01 22:52:37,892 - src.ui.main_window - INFO - 539 = 
2025-11-01 22:52:37,892 - src.ui.main_window - INFO - 540 = 
2025-11-01 22:52:37,892 - src.ui.main_window - INFO - 541 = 
2025-11-01 22:52:37,892 - src.ui.main_window - INFO - 542 = 
2025-11-01 22:52:37,892 - src.ui.main_window - INFO - 543 = 
2025-11-01 22:52:37,892 - src.ui.main_window - INFO - 544 = 
2025-11-01 22:52:37,893 - src.ui.main_window - INFO - 545 = 关系1
2025-11-01 22:52:37,893 - src.ui.main_window - INFO - 546 = 关系1
2025-11-01 22:52:37,893 - src.ui.main_window - INFO - 547 = 关系1
2025-11-01 22:52:37,893 - src.ui.main_window - INFO - 548 = 
2025-11-01 22:52:37,893 - src.ui.main_window - INFO - 549 = 
2025-11-01 22:52:37,893 - src.ui.main_window - INFO - 550 = 
2025-11-01 22:52:37,894 - src.ui.main_window - INFO - 602 = 0
2025-11-01 22:52:37,894 - src.ui.main_window - INFO - 603 = 0.00
2025-11-01 22:52:37,894 - src.ui.main_window - INFO - 605 = relationYSTA
2025-11-02 19:13:42,678 - src.communication.named_pipe - WARNING - 命名管道服务器未在运行
2025-11-02 19:13:42,680 - src.data.file_manager - INFO - 所有文件已关闭
2025-11-02 19:14:08,083 - DNCSystem - INFO - DNC Python 系统启动
2025-11-02 19:14:08,101 - src.data.csv_processor - INFO - CSV文件读取为字典成功: config\master\ini.csv, 共48行
2025-11-02 19:14:08,103 - src.core.config - INFO - 加载ini.csv配置: 48行
2025-11-02 19:14:08,103 - src.core.config - INFO - 处理配置项: DEFINE=TB_modelTextStringSize, VALUE=26
2025-11-02 19:14:08,103 - src.core.config - INFO - 处理配置项: DEFINE=TextStringSize, VALUE=24
2025-11-02 19:14:08,103 - src.core.config - INFO - 处理配置项: DEFINE=LabelStringSize, VALUE=16
2025-11-02 19:14:08,103 - src.core.config - INFO - 处理配置项: DEFINE=ButtnStringSize, VALUE=20
2025-11-02 19:14:08,104 - src.core.config - INFO - 处理配置项: DEFINE=TxtBorderStyle, VALUE=0
2025-11-02 19:14:08,104 - src.core.config - INFO - 处理配置项: DEFINE=DrawingFlg, VALUE=0
2025-11-02 19:14:08,104 - src.core.config - INFO - 处理配置项: DEFINE=DrawingBorderStype, VALUE=1
2025-11-02 19:14:08,104 - src.core.config - INFO - 处理配置项: DEFINE=DrawingWidth, VALUE=480
2025-11-02 19:14:08,104 - src.core.config - INFO - 处理配置项: DEFINE=DrawingHeight, VALUE=430
2025-11-02 19:14:08,104 - src.core.config - INFO - 处理配置项: DEFINE=WaitTime_AfterSend, VALUE=3
2025-11-02 19:14:08,105 - src.core.config - INFO - 处理配置项: DEFINE=WaitTime_TB_Focus, VALUE=1000
2025-11-02 19:14:08,105 - src.core.config - INFO - 处理配置项: DEFINE=TextMaxInputNum, VALUE=4
2025-11-02 19:14:08,105 - src.core.config - INFO - 处理配置项: DEFINE=BarCodeHeaderStrNum, VALUE=11
2025-11-02 19:14:08,105 - src.core.config - INFO - 设置条码头长度: 11
2025-11-02 19:14:08,105 - src.core.config - INFO - 处理配置项: DEFINE=onofftxt, VALUE=C:\macro\onoff.txt
2025-11-02 19:14:08,105 - src.core.config - INFO - 处理配置项: DEFINE=macrotxt, VALUE=C:\macro\macro.txt
2025-11-02 19:14:08,106 - src.core.config - INFO - 处理配置项: DEFINE=Btn_ChngPrm_text, VALUE=壛岺曽岦
2025-11-02 19:14:08,106 - src.core.config - INFO - 处理配置项: DEFINE=Btn_keyboard_text, VALUE=KeyBoard
2025-11-02 19:14:08,106 - src.core.config - INFO - 处理配置项: DEFINE=Btn_send_text, VALUE=
2025-11-02 19:14:08,107 - src.core.config - INFO - 处理配置项: DEFINE=TB_alart_text_machineON, VALUE=
2025-11-02 19:14:08,107 - src.core.config - INFO - 处理配置项: DEFINE=TB_alart_text_send, VALUE=
2025-11-02 19:14:08,107 - src.core.config - INFO - 处理配置项: DEFINE=MeasureValueLength, VALUE=4
2025-11-02 19:14:08,107 - src.core.config - INFO - 处理配置项: DEFINE=MeasureTextColor, VALUE=blue
2025-11-02 19:14:08,107 - src.core.config - INFO - 处理配置项: DEFINE=AutoSendFlg, VALUE=0
2025-11-02 19:14:08,107 - src.core.config - INFO - 处理配置项: DEFINE=Btn_add_text, VALUE=楢懕擖椡
2025-11-02 19:14:08,107 - src.core.config - INFO - 处理配置项: DEFINE=POInfoRecordFlg, VALUE=1
2025-11-02 19:14:08,107 - src.core.config - INFO - 处理配置项: DEFINE=POReadFlg, VALUE=0
2025-11-02 19:14:08,107 - src.core.config - INFO - 处理配置项: DEFINE=POAddress, VALUE=C:\macro\CCC.csv
2025-11-02 19:14:08,108 - src.core.config - INFO - 处理配置项: DEFINE=WorkInfoRecordFlg, VALUE=0
2025-11-02 19:14:08,108 - src.core.config - INFO - 处理配置项: DEFINE=Btn_chgOperator_text, VALUE=嶌嬈幰曄峏
2025-11-02 19:14:08,108 - src.core.config - INFO - 处理配置项: DEFINE=MachineID, VALUE=
2025-11-02 19:14:08,108 - src.core.config - INFO - 处理配置项: DEFINE=PRO_STATUS_CD, VALUE=
2025-11-02 19:14:08,108 - src.core.config - INFO - 处理配置项: DEFINE=PRO_S_STATUS_CD, VALUE=
2025-11-02 19:14:08,108 - src.core.config - INFO - 处理配置项: DEFINE=SendFileFormat, VALUE=1
2025-11-02 19:14:08,108 - src.core.config - INFO - 处理配置项: DEFINE=ScreenSizeRatio, VALUE=83
2025-11-02 19:14:08,108 - src.core.config - INFO - 处理配置项: DEFINE=commandtxt, VALUE=C:\macro\command.txt
2025-11-02 19:14:08,108 - src.core.config - INFO - 处理配置项: DEFINE=TopMacro, VALUE=500
2025-11-02 19:14:08,108 - src.core.config - INFO - 处理配置项: DEFINE=EndMacro, VALUE=600
2025-11-02 19:14:08,108 - src.core.config - INFO - 处理配置项: DEFINE=SmacroBrother, VALUE=C:\SBrotherNcSys\SBrotherNcSys.exe
2025-11-02 19:14:08,108 - src.core.config - INFO - 处理配置项: DEFINE=QRmode, VALUE=1
2025-11-02 19:14:08,108 - src.core.config - INFO - 设置QR模式: 1
2025-11-02 19:14:08,108 - src.core.config - INFO - 处理配置项: DEFINE=POplc, VALUE=1
2025-11-02 19:14:08,108 - src.core.config - INFO - 设置PO位置: 1
2025-11-02 19:14:08,108 - src.core.config - INFO - 处理配置项: DEFINE=MODELplc, VALUE=2
2025-11-02 19:14:08,108 - src.core.config - INFO - 设置型号位置: 2
2025-11-02 19:14:08,108 - src.core.config - INFO - 处理配置项: DEFINE=QTYplc, VALUE=3
2025-11-02 19:14:08,108 - src.core.config - INFO - 设置数量位置: 3
2025-11-02 19:14:08,108 - src.core.config - INFO - 处理配置项: DEFINE=QRspltStr, VALUE=@
2025-11-02 19:14:08,108 - src.core.config - INFO - 设置QR分隔符: @
2025-11-02 19:14:08,108 - src.core.config - INFO - 处理配置项: DEFINE=PrgAutoChangeFlg, VALUE=0
2025-11-02 19:14:08,108 - src.core.config - INFO - 处理配置项: DEFINE=MonitoringFolder, VALUE=
2025-11-02 19:14:08,108 - src.core.config - INFO - 处理配置项: DEFINE=DLWaitTime, VALUE=5000
2025-11-02 19:14:08,108 - src.core.config - INFO - 处理配置项: DEFINE=DecimalPlace, VALUE=2
2025-11-02 19:14:08,108 - src.core.config - INFO - 设置小数位数: 2
2025-11-02 19:14:08,108 - src.core.config - INFO - 处理配置项: DEFINE=UseFixedFilename, VALUE=0
2025-11-02 19:14:08,108 - src.core.config - INFO - 最终QR配置: qr_mode=1, model_place=2, split_str='@'
2025-11-02 19:14:08,108 - src.core.config - INFO - 配置加载成功
2025-11-02 19:14:08,108 - src.data.csv_processor - INFO - CSV文件读取为字典成功: config\master\ini.csv, 共48行
2025-11-02 19:14:08,108 - src.data.csv_processor - INFO - CSV文件读取为字典成功: config\master\ini.csv, 共48行
2025-11-02 19:14:08,123 - src.data.csv_processor - INFO - CSV文件读取为字典成功: config\master\header.csv, 共5行
2025-11-02 19:14:08,132 - src.data.csv_processor - INFO - CSV文件读取为字典成功: config\master\type_define.csv, 共9行
2025-11-02 19:14:08,139 - src.data.csv_processor - INFO - CSV文件读取为字典成功: config\master\type_relation.csv, 共0行
2025-11-02 19:14:08,148 - src.data.csv_processor - INFO - CSV文件读取为字典成功: config\master\type_chngvl.csv, 共0行
2025-11-02 19:14:08,158 - src.data.csv_processor - INFO - CSV文件读取为字典成功: config\master\type_prg.csv, 共9行
2025-11-02 19:14:08,169 - src.data.csv_processor - INFO - CSV文件读取为字典成功: config\master\prg.csv, 共2行
2025-11-02 19:14:08,187 - DNCSystem - INFO - DNC Python 系统初始化成功
2025-11-02 19:14:09,529 - src.ui.main_window - WARNING - 无法获取当前程序序列，使用默认目录
2025-11-02 19:14:09,597 - src.ui.main_window - INFO - 宏文件生成器初始化成功
2025-11-02 19:14:52,033 - src.ui.main_window - INFO - 参数已更新: {'basic': {'workpiece_name': '', 'workpiece_id': '', 'process_type': '铣削', 'precision': '普通'}, 'geometry': {'length': 0.0, 'width': 0.0, 'height': 0.0, 'diameter': 0.0, 'angle': 0.0}, 'process': {'spindle_speed': 0.0, 'feed_rate': 0.0, 'cut_depth': 0.0, 'cut_width': 0.0}, 'material': {'material_type': '碳钢', 'material_hardness': '软', 'material_strength': 0.0}, 'model': {'model_type': '自动识别', 'model_description': '123@GPA20GT15040_A-H8@2', 'current_model': None}}
2025-11-02 19:14:52,041 - src.data.csv_processor - INFO - CSV文件读取为字典成功: config\master\header.csv, 共5行
2025-11-02 19:14:52,042 - src.ui.main_window - INFO - 型号识别完成: {'model': 'GPA20GT15040_A-H8', 'qr_code': '123@GPA20GT15040_A-H8@2', 'po': '123', 'quantity': '2', 'recognition_mode': 'QR', 'confidence': 1.0, 'error_message': None}
2025-11-02 19:14:58,293 - src.ui.main_window - INFO - 转让按钮点击，参数: {'#1': '', '#2': '', '#3': '', '#4': '', '#5': '', '#6': '', '#7': '', '#8': '', '#9': '', '#10': '', '#11': 'defineBTC', '#12': 'defineTL', '#500': '', '#501': '1', '#502': '1', '#503': '关系1', '#504': '关系1', '#505': '', '#506': '', '#507': '', '#508': '选项1', '#509': '关系1', '#510': '关系1', '#511': '10.19', '#512': '9.68', '#513': '关系1', '#514': '', '#515': '', '#516': '关系1', '#517': '', '#518': '', '#519': '7', '#520': '', '#521': '', '#522': '关系1', '#523': '', '#524': '', '#525': '', '#526': '', '#527': '', '#528': '关系1', '#529': '', '#530': '', '#531': '', '#532': '', '#533': '', '#534': '', '#535': '', '#536': '', '#537': '', '#538': '', '#539': '', '#540': '', '#541': '', '#542': '', '#543': '', '#544': '', '#545': '关系1', '#546': '关系1', '#547': '关系1', '#548': '', '#549': '', '#550': '', '#602': False, '#603': '0', '#605': 'relationYSTA'}
2025-11-02 19:14:58,293 - src.ui.main_window - WARNING - 无法获取当前程序序列，使用默认目录
2025-11-02 19:14:58,293 - src.data.csv_processor - INFO - CSV文件读取为字典成功: config\master\prg1\load.csv, 共10行
2025-11-02 19:14:58,293 - src.ui.main_window - WARNING - 无法获取当前程序序列，使用默认目录
2025-11-02 19:14:58,293 - src.data.csv_processor - INFO - CSV文件读取为字典成功: config\master\prg1\load.csv, 共10行
2025-11-02 19:14:58,302 - src.ui.main_window - WARNING - 无法获取当前程序序列，使用默认目录
2025-11-02 19:14:58,302 - src.data.csv_processor - INFO - CSV文件读取为字典成功: config\master\prg1\load.csv, 共10行
2025-11-02 19:14:58,302 - src.ui.main_window - WARNING - 无法获取当前程序序列，使用默认目录
2025-11-02 19:14:58,302 - src.data.csv_processor - INFO - CSV文件读取为字典成功: config\master\prg1\load.csv, 共10行
2025-11-02 19:14:58,302 - src.ui.main_window - WARNING - 无法获取当前程序序列，使用默认目录
2025-11-02 19:14:58,302 - src.data.csv_processor - INFO - CSV文件读取为字典成功: config\master\prg1\load.csv, 共10行
2025-11-02 19:14:58,302 - src.ui.main_window - WARNING - 无法获取当前程序序列，使用默认目录
2025-11-02 19:14:58,302 - src.data.csv_processor - INFO - CSV文件读取为字典成功: config\master\prg1\load.csv, 共10行
2025-11-02 19:14:58,302 - src.ui.main_window - WARNING - 无法获取当前程序序列，使用默认目录
2025-11-02 19:14:58,307 - src.data.csv_processor - INFO - CSV文件读取为字典成功: config\master\prg1\load.csv, 共10行
2025-11-02 19:14:58,307 - src.ui.main_window - WARNING - 无法获取当前程序序列，使用默认目录
2025-11-02 19:14:58,308 - src.data.csv_processor - INFO - CSV文件读取为字典成功: config\master\prg1\load.csv, 共10行
2025-11-02 19:14:58,308 - src.ui.main_window - WARNING - 无法获取当前程序序列，使用默认目录
2025-11-02 19:14:58,309 - src.data.csv_processor - INFO - CSV文件读取为字典成功: config\master\prg1\load.csv, 共10行
2025-11-02 19:14:58,309 - src.ui.main_window - WARNING - 无法获取当前程序序列，使用默认目录
2025-11-02 19:14:58,310 - src.data.csv_processor - INFO - CSV文件读取为字典成功: config\master\prg1\load.csv, 共10行
2025-11-02 19:14:58,310 - src.ui.main_window - WARNING - 无法获取当前程序序列，使用默认目录
2025-11-02 19:14:58,311 - src.data.csv_processor - INFO - CSV文件读取为字典成功: config\master\prg1\load.csv, 共10行
2025-11-02 19:14:58,311 - src.ui.main_window - WARNING - 无法获取当前程序序列，使用默认目录
2025-11-02 19:14:58,312 - src.data.csv_processor - INFO - CSV文件读取为字典成功: config\master\prg1\load.csv, 共10行
2025-11-02 19:14:58,312 - src.ui.main_window - WARNING - 无法获取当前程序序列，使用默认目录
2025-11-02 19:14:58,312 - src.data.csv_processor - INFO - CSV文件读取为字典成功: config\master\prg1\load.csv, 共10行
2025-11-02 19:14:58,312 - src.ui.main_window - WARNING - 无法获取当前程序序列，使用默认目录
2025-11-02 19:14:58,312 - src.data.csv_processor - INFO - CSV文件读取为字典成功: config\master\prg1\load.csv, 共10行
2025-11-02 19:14:58,312 - src.ui.main_window - WARNING - 无法获取当前程序序列，使用默认目录
2025-11-02 19:14:58,312 - src.data.csv_processor - INFO - CSV文件读取为字典成功: config\master\prg1\load.csv, 共10行
2025-11-02 19:14:58,312 - src.ui.main_window - WARNING - 无法获取当前程序序列，使用默认目录
2025-11-02 19:14:58,312 - src.data.csv_processor - INFO - CSV文件读取为字典成功: config\master\prg1\load.csv, 共10行
2025-11-02 19:14:58,312 - src.ui.main_window - WARNING - 无法获取当前程序序列，使用默认目录
2025-11-02 19:14:58,312 - src.data.csv_processor - INFO - CSV文件读取为字典成功: config\master\prg1\load.csv, 共10行
2025-11-02 19:14:58,312 - src.ui.main_window - WARNING - 无法获取当前程序序列，使用默认目录
2025-11-02 19:14:58,317 - src.data.csv_processor - INFO - CSV文件读取为字典成功: config\master\prg1\load.csv, 共10行
2025-11-02 19:14:58,317 - src.ui.main_window - WARNING - 无法获取当前程序序列，使用默认目录
2025-11-02 19:14:58,317 - src.data.csv_processor - INFO - CSV文件读取为字典成功: config\master\prg1\load.csv, 共10行
2025-11-02 19:14:58,317 - src.ui.main_window - WARNING - 无法获取当前程序序列，使用默认目录
2025-11-02 19:14:58,318 - src.data.csv_processor - INFO - CSV文件读取为字典成功: config\master\prg1\load.csv, 共10行
2025-11-02 19:14:58,318 - src.ui.main_window - WARNING - 无法获取当前程序序列，使用默认目录
2025-11-02 19:14:58,319 - src.data.csv_processor - INFO - CSV文件读取为字典成功: config\master\prg1\load.csv, 共10行
2025-11-02 19:14:58,319 - src.ui.main_window - WARNING - 无法获取当前程序序列，使用默认目录
2025-11-02 19:14:58,320 - src.data.csv_processor - INFO - CSV文件读取为字典成功: config\master\prg1\load.csv, 共10行
2025-11-02 19:14:58,320 - src.ui.main_window - WARNING - 无法获取当前程序序列，使用默认目录
2025-11-02 19:14:58,320 - src.data.csv_processor - INFO - CSV文件读取为字典成功: config\master\prg1\load.csv, 共10行
2025-11-02 19:14:58,320 - src.ui.main_window - WARNING - 无法获取当前程序序列，使用默认目录
2025-11-02 19:14:58,320 - src.data.csv_processor - INFO - CSV文件读取为字典成功: config\master\prg1\load.csv, 共10行
2025-11-02 19:14:58,320 - src.ui.main_window - WARNING - 无法获取当前程序序列，使用默认目录
2025-11-02 19:14:58,320 - src.data.csv_processor - INFO - CSV文件读取为字典成功: config\master\prg1\load.csv, 共10行
2025-11-02 19:14:58,320 - src.ui.main_window - WARNING - 无法获取当前程序序列，使用默认目录
2025-11-02 19:14:58,320 - src.data.csv_processor - INFO - CSV文件读取为字典成功: config\master\prg1\load.csv, 共10行
2025-11-02 19:14:58,320 - src.ui.main_window - WARNING - 无法获取当前程序序列，使用默认目录
2025-11-02 19:14:58,320 - src.data.csv_processor - INFO - CSV文件读取为字典成功: config\master\prg1\load.csv, 共10行
2025-11-02 19:14:58,320 - src.ui.main_window - WARNING - 无法获取当前程序序列，使用默认目录
2025-11-02 19:14:58,320 - src.data.csv_processor - INFO - CSV文件读取为字典成功: config\master\prg1\load.csv, 共10行
2025-11-02 19:14:58,320 - src.ui.main_window - WARNING - 无法获取当前程序序列，使用默认目录
2025-11-02 19:14:58,320 - src.data.csv_processor - INFO - CSV文件读取为字典成功: config\master\prg1\load.csv, 共10行
2025-11-02 19:14:58,320 - src.ui.main_window - WARNING - 无法获取当前程序序列，使用默认目录
2025-11-02 19:14:58,320 - src.data.csv_processor - INFO - CSV文件读取为字典成功: config\master\prg1\load.csv, 共10行
2025-11-02 19:14:58,320 - src.ui.main_window - WARNING - 无法获取当前程序序列，使用默认目录
2025-11-02 19:14:58,327 - src.data.csv_processor - INFO - CSV文件读取为字典成功: config\master\prg1\load.csv, 共10行
2025-11-02 19:14:58,327 - src.ui.main_window - WARNING - 无法获取当前程序序列，使用默认目录
2025-11-02 19:14:58,327 - src.data.csv_processor - INFO - CSV文件读取为字典成功: config\master\prg1\load.csv, 共10行
2025-11-02 19:14:58,327 - src.ui.main_window - WARNING - 无法获取当前程序序列，使用默认目录
2025-11-02 19:14:58,327 - src.data.csv_processor - INFO - CSV文件读取为字典成功: config\master\prg1\load.csv, 共10行
2025-11-02 19:14:58,328 - src.ui.main_window - WARNING - 无法获取当前程序序列，使用默认目录
2025-11-02 19:14:58,328 - src.data.csv_processor - INFO - CSV文件读取为字典成功: config\master\prg1\load.csv, 共10行
2025-11-02 19:14:58,328 - src.ui.main_window - WARNING - 无法获取当前程序序列，使用默认目录
2025-11-02 19:14:58,329 - src.data.csv_processor - INFO - CSV文件读取为字典成功: config\master\prg1\load.csv, 共10行
2025-11-02 19:14:58,329 - src.ui.main_window - WARNING - 无法获取当前程序序列，使用默认目录
2025-11-02 19:14:58,330 - src.data.csv_processor - INFO - CSV文件读取为字典成功: config\master\prg1\load.csv, 共10行
2025-11-02 19:14:58,330 - src.ui.main_window - WARNING - 无法获取当前程序序列，使用默认目录
2025-11-02 19:14:58,330 - src.data.csv_processor - INFO - CSV文件读取为字典成功: config\master\prg1\load.csv, 共10行
2025-11-02 19:14:58,330 - src.ui.main_window - WARNING - 无法获取当前程序序列，使用默认目录
2025-11-02 19:14:58,330 - src.data.csv_processor - INFO - CSV文件读取为字典成功: config\master\prg1\load.csv, 共10行
2025-11-02 19:14:58,330 - src.ui.main_window - WARNING - 无法获取当前程序序列，使用默认目录
2025-11-02 19:14:58,330 - src.data.csv_processor - INFO - CSV文件读取为字典成功: config\master\prg1\load.csv, 共10行
2025-11-02 19:14:58,330 - src.ui.main_window - WARNING - 无法获取当前程序序列，使用默认目录
2025-11-02 19:14:58,330 - src.data.csv_processor - INFO - CSV文件读取为字典成功: config\master\prg1\load.csv, 共10行
2025-11-02 19:14:58,330 - src.ui.main_window - WARNING - 无法获取当前程序序列，使用默认目录
2025-11-02 19:14:58,333 - src.data.csv_processor - INFO - CSV文件读取为字典成功: config\master\prg1\load.csv, 共10行
2025-11-02 19:14:58,333 - src.ui.main_window - WARNING - 无法获取当前程序序列，使用默认目录
2025-11-02 19:14:58,333 - src.data.csv_processor - INFO - CSV文件读取为字典成功: config\master\prg1\load.csv, 共10行
2025-11-02 19:14:58,333 - src.ui.main_window - WARNING - 无法获取当前程序序列，使用默认目录
2025-11-02 19:14:58,333 - src.data.csv_processor - INFO - CSV文件读取为字典成功: config\master\prg1\load.csv, 共10行
2025-11-02 19:14:58,333 - src.ui.main_window - WARNING - 无法获取当前程序序列，使用默认目录
2025-11-02 19:14:58,333 - src.data.csv_processor - INFO - CSV文件读取为字典成功: config\master\prg1\load.csv, 共10行
2025-11-02 19:14:58,333 - src.ui.main_window - WARNING - 无法获取当前程序序列，使用默认目录
2025-11-02 19:14:58,333 - src.data.csv_processor - INFO - CSV文件读取为字典成功: config\master\prg1\load.csv, 共10行
2025-11-02 19:14:58,333 - src.ui.main_window - WARNING - 无法获取当前程序序列，使用默认目录
2025-11-02 19:14:58,335 - src.data.csv_processor - INFO - CSV文件读取为字典成功: config\master\prg1\load.csv, 共10行
2025-11-02 19:14:58,335 - src.ui.main_window - WARNING - 无法获取当前程序序列，使用默认目录
2025-11-02 19:14:58,336 - src.data.csv_processor - INFO - CSV文件读取为字典成功: config\master\prg1\load.csv, 共10行
2025-11-02 19:14:58,336 - src.ui.main_window - WARNING - 无法获取当前程序序列，使用默认目录
2025-11-02 19:14:58,337 - src.data.csv_processor - INFO - CSV文件读取为字典成功: config\master\prg1\load.csv, 共10行
2025-11-02 19:14:58,337 - src.ui.main_window - WARNING - 无法获取当前程序序列，使用默认目录
2025-11-02 19:14:58,337 - src.data.csv_processor - INFO - CSV文件读取为字典成功: config\master\prg1\load.csv, 共10行
2025-11-02 19:14:58,337 - src.ui.main_window - WARNING - 无法获取当前程序序列，使用默认目录
2025-11-02 19:14:58,338 - src.data.csv_processor - INFO - CSV文件读取为字典成功: config\master\prg1\load.csv, 共10行
2025-11-02 19:14:58,338 - src.ui.main_window - WARNING - 无法获取当前程序序列，使用默认目录
2025-11-02 19:14:58,338 - src.data.csv_processor - INFO - CSV文件读取为字典成功: config\master\prg1\load.csv, 共10行
2025-11-02 19:14:58,338 - src.ui.main_window - WARNING - 无法获取当前程序序列，使用默认目录
2025-11-02 19:14:58,339 - src.data.csv_processor - INFO - CSV文件读取为字典成功: config\master\prg1\load.csv, 共10行
2025-11-02 19:14:58,339 - src.ui.main_window - WARNING - 无法获取当前程序序列，使用默认目录
2025-11-02 19:14:58,340 - src.data.csv_processor - INFO - CSV文件读取为字典成功: config\master\prg1\load.csv, 共10行
2025-11-02 19:14:58,340 - src.ui.main_window - WARNING - 无法获取当前程序序列，使用默认目录
2025-11-02 19:14:58,340 - src.data.csv_processor - INFO - CSV文件读取为字典成功: config\master\prg1\load.csv, 共10行
2025-11-02 19:14:58,340 - src.ui.main_window - WARNING - 无法获取当前程序序列，使用默认目录
2025-11-02 19:14:58,340 - src.data.csv_processor - INFO - CSV文件读取为字典成功: config\master\prg1\load.csv, 共10行
2025-11-02 19:14:58,340 - src.ui.main_window - WARNING - 无法获取当前程序序列，使用默认目录
2025-11-02 19:14:58,342 - src.data.csv_processor - INFO - CSV文件读取为字典成功: config\master\prg1\load.csv, 共10行
2025-11-02 19:14:58,342 - src.ui.main_window - WARNING - 无法获取当前程序序列，使用默认目录
2025-11-02 19:14:58,342 - src.data.csv_processor - INFO - CSV文件读取为字典成功: config\master\prg1\load.csv, 共10行
2025-11-02 19:14:58,342 - src.ui.main_window - WARNING - 无法获取当前程序序列，使用默认目录
2025-11-02 19:14:58,342 - src.data.csv_processor - INFO - CSV文件读取为字典成功: config\master\prg1\load.csv, 共10行
2025-11-02 19:14:58,342 - src.ui.main_window - WARNING - 无法获取当前程序序列，使用默认目录
2025-11-02 19:14:58,342 - src.data.csv_processor - INFO - CSV文件读取为字典成功: config\master\prg1\load.csv, 共10行
2025-11-02 19:14:58,342 - src.ui.main_window - WARNING - 无法获取当前程序序列，使用默认目录
2025-11-02 19:14:58,342 - src.data.csv_processor - INFO - CSV文件读取为字典成功: config\master\prg1\load.csv, 共10行
2025-11-02 19:14:58,342 - src.ui.main_window - WARNING - 无法获取当前程序序列，使用默认目录
2025-11-02 19:14:58,342 - src.data.csv_processor - INFO - CSV文件读取为字典成功: config\master\prg1\load.csv, 共10行
2025-11-02 19:14:58,342 - src.ui.main_window - WARNING - 无法获取当前程序序列，使用默认目录
2025-11-02 19:14:58,342 - src.data.csv_processor - INFO - CSV文件读取为字典成功: config\master\prg1\load.csv, 共10行
2025-11-02 19:14:58,342 - src.ui.main_window - WARNING - 无法获取当前程序序列，使用默认目录
2025-11-02 19:14:58,342 - src.data.csv_processor - INFO - CSV文件读取为字典成功: config\master\prg1\load.csv, 共10行
2025-11-02 19:14:58,347 - src.ui.main_window - WARNING - 无法获取当前程序序列，使用默认目录
2025-11-02 19:14:58,347 - src.data.csv_processor - INFO - CSV文件读取为字典成功: config\master\prg1\load.csv, 共10行
2025-11-02 19:14:58,347 - src.ui.main_window - WARNING - 无法获取当前程序序列，使用默认目录
2025-11-02 19:14:58,347 - src.data.csv_processor - INFO - CSV文件读取为字典成功: config\master\prg1\load.csv, 共10行
2025-11-02 19:14:58,348 - src.ui.main_window - WARNING - 无法获取当前程序序列，使用默认目录
2025-11-02 19:14:58,348 - src.data.csv_processor - INFO - CSV文件读取为字典成功: config\master\prg1\load.csv, 共10行
2025-11-02 19:14:58,350 - src.data.csv_processor - INFO - CSV文件读取为字典成功: config\master\ini.csv, 共48行
2025-11-02 19:14:58,350 - src.data.csv_processor - INFO - CSV文件读取为字典成功: config\master\ini.csv, 共48行
2025-11-02 19:14:58,350 - src.data.csv_processor - INFO - CSV文件读取为字典成功: config\master\ini.csv, 共48行
2025-11-02 19:14:58,350 - src.data.csv_processor - INFO - CSV文件读取为字典成功: config\master\ini.csv, 共48行
2025-11-02 19:14:58,352 - src.data.csv_processor - INFO - CSV文件读取为字典成功: config\master\ini.csv, 共48行
2025-11-02 19:14:58,353 - src.data.csv_processor - INFO - CSV文件读取为字典成功: config\master\ini.csv, 共48行
2025-11-02 19:14:58,354 - src.data.csv_processor - INFO - CSV文件读取为字典成功: config\master\ini.csv, 共48行
2025-11-02 19:14:58,354 - src.data.csv_processor - INFO - CSV文件读取为字典成功: config\master\ini.csv, 共48行
2025-11-02 19:14:58,363 - src.ui.main_window - INFO - 计算结果显示:
2025-11-02 19:14:58,369 - src.ui.main_window - INFO - # = ========================================
2025-11-02 19:14:58,369 - src.ui.main_window - INFO - # = ========================================
2025-11-02 19:14:58,369 - src.ui.main_window - INFO - 1 = 
2025-11-02 19:14:58,369 - src.ui.main_window - INFO - 2 = 
2025-11-02 19:14:58,370 - src.ui.main_window - INFO - 3 = 
2025-11-02 19:14:58,370 - src.ui.main_window - INFO - 4 = 
2025-11-02 19:14:58,370 - src.ui.main_window - INFO - 5 = 
2025-11-02 19:14:58,370 - src.ui.main_window - INFO - 6 = 
2025-11-02 19:14:58,370 - src.ui.main_window - INFO - 7 = 
2025-11-02 19:14:58,370 - src.ui.main_window - INFO - 8 = 
2025-11-02 19:14:58,371 - src.ui.main_window - INFO - 9 = 
2025-11-02 19:14:58,371 - src.ui.main_window - INFO - 10 = 
2025-11-02 19:14:58,371 - src.ui.main_window - INFO - 11 = defineBTC
2025-11-02 19:14:58,371 - src.ui.main_window - INFO - 12 = defineTL
2025-11-02 19:14:58,372 - src.ui.main_window - INFO - 500 = 
2025-11-02 19:14:58,372 - src.ui.main_window - INFO - 501 = 1.00
2025-11-02 19:14:58,372 - src.ui.main_window - INFO - 502 = 1.00
2025-11-02 19:14:58,372 - src.ui.main_window - INFO - 503 = 关系1
2025-11-02 19:14:58,372 - src.ui.main_window - INFO - 504 = 关系1
2025-11-02 19:14:58,373 - src.ui.main_window - INFO - 505 = 
2025-11-02 19:14:58,373 - src.ui.main_window - INFO - 506 = 0.00
2025-11-02 19:14:58,373 - src.ui.main_window - INFO - 507 = 
2025-11-02 19:14:58,373 - src.ui.main_window - INFO - 508 = 选项1
2025-11-02 19:14:58,374 - src.ui.main_window - INFO - 509 = 关系1
2025-11-02 19:14:58,374 - src.ui.main_window - INFO - 510 = 关系1
2025-11-02 19:14:58,374 - src.ui.main_window - INFO - 511 = 10.19
2025-11-02 19:14:58,374 - src.ui.main_window - INFO - 512 = 9.68
2025-11-02 19:14:58,374 - src.ui.main_window - INFO - 513 = 关系1
2025-11-02 19:14:58,374 - src.ui.main_window - INFO - 514 = 
2025-11-02 19:14:58,374 - src.ui.main_window - INFO - 515 = 
2025-11-02 19:14:58,374 - src.ui.main_window - INFO - 516 = 关系1
2025-11-02 19:14:58,374 - src.ui.main_window - INFO - 517 = 
2025-11-02 19:14:58,374 - src.ui.main_window - INFO - 518 = 
2025-11-02 19:14:58,374 - src.ui.main_window - INFO - 519 = 7.00
2025-11-02 19:14:58,376 - src.ui.main_window - INFO - 520 = 
2025-11-02 19:14:58,376 - src.ui.main_window - INFO - 521 = 
2025-11-02 19:14:58,376 - src.ui.main_window - INFO - 522 = 关系1
2025-11-02 19:14:58,376 - src.ui.main_window - INFO - 523 = 
2025-11-02 19:14:58,376 - src.ui.main_window - INFO - 524 = 
2025-11-02 19:14:58,376 - src.ui.main_window - INFO - 525 = 
2025-11-02 19:14:58,377 - src.ui.main_window - INFO - 526 = 
2025-11-02 19:14:58,377 - src.ui.main_window - INFO - 527 = 
2025-11-02 19:14:58,377 - src.ui.main_window - INFO - 528 = 关系1
2025-11-02 19:14:58,377 - src.ui.main_window - INFO - 529 = 
2025-11-02 19:14:58,377 - src.ui.main_window - INFO - 530 = 
2025-11-02 19:14:58,377 - src.ui.main_window - INFO - 531 = 
2025-11-02 19:14:58,377 - src.ui.main_window - INFO - 532 = 
2025-11-02 19:14:58,377 - src.ui.main_window - INFO - 533 = 
2025-11-02 19:14:58,377 - src.ui.main_window - INFO - 534 = 
2025-11-02 19:14:58,377 - src.ui.main_window - INFO - 535 = 
2025-11-02 19:14:58,377 - src.ui.main_window - INFO - 536 = 
2025-11-02 19:14:58,377 - src.ui.main_window - INFO - 537 = 
2025-11-02 19:14:58,377 - src.ui.main_window - INFO - 538 = 
2025-11-02 19:14:58,377 - src.ui.main_window - INFO - 539 = 
2025-11-02 19:14:58,377 - src.ui.main_window - INFO - 540 = 
2025-11-02 19:14:58,377 - src.ui.main_window - INFO - 541 = 
2025-11-02 19:14:58,377 - src.ui.main_window - INFO - 542 = 
2025-11-02 19:14:58,377 - src.ui.main_window - INFO - 543 = 
2025-11-02 19:14:58,377 - src.ui.main_window - INFO - 544 = 
2025-11-02 19:14:58,377 - src.ui.main_window - INFO - 545 = 关系1
2025-11-02 19:14:58,377 - src.ui.main_window - INFO - 546 = 关系1
2025-11-02 19:14:58,377 - src.ui.main_window - INFO - 547 = 关系1
2025-11-02 19:14:58,377 - src.ui.main_window - INFO - 548 = 
2025-11-02 19:14:58,377 - src.ui.main_window - INFO - 549 = 
2025-11-02 19:14:58,377 - src.ui.main_window - INFO - 550 = 
2025-11-02 19:14:58,377 - src.ui.main_window - INFO - 602 = 0
2025-11-02 19:14:58,377 - src.ui.main_window - INFO - 603 = 0.00
2025-11-02 19:14:58,377 - src.ui.main_window - INFO - 605 = relationYSTA
2025-11-02 19:28:17,039 - src.communication.named_pipe - WARNING - 命名管道服务器未在运行
2025-11-02 19:28:17,039 - src.data.file_manager - INFO - 所有文件已关闭
2025-11-03 20:24:04,802 - DNCSystem - INFO - DNC Python 系统启动
2025-11-03 20:24:04,831 - src.data.csv_processor - INFO - CSV文件读取为字典成功: config\master\ini.csv, 共48行
2025-11-03 20:24:04,832 - src.core.config - INFO - 加载ini.csv配置: 48行
2025-11-03 20:24:04,833 - src.core.config - INFO - 处理配置项: DEFINE=TB_modelTextStringSize, VALUE=26
2025-11-03 20:24:04,834 - src.core.config - INFO - 处理配置项: DEFINE=TextStringSize, VALUE=24
2025-11-03 20:24:04,835 - src.core.config - INFO - 处理配置项: DEFINE=LabelStringSize, VALUE=16
2025-11-03 20:24:04,835 - src.core.config - INFO - 处理配置项: DEFINE=ButtnStringSize, VALUE=20
2025-11-03 20:24:04,835 - src.core.config - INFO - 处理配置项: DEFINE=TxtBorderStyle, VALUE=0
2025-11-03 20:24:04,835 - src.core.config - INFO - 处理配置项: DEFINE=DrawingFlg, VALUE=0
2025-11-03 20:24:04,836 - src.core.config - INFO - 处理配置项: DEFINE=DrawingBorderStype, VALUE=1
2025-11-03 20:24:04,836 - src.core.config - INFO - 处理配置项: DEFINE=DrawingWidth, VALUE=480
2025-11-03 20:24:04,837 - src.core.config - INFO - 处理配置项: DEFINE=DrawingHeight, VALUE=430
2025-11-03 20:24:04,837 - src.core.config - INFO - 处理配置项: DEFINE=WaitTime_AfterSend, VALUE=3
2025-11-03 20:24:04,838 - src.core.config - INFO - 处理配置项: DEFINE=WaitTime_TB_Focus, VALUE=1000
2025-11-03 20:24:04,838 - src.core.config - INFO - 处理配置项: DEFINE=TextMaxInputNum, VALUE=4
2025-11-03 20:24:04,839 - src.core.config - INFO - 处理配置项: DEFINE=BarCodeHeaderStrNum, VALUE=11
2025-11-03 20:24:04,839 - src.core.config - INFO - 设置条码头长度: 11
2025-11-03 20:24:04,839 - src.core.config - INFO - 处理配置项: DEFINE=onofftxt, VALUE=C:\macro\onoff.txt
2025-11-03 20:24:04,840 - src.core.config - INFO - 处理配置项: DEFINE=macrotxt, VALUE=C:\macro\macro.txt
2025-11-03 20:24:04,840 - src.core.config - INFO - 处理配置项: DEFINE=Btn_ChngPrm_text, VALUE=壛岺曽岦
2025-11-03 20:24:04,841 - src.core.config - INFO - 处理配置项: DEFINE=Btn_keyboard_text, VALUE=KeyBoard
2025-11-03 20:24:04,841 - src.core.config - INFO - 处理配置项: DEFINE=Btn_send_text, VALUE=
2025-11-03 20:24:04,841 - src.core.config - INFO - 处理配置项: DEFINE=TB_alart_text_machineON, VALUE=
2025-11-03 20:24:04,842 - src.core.config - INFO - 处理配置项: DEFINE=TB_alart_text_send, VALUE=
2025-11-03 20:24:04,842 - src.core.config - INFO - 处理配置项: DEFINE=MeasureValueLength, VALUE=4
2025-11-03 20:24:04,842 - src.core.config - INFO - 处理配置项: DEFINE=MeasureTextColor, VALUE=blue
2025-11-03 20:24:04,842 - src.core.config - INFO - 处理配置项: DEFINE=AutoSendFlg, VALUE=0
2025-11-03 20:24:04,844 - src.core.config - INFO - 处理配置项: DEFINE=Btn_add_text, VALUE=楢懕擖椡
2025-11-03 20:24:04,844 - src.core.config - INFO - 处理配置项: DEFINE=POInfoRecordFlg, VALUE=1
2025-11-03 20:24:04,845 - src.core.config - INFO - 处理配置项: DEFINE=POReadFlg, VALUE=0
2025-11-03 20:24:04,845 - src.core.config - INFO - 处理配置项: DEFINE=POAddress, VALUE=C:\macro\CCC.csv
2025-11-03 20:24:04,846 - src.core.config - INFO - 处理配置项: DEFINE=WorkInfoRecordFlg, VALUE=0
2025-11-03 20:24:04,846 - src.core.config - INFO - 处理配置项: DEFINE=Btn_chgOperator_text, VALUE=嶌嬈幰曄峏
2025-11-03 20:24:04,847 - src.core.config - INFO - 处理配置项: DEFINE=MachineID, VALUE=
2025-11-03 20:24:04,847 - src.core.config - INFO - 处理配置项: DEFINE=PRO_STATUS_CD, VALUE=
2025-11-03 20:24:04,847 - src.core.config - INFO - 处理配置项: DEFINE=PRO_S_STATUS_CD, VALUE=
2025-11-03 20:24:04,848 - src.core.config - INFO - 处理配置项: DEFINE=SendFileFormat, VALUE=1
2025-11-03 20:24:04,849 - src.core.config - INFO - 处理配置项: DEFINE=ScreenSizeRatio, VALUE=83
2025-11-03 20:24:04,850 - src.core.config - INFO - 处理配置项: DEFINE=commandtxt, VALUE=C:\macro\command.txt
2025-11-03 20:24:04,850 - src.core.config - INFO - 处理配置项: DEFINE=TopMacro, VALUE=500
2025-11-03 20:24:04,851 - src.core.config - INFO - 处理配置项: DEFINE=EndMacro, VALUE=600
2025-11-03 20:24:04,851 - src.core.config - INFO - 处理配置项: DEFINE=SmacroBrother, VALUE=C:\SBrotherNcSys\SBrotherNcSys.exe
2025-11-03 20:24:04,852 - src.core.config - INFO - 处理配置项: DEFINE=QRmode, VALUE=1
2025-11-03 20:24:04,852 - src.core.config - INFO - 设置QR模式: 1
2025-11-03 20:24:04,853 - src.core.config - INFO - 处理配置项: DEFINE=POplc, VALUE=1
2025-11-03 20:24:04,853 - src.core.config - INFO - 设置PO位置: 1
2025-11-03 20:24:04,854 - src.core.config - INFO - 处理配置项: DEFINE=MODELplc, VALUE=2
2025-11-03 20:24:04,854 - src.core.config - INFO - 设置型号位置: 2
2025-11-03 20:24:04,855 - src.core.config - INFO - 处理配置项: DEFINE=QTYplc, VALUE=3
2025-11-03 20:24:04,855 - src.core.config - INFO - 设置数量位置: 3
2025-11-03 20:24:04,855 - src.core.config - INFO - 处理配置项: DEFINE=QRspltStr, VALUE=@
2025-11-03 20:24:04,857 - src.core.config - INFO - 设置QR分隔符: @
2025-11-03 20:24:04,857 - src.core.config - INFO - 处理配置项: DEFINE=PrgAutoChangeFlg, VALUE=0
2025-11-03 20:24:04,858 - src.core.config - INFO - 处理配置项: DEFINE=MonitoringFolder, VALUE=
2025-11-03 20:24:04,858 - src.core.config - INFO - 处理配置项: DEFINE=DLWaitTime, VALUE=5000
2025-11-03 20:24:04,858 - src.core.config - INFO - 处理配置项: DEFINE=DecimalPlace, VALUE=2
2025-11-03 20:24:04,858 - src.core.config - INFO - 设置小数位数: 2
2025-11-03 20:24:04,859 - src.core.config - INFO - 处理配置项: DEFINE=UseFixedFilename, VALUE=0
2025-11-03 20:24:04,859 - src.core.config - INFO - 最终QR配置: qr_mode=1, model_place=2, split_str='@'
2025-11-03 20:24:04,859 - src.core.config - INFO - 配置加载成功
2025-11-03 20:24:04,861 - src.data.csv_processor - INFO - CSV文件读取为字典成功: config\master\ini.csv, 共48行
2025-11-03 20:24:04,868 - src.data.csv_processor - INFO - CSV文件读取为字典成功: config\master\ini.csv, 共48行
2025-11-03 20:24:04,974 - src.data.csv_processor - INFO - CSV文件读取为字典成功: config\master\header.csv, 共5行
2025-11-03 20:24:05,076 - src.data.csv_processor - INFO - CSV文件读取为字典成功: config\master\type_define.csv, 共9行
2025-11-03 20:24:05,117 - src.data.csv_processor - INFO - CSV文件读取为字典成功: config\master\type_relation.csv, 共0行
2025-11-03 20:24:05,155 - src.data.csv_processor - INFO - CSV文件读取为字典成功: config\master\type_chngvl.csv, 共0行
2025-11-03 20:24:05,188 - src.data.csv_processor - INFO - CSV文件读取为字典成功: config\master\type_prg.csv, 共9行
2025-11-03 20:24:05,217 - src.data.csv_processor - INFO - CSV文件读取为字典成功: config\master\prg.csv, 共2行
2025-11-03 20:24:05,231 - src.data.csv_processor - INFO - CSV文件读取为字典成功: config\master\type_define.csv, 共9行
2025-11-03 20:24:05,233 - src.data.csv_processor - INFO - CSV文件读取为字典成功: config\master\type_relation.csv, 共0行
2025-11-03 20:24:05,235 - src.data.csv_processor - INFO - CSV文件读取为字典成功: config\master\type_chngvl.csv, 共0行
2025-11-03 20:24:05,276 - DNCSystem - INFO - DNC Python 系统初始化成功
2025-11-03 20:24:08,807 - src.ui.main_window - WARNING - 无法获取当前程序序列，使用默认目录
2025-11-03 20:24:08,930 - src.ui.main_window - INFO - 宏文件生成器初始化成功
2025-11-03 20:24:11,090 - src.communication.protocol_factory - WARNING - 创建协议实例但连接失败: rexroth
2025-11-03 20:24:51,537 - src.ui.main_window - INFO - 参数已更新: {'basic': {'workpiece_name': '', 'workpiece_id': '', 'process_type': '铣削', 'precision': '普通'}, 'geometry': {'length': 0.0, 'width': 0.0, 'height': 0.0, 'diameter': 0.0, 'angle': 0.0}, 'process': {'spindle_speed': 0.0, 'feed_rate': 0.0, 'cut_depth': 0.0, 'cut_width': 0.0}, 'material': {'material_type': '碳钢', 'material_hardness': '软', 'material_strength': 0.0}, 'model': {'model_type': '自动识别', 'model_description': '123@GPA20GT15040_A-H8@3', 'current_model': None}}
2025-11-03 20:24:51,544 - src.data.csv_processor - INFO - CSV文件读取为字典成功: config\master\header.csv, 共5行
2025-11-03 20:24:51,545 - src.ui.main_window - INFO - 型号识别完成: {'model': 'GPA20GT15040_A-H8', 'qr_code': '123@GPA20GT15040_A-H8@3', 'po': '123', 'quantity': '3', 'recognition_mode': 'QR', 'confidence': 1.0, 'error_message': None}
2025-11-03 20:24:58,522 - src.ui.main_window - INFO - 转让按钮点击，参数: {'#1': '', '#2': '', '#3': '', '#4': '', '#5': '', '#6': '', '#7': '', '#8': '', '#9': '', '#10': '', '#11': 'defineBTC', '#12': 'defineTL', '#500': '', '#501': '1', '#502': '1', '#503': '关系1', '#504': '关系1', '#505': '', '#506': '', '#507': '', '#508': '选项1', '#509': '关系1', '#510': '关系1', '#511': '10.19', '#512': '9.68', '#513': '关系1', '#514': '', '#515': '', '#516': '关系1', '#517': '', '#518': '', '#519': '7', '#520': '', '#521': '', '#522': '关系1', '#523': '', '#524': '', '#525': '', '#526': '', '#527': '', '#528': '关系1', '#529': '', '#530': '', '#531': '', '#532': '', '#533': '', '#534': '', '#535': '', '#536': '', '#537': '', '#538': '', '#539': '', '#540': '', '#541': '', '#542': '', '#543': '', '#544': '', '#545': '关系1', '#546': '关系1', '#547': '关系1', '#548': '', '#549': '', '#550': '', '#602': False, '#603': '0', '#605': 'relationYSTA'}
2025-11-03 20:24:58,522 - src.ui.main_window - WARNING - 无法获取当前程序序列，使用默认目录
2025-11-03 20:24:58,523 - src.data.csv_processor - INFO - CSV文件读取为字典成功: config\master\prg1\load.csv, 共10行
2025-11-03 20:24:58,524 - src.ui.main_window - WARNING - 无法获取当前程序序列，使用默认目录
2025-11-03 20:24:58,524 - src.data.csv_processor - INFO - CSV文件读取为字典成功: config\master\prg1\load.csv, 共10行
2025-11-03 20:24:58,524 - src.ui.main_window - WARNING - 无法获取当前程序序列，使用默认目录
2025-11-03 20:24:58,525 - src.data.csv_processor - INFO - CSV文件读取为字典成功: config\master\prg1\load.csv, 共10行
2025-11-03 20:24:58,525 - src.ui.main_window - WARNING - 无法获取当前程序序列，使用默认目录
2025-11-03 20:24:58,526 - src.data.csv_processor - INFO - CSV文件读取为字典成功: config\master\prg1\load.csv, 共10行
2025-11-03 20:24:58,526 - src.ui.main_window - WARNING - 无法获取当前程序序列，使用默认目录
2025-11-03 20:24:58,526 - src.data.csv_processor - INFO - CSV文件读取为字典成功: config\master\prg1\load.csv, 共10行
2025-11-03 20:24:58,527 - src.ui.main_window - WARNING - 无法获取当前程序序列，使用默认目录
2025-11-03 20:24:58,528 - src.data.csv_processor - INFO - CSV文件读取为字典成功: config\master\prg1\load.csv, 共10行
2025-11-03 20:24:58,528 - src.ui.main_window - WARNING - 无法获取当前程序序列，使用默认目录
2025-11-03 20:24:58,529 - src.data.csv_processor - INFO - CSV文件读取为字典成功: config\master\prg1\load.csv, 共10行
2025-11-03 20:24:58,529 - src.ui.main_window - WARNING - 无法获取当前程序序列，使用默认目录
2025-11-03 20:24:58,530 - src.data.csv_processor - INFO - CSV文件读取为字典成功: config\master\prg1\load.csv, 共10行
2025-11-03 20:24:58,530 - src.ui.main_window - WARNING - 无法获取当前程序序列，使用默认目录
2025-11-03 20:24:58,531 - src.data.csv_processor - INFO - CSV文件读取为字典成功: config\master\prg1\load.csv, 共10行
2025-11-03 20:24:58,531 - src.ui.main_window - WARNING - 无法获取当前程序序列，使用默认目录
2025-11-03 20:24:58,532 - src.data.csv_processor - INFO - CSV文件读取为字典成功: config\master\prg1\load.csv, 共10行
2025-11-03 20:24:58,532 - src.ui.main_window - WARNING - 无法获取当前程序序列，使用默认目录
2025-11-03 20:24:58,533 - src.data.csv_processor - INFO - CSV文件读取为字典成功: config\master\prg1\load.csv, 共10行
2025-11-03 20:24:58,533 - src.ui.main_window - WARNING - 无法获取当前程序序列，使用默认目录
2025-11-03 20:24:58,535 - src.data.csv_processor - INFO - CSV文件读取为字典成功: config\master\prg1\load.csv, 共10行
2025-11-03 20:24:58,535 - src.ui.main_window - WARNING - 无法获取当前程序序列，使用默认目录
2025-11-03 20:24:58,536 - src.data.csv_processor - INFO - CSV文件读取为字典成功: config\master\prg1\load.csv, 共10行
2025-11-03 20:24:58,536 - src.ui.main_window - WARNING - 无法获取当前程序序列，使用默认目录
2025-11-03 20:24:58,537 - src.data.csv_processor - INFO - CSV文件读取为字典成功: config\master\prg1\load.csv, 共10行
2025-11-03 20:24:58,537 - src.ui.main_window - WARNING - 无法获取当前程序序列，使用默认目录
2025-11-03 20:24:58,538 - src.data.csv_processor - INFO - CSV文件读取为字典成功: config\master\prg1\load.csv, 共10行
2025-11-03 20:24:58,538 - src.ui.main_window - WARNING - 无法获取当前程序序列，使用默认目录
2025-11-03 20:24:58,539 - src.data.csv_processor - INFO - CSV文件读取为字典成功: config\master\prg1\load.csv, 共10行
2025-11-03 20:24:58,539 - src.ui.main_window - WARNING - 无法获取当前程序序列，使用默认目录
2025-11-03 20:24:58,540 - src.data.csv_processor - INFO - CSV文件读取为字典成功: config\master\prg1\load.csv, 共10行
2025-11-03 20:24:58,540 - src.ui.main_window - WARNING - 无法获取当前程序序列，使用默认目录
2025-11-03 20:24:58,541 - src.data.csv_processor - INFO - CSV文件读取为字典成功: config\master\prg1\load.csv, 共10行
2025-11-03 20:24:58,541 - src.ui.main_window - WARNING - 无法获取当前程序序列，使用默认目录
2025-11-03 20:24:58,541 - src.data.csv_processor - INFO - CSV文件读取为字典成功: config\master\prg1\load.csv, 共10行
2025-11-03 20:24:58,542 - src.ui.main_window - WARNING - 无法获取当前程序序列，使用默认目录
2025-11-03 20:24:58,542 - src.data.csv_processor - INFO - CSV文件读取为字典成功: config\master\prg1\load.csv, 共10行
2025-11-03 20:24:58,542 - src.ui.main_window - WARNING - 无法获取当前程序序列，使用默认目录
2025-11-03 20:24:58,542 - src.data.csv_processor - INFO - CSV文件读取为字典成功: config\master\prg1\load.csv, 共10行
2025-11-03 20:24:58,543 - src.ui.main_window - WARNING - 无法获取当前程序序列，使用默认目录
2025-11-03 20:24:58,543 - src.data.csv_processor - INFO - CSV文件读取为字典成功: config\master\prg1\load.csv, 共10行
2025-11-03 20:24:58,545 - src.ui.main_window - WARNING - 无法获取当前程序序列，使用默认目录
2025-11-03 20:24:58,545 - src.data.csv_processor - INFO - CSV文件读取为字典成功: config\master\prg1\load.csv, 共10行
2025-11-03 20:24:58,546 - src.ui.main_window - WARNING - 无法获取当前程序序列，使用默认目录
2025-11-03 20:24:58,546 - src.data.csv_processor - INFO - CSV文件读取为字典成功: config\master\prg1\load.csv, 共10行
2025-11-03 20:24:58,546 - src.ui.main_window - WARNING - 无法获取当前程序序列，使用默认目录
2025-11-03 20:24:58,547 - src.data.csv_processor - INFO - CSV文件读取为字典成功: config\master\prg1\load.csv, 共10行
2025-11-03 20:24:58,548 - src.ui.main_window - WARNING - 无法获取当前程序序列，使用默认目录
2025-11-03 20:24:58,550 - src.data.csv_processor - INFO - CSV文件读取为字典成功: config\master\prg1\load.csv, 共10行
2025-11-03 20:24:58,550 - src.ui.main_window - WARNING - 无法获取当前程序序列，使用默认目录
2025-11-03 20:24:58,551 - src.data.csv_processor - INFO - CSV文件读取为字典成功: config\master\prg1\load.csv, 共10行
2025-11-03 20:24:58,551 - src.ui.main_window - WARNING - 无法获取当前程序序列，使用默认目录
2025-11-03 20:24:58,552 - src.data.csv_processor - INFO - CSV文件读取为字典成功: config\master\prg1\load.csv, 共10行
2025-11-03 20:24:58,552 - src.ui.main_window - WARNING - 无法获取当前程序序列，使用默认目录
2025-11-03 20:24:58,552 - src.data.csv_processor - INFO - CSV文件读取为字典成功: config\master\prg1\load.csv, 共10行
2025-11-03 20:24:58,553 - src.ui.main_window - WARNING - 无法获取当前程序序列，使用默认目录
2025-11-03 20:24:58,553 - src.data.csv_processor - INFO - CSV文件读取为字典成功: config\master\prg1\load.csv, 共10行
2025-11-03 20:24:58,554 - src.ui.main_window - WARNING - 无法获取当前程序序列，使用默认目录
2025-11-03 20:24:58,554 - src.data.csv_processor - INFO - CSV文件读取为字典成功: config\master\prg1\load.csv, 共10行
2025-11-03 20:24:58,554 - src.ui.main_window - WARNING - 无法获取当前程序序列，使用默认目录
2025-11-03 20:24:58,555 - src.data.csv_processor - INFO - CSV文件读取为字典成功: config\master\prg1\load.csv, 共10行
2025-11-03 20:24:58,555 - src.ui.main_window - WARNING - 无法获取当前程序序列，使用默认目录
2025-11-03 20:24:58,555 - src.data.csv_processor - INFO - CSV文件读取为字典成功: config\master\prg1\load.csv, 共10行
2025-11-03 20:24:58,556 - src.ui.main_window - WARNING - 无法获取当前程序序列，使用默认目录
2025-11-03 20:24:58,556 - src.data.csv_processor - INFO - CSV文件读取为字典成功: config\master\prg1\load.csv, 共10行
2025-11-03 20:24:58,556 - src.ui.main_window - WARNING - 无法获取当前程序序列，使用默认目录
2025-11-03 20:24:58,558 - src.data.csv_processor - INFO - CSV文件读取为字典成功: config\master\prg1\load.csv, 共10行
2025-11-03 20:24:58,558 - src.ui.main_window - WARNING - 无法获取当前程序序列，使用默认目录
2025-11-03 20:24:58,559 - src.data.csv_processor - INFO - CSV文件读取为字典成功: config\master\prg1\load.csv, 共10行
2025-11-03 20:24:58,559 - src.ui.main_window - WARNING - 无法获取当前程序序列，使用默认目录
2025-11-03 20:24:58,560 - src.data.csv_processor - INFO - CSV文件读取为字典成功: config\master\prg1\load.csv, 共10行
2025-11-03 20:24:58,561 - src.ui.main_window - WARNING - 无法获取当前程序序列，使用默认目录
2025-11-03 20:24:58,561 - src.data.csv_processor - INFO - CSV文件读取为字典成功: config\master\prg1\load.csv, 共10行
2025-11-03 20:24:58,562 - src.ui.main_window - WARNING - 无法获取当前程序序列，使用默认目录
2025-11-03 20:24:58,562 - src.data.csv_processor - INFO - CSV文件读取为字典成功: config\master\prg1\load.csv, 共10行
2025-11-03 20:24:58,562 - src.ui.main_window - WARNING - 无法获取当前程序序列，使用默认目录
2025-11-03 20:24:58,563 - src.data.csv_processor - INFO - CSV文件读取为字典成功: config\master\prg1\load.csv, 共10行
2025-11-03 20:24:58,564 - src.ui.main_window - WARNING - 无法获取当前程序序列，使用默认目录
2025-11-03 20:24:58,564 - src.data.csv_processor - INFO - CSV文件读取为字典成功: config\master\prg1\load.csv, 共10行
2025-11-03 20:24:58,565 - src.ui.main_window - WARNING - 无法获取当前程序序列，使用默认目录
2025-11-03 20:24:58,566 - src.data.csv_processor - INFO - CSV文件读取为字典成功: config\master\prg1\load.csv, 共10行
2025-11-03 20:24:58,566 - src.ui.main_window - WARNING - 无法获取当前程序序列，使用默认目录
2025-11-03 20:24:58,567 - src.data.csv_processor - INFO - CSV文件读取为字典成功: config\master\prg1\load.csv, 共10行
2025-11-03 20:24:58,567 - src.ui.main_window - WARNING - 无法获取当前程序序列，使用默认目录
2025-11-03 20:24:58,568 - src.data.csv_processor - INFO - CSV文件读取为字典成功: config\master\prg1\load.csv, 共10行
2025-11-03 20:24:58,568 - src.ui.main_window - WARNING - 无法获取当前程序序列，使用默认目录
2025-11-03 20:24:58,569 - src.data.csv_processor - INFO - CSV文件读取为字典成功: config\master\prg1\load.csv, 共10行
2025-11-03 20:24:58,569 - src.ui.main_window - WARNING - 无法获取当前程序序列，使用默认目录
2025-11-03 20:24:58,570 - src.data.csv_processor - INFO - CSV文件读取为字典成功: config\master\prg1\load.csv, 共10行
2025-11-03 20:24:58,570 - src.ui.main_window - WARNING - 无法获取当前程序序列，使用默认目录
2025-11-03 20:24:58,571 - src.data.csv_processor - INFO - CSV文件读取为字典成功: config\master\prg1\load.csv, 共10行
2025-11-03 20:24:58,571 - src.ui.main_window - WARNING - 无法获取当前程序序列，使用默认目录
2025-11-03 20:24:58,571 - src.data.csv_processor - INFO - CSV文件读取为字典成功: config\master\prg1\load.csv, 共10行
2025-11-03 20:24:58,572 - src.ui.main_window - WARNING - 无法获取当前程序序列，使用默认目录
2025-11-03 20:24:58,572 - src.data.csv_processor - INFO - CSV文件读取为字典成功: config\master\prg1\load.csv, 共10行
2025-11-03 20:24:58,573 - src.ui.main_window - WARNING - 无法获取当前程序序列，使用默认目录
2025-11-03 20:24:58,573 - src.data.csv_processor - INFO - CSV文件读取为字典成功: config\master\prg1\load.csv, 共10行
2025-11-03 20:24:58,573 - src.ui.main_window - WARNING - 无法获取当前程序序列，使用默认目录
2025-11-03 20:24:58,574 - src.data.csv_processor - INFO - CSV文件读取为字典成功: config\master\prg1\load.csv, 共10行
2025-11-03 20:24:58,574 - src.ui.main_window - WARNING - 无法获取当前程序序列，使用默认目录
2025-11-03 20:24:58,575 - src.data.csv_processor - INFO - CSV文件读取为字典成功: config\master\prg1\load.csv, 共10行
2025-11-03 20:24:58,575 - src.ui.main_window - WARNING - 无法获取当前程序序列，使用默认目录
2025-11-03 20:24:58,576 - src.data.csv_processor - INFO - CSV文件读取为字典成功: config\master\prg1\load.csv, 共10行
2025-11-03 20:24:58,577 - src.ui.main_window - WARNING - 无法获取当前程序序列，使用默认目录
2025-11-03 20:24:58,577 - src.data.csv_processor - INFO - CSV文件读取为字典成功: config\master\prg1\load.csv, 共10行
2025-11-03 20:24:58,577 - src.ui.main_window - WARNING - 无法获取当前程序序列，使用默认目录
2025-11-03 20:24:58,578 - src.data.csv_processor - INFO - CSV文件读取为字典成功: config\master\prg1\load.csv, 共10行
2025-11-03 20:24:58,578 - src.ui.main_window - WARNING - 无法获取当前程序序列，使用默认目录
2025-11-03 20:24:58,579 - src.data.csv_processor - INFO - CSV文件读取为字典成功: config\master\prg1\load.csv, 共10行
2025-11-03 20:24:58,579 - src.ui.main_window - WARNING - 无法获取当前程序序列，使用默认目录
2025-11-03 20:24:58,580 - src.data.csv_processor - INFO - CSV文件读取为字典成功: config\master\prg1\load.csv, 共10行
2025-11-03 20:24:58,580 - src.ui.main_window - WARNING - 无法获取当前程序序列，使用默认目录
2025-11-03 20:24:58,581 - src.data.csv_processor - INFO - CSV文件读取为字典成功: config\master\prg1\load.csv, 共10行
2025-11-03 20:24:58,581 - src.ui.main_window - WARNING - 无法获取当前程序序列，使用默认目录
2025-11-03 20:24:58,583 - src.data.csv_processor - INFO - CSV文件读取为字典成功: config\master\prg1\load.csv, 共10行
2025-11-03 20:24:58,583 - src.ui.main_window - WARNING - 无法获取当前程序序列，使用默认目录
2025-11-03 20:24:58,584 - src.data.csv_processor - INFO - CSV文件读取为字典成功: config\master\prg1\load.csv, 共10行
2025-11-03 20:24:58,584 - src.ui.main_window - WARNING - 无法获取当前程序序列，使用默认目录
2025-11-03 20:24:58,586 - src.data.csv_processor - INFO - CSV文件读取为字典成功: config\master\prg1\load.csv, 共10行
2025-11-03 20:24:58,586 - src.ui.main_window - WARNING - 无法获取当前程序序列，使用默认目录
2025-11-03 20:24:58,587 - src.data.csv_processor - INFO - CSV文件读取为字典成功: config\master\prg1\load.csv, 共10行
2025-11-03 20:24:58,587 - src.ui.main_window - WARNING - 无法获取当前程序序列，使用默认目录
2025-11-03 20:24:58,588 - src.data.csv_processor - INFO - CSV文件读取为字典成功: config\master\prg1\load.csv, 共10行
2025-11-03 20:24:58,588 - src.ui.main_window - WARNING - 无法获取当前程序序列，使用默认目录
2025-11-03 20:24:58,588 - src.data.csv_processor - INFO - CSV文件读取为字典成功: config\master\prg1\load.csv, 共10行
2025-11-03 20:24:58,589 - src.ui.main_window - WARNING - 无法获取当前程序序列，使用默认目录
2025-11-03 20:24:58,589 - src.data.csv_processor - INFO - CSV文件读取为字典成功: config\master\prg1\load.csv, 共10行
2025-11-03 20:24:58,589 - src.ui.main_window - WARNING - 无法获取当前程序序列，使用默认目录
2025-11-03 20:24:58,590 - src.data.csv_processor - INFO - CSV文件读取为字典成功: config\master\prg1\load.csv, 共10行
2025-11-03 20:24:58,594 - src.data.csv_processor - INFO - CSV文件读取为字典成功: config\master\ini.csv, 共48行
2025-11-03 20:24:58,594 - src.data.csv_processor - INFO - CSV文件读取为字典成功: config\master\ini.csv, 共48行
2025-11-03 20:24:58,595 - src.data.csv_processor - INFO - CSV文件读取为字典成功: config\master\ini.csv, 共48行
2025-11-03 20:24:58,596 - src.data.csv_processor - INFO - CSV文件读取为字典成功: config\master\ini.csv, 共48行
2025-11-03 20:24:58,597 - src.data.csv_processor - INFO - CSV文件读取为字典成功: config\master\ini.csv, 共48行
2025-11-03 20:24:58,598 - src.data.csv_processor - INFO - CSV文件读取为字典成功: config\master\ini.csv, 共48行
2025-11-03 20:24:58,599 - src.data.csv_processor - INFO - CSV文件读取为字典成功: config\master\ini.csv, 共48行
2025-11-03 20:24:58,600 - src.data.csv_processor - INFO - CSV文件读取为字典成功: config\master\ini.csv, 共48行
2025-11-03 20:24:58,619 - src.ui.main_window - INFO - 计算结果显示:
2025-11-03 20:24:58,619 - src.ui.main_window - INFO - # = ========================================
2025-11-03 20:24:58,619 - src.ui.main_window - INFO - # = ========================================
2025-11-03 20:24:58,620 - src.ui.main_window - INFO - 1 = 
2025-11-03 20:24:58,620 - src.ui.main_window - INFO - 2 = 
2025-11-03 20:24:58,620 - src.ui.main_window - INFO - 3 = 
2025-11-03 20:24:58,620 - src.ui.main_window - INFO - 4 = 
2025-11-03 20:24:58,620 - src.ui.main_window - INFO - 5 = 
2025-11-03 20:24:58,622 - src.ui.main_window - INFO - 6 = 
2025-11-03 20:24:58,622 - src.ui.main_window - INFO - 7 = 
2025-11-03 20:24:58,622 - src.ui.main_window - INFO - 8 = 
2025-11-03 20:24:58,622 - src.ui.main_window - INFO - 9 = 
2025-11-03 20:24:58,622 - src.ui.main_window - INFO - 10 = 
2025-11-03 20:24:58,622 - src.ui.main_window - INFO - 11 = defineBTC
2025-11-03 20:24:58,623 - src.ui.main_window - INFO - 12 = defineTL
2025-11-03 20:24:58,623 - src.ui.main_window - INFO - 500 = 
2025-11-03 20:24:58,623 - src.ui.main_window - INFO - 501 = 1.00
2025-11-03 20:24:58,623 - src.ui.main_window - INFO - 502 = 1.00
2025-11-03 20:24:58,623 - src.ui.main_window - INFO - 503 = 关系1
2025-11-03 20:24:58,624 - src.ui.main_window - INFO - 504 = 关系1
2025-11-03 20:24:58,624 - src.ui.main_window - INFO - 505 = 
2025-11-03 20:24:58,624 - src.ui.main_window - INFO - 506 = 0.00
2025-11-03 20:24:58,624 - src.ui.main_window - INFO - 507 = 
2025-11-03 20:24:58,625 - src.ui.main_window - INFO - 508 = 选项1
2025-11-03 20:24:58,625 - src.ui.main_window - INFO - 509 = 关系1
2025-11-03 20:24:58,625 - src.ui.main_window - INFO - 510 = 关系1
2025-11-03 20:24:58,625 - src.ui.main_window - INFO - 511 = 10.19
2025-11-03 20:24:58,625 - src.ui.main_window - INFO - 512 = 9.68
2025-11-03 20:24:58,625 - src.ui.main_window - INFO - 513 = 关系1
2025-11-03 20:24:58,625 - src.ui.main_window - INFO - 514 = 
2025-11-03 20:24:58,626 - src.ui.main_window - INFO - 515 = 
2025-11-03 20:24:58,626 - src.ui.main_window - INFO - 516 = 关系1
2025-11-03 20:24:58,626 - src.ui.main_window - INFO - 517 = 
2025-11-03 20:24:58,626 - src.ui.main_window - INFO - 518 = 
2025-11-03 20:24:58,626 - src.ui.main_window - INFO - 519 = 7.00
2025-11-03 20:24:58,627 - src.ui.main_window - INFO - 520 = 
2025-11-03 20:24:58,627 - src.ui.main_window - INFO - 521 = 
2025-11-03 20:24:58,627 - src.ui.main_window - INFO - 522 = 关系1
2025-11-03 20:24:58,627 - src.ui.main_window - INFO - 523 = 
2025-11-03 20:24:58,627 - src.ui.main_window - INFO - 524 = 
2025-11-03 20:24:58,628 - src.ui.main_window - INFO - 525 = 
2025-11-03 20:24:58,628 - src.ui.main_window - INFO - 526 = 
2025-11-03 20:24:58,628 - src.ui.main_window - INFO - 527 = 
2025-11-03 20:24:58,628 - src.ui.main_window - INFO - 528 = 关系1
2025-11-03 20:24:58,628 - src.ui.main_window - INFO - 529 = 
2025-11-03 20:24:58,629 - src.ui.main_window - INFO - 530 = 
2025-11-03 20:24:58,629 - src.ui.main_window - INFO - 531 = 
2025-11-03 20:24:58,629 - src.ui.main_window - INFO - 532 = 
2025-11-03 20:24:58,629 - src.ui.main_window - INFO - 533 = 
2025-11-03 20:24:58,629 - src.ui.main_window - INFO - 534 = 
2025-11-03 20:24:58,629 - src.ui.main_window - INFO - 535 = 
2025-11-03 20:24:58,631 - src.ui.main_window - INFO - 536 = 
2025-11-03 20:24:58,631 - src.ui.main_window - INFO - 537 = 
2025-11-03 20:24:58,631 - src.ui.main_window - INFO - 538 = 
2025-11-03 20:24:58,631 - src.ui.main_window - INFO - 539 = 
2025-11-03 20:24:58,632 - src.ui.main_window - INFO - 540 = 
2025-11-03 20:24:58,632 - src.ui.main_window - INFO - 541 = 
2025-11-03 20:24:58,632 - src.ui.main_window - INFO - 542 = 
2025-11-03 20:24:58,632 - src.ui.main_window - INFO - 543 = 
2025-11-03 20:24:58,632 - src.ui.main_window - INFO - 544 = 
2025-11-03 20:24:58,633 - src.ui.main_window - INFO - 545 = 关系1
2025-11-03 20:24:58,633 - src.ui.main_window - INFO - 546 = 关系1
2025-11-03 20:24:58,633 - src.ui.main_window - INFO - 547 = 关系1
2025-11-03 20:24:58,633 - src.ui.main_window - INFO - 548 = 
2025-11-03 20:24:58,633 - src.ui.main_window - INFO - 549 = 
2025-11-03 20:24:58,635 - src.ui.main_window - INFO - 550 = 
2025-11-03 20:24:58,635 - src.ui.main_window - INFO - 602 = 0
2025-11-03 20:24:58,635 - src.ui.main_window - INFO - 603 = 0.00
2025-11-03 20:24:58,635 - src.ui.main_window - INFO - 605 = relationYSTA
2025-11-04 20:08:45,062 - DNCSystem - INFO - DNC Python 系统启动
2025-11-04 20:08:45,081 - src.data.csv_processor - INFO - CSV文件读取为字典成功: config\master\ini.csv, 共48行
2025-11-04 20:08:45,082 - src.core.config - INFO - 加载ini.csv配置: 48行
2025-11-04 20:08:45,082 - src.core.config - INFO - 处理配置项: DEFINE=TB_modelTextStringSize, VALUE=26
2025-11-04 20:08:45,082 - src.core.config - INFO - 处理配置项: DEFINE=TextStringSize, VALUE=24
2025-11-04 20:08:45,082 - src.core.config - INFO - 处理配置项: DEFINE=LabelStringSize, VALUE=16
2025-11-04 20:08:45,083 - src.core.config - INFO - 处理配置项: DEFINE=ButtnStringSize, VALUE=20
2025-11-04 20:08:45,083 - src.core.config - INFO - 处理配置项: DEFINE=TxtBorderStyle, VALUE=0
2025-11-04 20:08:45,083 - src.core.config - INFO - 处理配置项: DEFINE=DrawingFlg, VALUE=0
2025-11-04 20:08:45,083 - src.core.config - INFO - 处理配置项: DEFINE=DrawingBorderStype, VALUE=1
2025-11-04 20:08:45,083 - src.core.config - INFO - 处理配置项: DEFINE=DrawingWidth, VALUE=480
2025-11-04 20:08:45,084 - src.core.config - INFO - 处理配置项: DEFINE=DrawingHeight, VALUE=430
2025-11-04 20:08:45,084 - src.core.config - INFO - 处理配置项: DEFINE=WaitTime_AfterSend, VALUE=3
2025-11-04 20:08:45,084 - src.core.config - INFO - 处理配置项: DEFINE=WaitTime_TB_Focus, VALUE=1000
2025-11-04 20:08:45,084 - src.core.config - INFO - 处理配置项: DEFINE=TextMaxInputNum, VALUE=4
2025-11-04 20:08:45,084 - src.core.config - INFO - 处理配置项: DEFINE=BarCodeHeaderStrNum, VALUE=11
2025-11-04 20:08:45,085 - src.core.config - INFO - 设置条码头长度: 11
2025-11-04 20:08:45,085 - src.core.config - INFO - 处理配置项: DEFINE=onofftxt, VALUE=C:\macro\onoff.txt
2025-11-04 20:08:45,085 - src.core.config - INFO - 处理配置项: DEFINE=macrotxt, VALUE=C:\macro\macro.txt
2025-11-04 20:08:45,085 - src.core.config - INFO - 处理配置项: DEFINE=Btn_ChngPrm_text, VALUE=壛岺曽岦
2025-11-04 20:08:45,085 - src.core.config - INFO - 处理配置项: DEFINE=Btn_keyboard_text, VALUE=KeyBoard
2025-11-04 20:08:45,085 - src.core.config - INFO - 处理配置项: DEFINE=Btn_send_text, VALUE=
2025-11-04 20:08:45,085 - src.core.config - INFO - 处理配置项: DEFINE=TB_alart_text_machineON, VALUE=
2025-11-04 20:08:45,085 - src.core.config - INFO - 处理配置项: DEFINE=TB_alart_text_send, VALUE=
2025-11-04 20:08:45,085 - src.core.config - INFO - 处理配置项: DEFINE=MeasureValueLength, VALUE=4
2025-11-04 20:08:45,085 - src.core.config - INFO - 处理配置项: DEFINE=MeasureTextColor, VALUE=blue
2025-11-04 20:08:45,085 - src.core.config - INFO - 处理配置项: DEFINE=AutoSendFlg, VALUE=0
2025-11-04 20:08:45,085 - src.core.config - INFO - 处理配置项: DEFINE=Btn_add_text, VALUE=楢懕擖椡
2025-11-04 20:08:45,085 - src.core.config - INFO - 处理配置项: DEFINE=POInfoRecordFlg, VALUE=1
2025-11-04 20:08:45,085 - src.core.config - INFO - 处理配置项: DEFINE=POReadFlg, VALUE=0
2025-11-04 20:08:45,087 - src.core.config - INFO - 处理配置项: DEFINE=POAddress, VALUE=C:\macro\CCC.csv
2025-11-04 20:08:45,087 - src.core.config - INFO - 处理配置项: DEFINE=WorkInfoRecordFlg, VALUE=0
2025-11-04 20:08:45,087 - src.core.config - INFO - 处理配置项: DEFINE=Btn_chgOperator_text, VALUE=嶌嬈幰曄峏
2025-11-04 20:08:45,087 - src.core.config - INFO - 处理配置项: DEFINE=MachineID, VALUE=
2025-11-04 20:08:45,087 - src.core.config - INFO - 处理配置项: DEFINE=PRO_STATUS_CD, VALUE=
2025-11-04 20:08:45,087 - src.core.config - INFO - 处理配置项: DEFINE=PRO_S_STATUS_CD, VALUE=
2025-11-04 20:08:45,087 - src.core.config - INFO - 处理配置项: DEFINE=SendFileFormat, VALUE=1
2025-11-04 20:08:45,087 - src.core.config - INFO - 处理配置项: DEFINE=ScreenSizeRatio, VALUE=83
2025-11-04 20:08:45,087 - src.core.config - INFO - 处理配置项: DEFINE=commandtxt, VALUE=C:\macro\command.txt
2025-11-04 20:08:45,087 - src.core.config - INFO - 处理配置项: DEFINE=TopMacro, VALUE=500
2025-11-04 20:08:45,087 - src.core.config - INFO - 处理配置项: DEFINE=EndMacro, VALUE=600
2025-11-04 20:08:45,087 - src.core.config - INFO - 处理配置项: DEFINE=SmacroBrother, VALUE=C:\SBrotherNcSys\SBrotherNcSys.exe
2025-11-04 20:08:45,087 - src.core.config - INFO - 处理配置项: DEFINE=QRmode, VALUE=1
2025-11-04 20:08:45,089 - src.core.config - INFO - 设置QR模式: 1
2025-11-04 20:08:45,089 - src.core.config - INFO - 处理配置项: DEFINE=POplc, VALUE=1
2025-11-04 20:08:45,089 - src.core.config - INFO - 设置PO位置: 1
2025-11-04 20:08:45,089 - src.core.config - INFO - 处理配置项: DEFINE=MODELplc, VALUE=2
2025-11-04 20:08:45,089 - src.core.config - INFO - 设置型号位置: 2
2025-11-04 20:08:45,089 - src.core.config - INFO - 处理配置项: DEFINE=QTYplc, VALUE=3
2025-11-04 20:08:45,089 - src.core.config - INFO - 设置数量位置: 3
2025-11-04 20:08:45,089 - src.core.config - INFO - 处理配置项: DEFINE=QRspltStr, VALUE=@
2025-11-04 20:08:45,089 - src.core.config - INFO - 设置QR分隔符: @
2025-11-04 20:08:45,089 - src.core.config - INFO - 处理配置项: DEFINE=PrgAutoChangeFlg, VALUE=0
2025-11-04 20:08:45,089 - src.core.config - INFO - 处理配置项: DEFINE=MonitoringFolder, VALUE=
2025-11-04 20:08:45,089 - src.core.config - INFO - 处理配置项: DEFINE=DLWaitTime, VALUE=5000
2025-11-04 20:08:45,089 - src.core.config - INFO - 处理配置项: DEFINE=DecimalPlace, VALUE=2
2025-11-04 20:08:45,089 - src.core.config - INFO - 设置小数位数: 2
2025-11-04 20:08:45,089 - src.core.config - INFO - 处理配置项: DEFINE=UseFixedFilename, VALUE=0
2025-11-04 20:08:45,091 - src.core.config - INFO - 最终QR配置: qr_mode=1, model_place=2, split_str='@'
2025-11-04 20:08:45,091 - src.core.config - INFO - 配置加载成功
2025-11-04 20:08:45,091 - src.data.csv_processor - INFO - CSV文件读取为字典成功: config\master\ini.csv, 共48行
2025-11-04 20:08:45,093 - src.data.csv_processor - INFO - CSV文件读取为字典成功: config\master\ini.csv, 共48行
2025-11-04 20:08:45,102 - src.data.csv_processor - INFO - CSV文件读取为字典成功: config\master\header.csv, 共5行
2025-11-04 20:08:45,111 - src.data.csv_processor - INFO - CSV文件读取为字典成功: config\master\type_define.csv, 共9行
2025-11-04 20:08:45,121 - src.data.csv_processor - INFO - CSV文件读取为字典成功: config\master\type_relation.csv, 共0行
2025-11-04 20:08:45,125 - src.data.csv_processor - INFO - CSV文件读取为字典成功: config\master\type_chngvl.csv, 共0行
2025-11-04 20:08:45,135 - src.data.csv_processor - INFO - CSV文件读取为字典成功: config\master\type_prg.csv, 共9行
2025-11-04 20:08:45,147 - src.data.csv_processor - INFO - CSV文件读取为字典成功: config\master\prg.csv, 共2行
2025-11-04 20:08:45,151 - src.data.csv_processor - INFO - CSV文件读取为字典成功: config\master\type_define.csv, 共9行
2025-11-04 20:08:45,151 - src.data.csv_processor - INFO - CSV文件读取为字典成功: config\master\type_relation.csv, 共0行
2025-11-04 20:08:45,155 - src.data.csv_processor - INFO - CSV文件读取为字典成功: config\master\type_chngvl.csv, 共0行
2025-11-04 20:08:45,176 - DNCSystem - INFO - DNC Python 系统初始化成功
2025-11-04 20:08:46,548 - src.ui.main_window - WARNING - 无法获取当前程序序列，使用默认目录
2025-11-04 20:08:46,617 - src.ui.main_window - INFO - 宏文件生成器初始化成功
2025-11-04 20:08:47,427 - src.communication.protocol_factory - WARNING - 创建协议实例但连接失败: rexroth
2025-11-04 20:09:33,172 - src.ui.main_window - INFO - 参数已更新: {'basic': {'workpiece_name': '', 'workpiece_id': '', 'process_type': '铣削', 'precision': '普通'}, 'geometry': {'length': 0.0, 'width': 0.0, 'height': 0.0, 'diameter': 0.0, 'angle': 0.0}, 'process': {'spindle_speed': 0.0, 'feed_rate': 0.0, 'cut_depth': 0.0, 'cut_width': 0.0}, 'material': {'material_type': '碳钢', 'material_hardness': '软', 'material_strength': 0.0}, 'model': {'model_type': '自动识别', 'model_description': '123@GPA20GT15040_A-H8@5', 'current_model': None}}
2025-11-04 20:09:33,182 - src.data.csv_processor - INFO - CSV文件读取为字典成功: config\master\header.csv, 共5行
2025-11-04 20:09:33,183 - src.ui.main_window - INFO - 型号识别完成: {'model': 'GPA20GT15040_A-H8', 'qr_code': '123@GPA20GT15040_A-H8@5', 'po': '123', 'quantity': '5', 'recognition_mode': 'QR', 'confidence': 1.0, 'error_message': None}
2025-11-04 20:09:48,682 - src.ui.main_window - INFO - 转让按钮点击，参数: {'#1': '', '#2': '', '#3': '', '#4': '', '#5': '', '#6': '', '#7': '', '#8': '', '#9': '', '#10': '', '#11': 'defineBTC', '#12': 'defineTL', '#500': '', '#501': '1', '#502': '1', '#503': '关系1', '#504': '关系1', '#505': '', '#506': '', '#507': '', '#508': '选项1', '#509': '关系1', '#510': '关系1', '#511': '10.19', '#512': '9.68', '#513': '关系1', '#514': '', '#515': '', '#516': '关系1', '#517': '', '#518': '', '#519': '7', '#520': '', '#521': '', '#522': '关系1', '#523': '', '#524': '', '#525': '', '#526': '', '#527': '', '#528': '关系1', '#529': '', '#530': '', '#531': '', '#532': '', '#533': '', '#534': '', '#535': '', '#536': '', '#537': '', '#538': '', '#539': '', '#540': '', '#541': '', '#542': '', '#543': '', '#544': '', '#545': '关系1', '#546': '关系1', '#547': '关系1', '#548': '', '#549': '', '#550': '', '#602': False, '#603': '0', '#605': 'relationYSTA'}
2025-11-04 20:09:48,682 - src.ui.main_window - WARNING - 无法获取当前程序序列，使用默认目录
2025-11-04 20:09:48,682 - src.data.csv_processor - INFO - CSV文件读取为字典成功: config\master\prg1\load.csv, 共10行
2025-11-04 20:09:48,682 - src.ui.main_window - WARNING - 无法获取当前程序序列，使用默认目录
2025-11-04 20:09:48,682 - src.data.csv_processor - INFO - CSV文件读取为字典成功: config\master\prg1\load.csv, 共10行
2025-11-04 20:09:48,682 - src.ui.main_window - WARNING - 无法获取当前程序序列，使用默认目录
2025-11-04 20:09:48,682 - src.data.csv_processor - INFO - CSV文件读取为字典成功: config\master\prg1\load.csv, 共10行
2025-11-04 20:09:48,682 - src.ui.main_window - WARNING - 无法获取当前程序序列，使用默认目录
2025-11-04 20:09:48,682 - src.data.csv_processor - INFO - CSV文件读取为字典成功: config\master\prg1\load.csv, 共10行
2025-11-04 20:09:48,682 - src.ui.main_window - WARNING - 无法获取当前程序序列，使用默认目录
2025-11-04 20:09:48,682 - src.data.csv_processor - INFO - CSV文件读取为字典成功: config\master\prg1\load.csv, 共10行
2025-11-04 20:09:48,682 - src.ui.main_window - WARNING - 无法获取当前程序序列，使用默认目录
2025-11-04 20:09:48,682 - src.data.csv_processor - INFO - CSV文件读取为字典成功: config\master\prg1\load.csv, 共10行
2025-11-04 20:09:48,682 - src.ui.main_window - WARNING - 无法获取当前程序序列，使用默认目录
2025-11-04 20:09:48,695 - src.data.csv_processor - INFO - CSV文件读取为字典成功: config\master\prg1\load.csv, 共10行
2025-11-04 20:09:48,695 - src.ui.main_window - WARNING - 无法获取当前程序序列，使用默认目录
2025-11-04 20:09:48,696 - src.data.csv_processor - INFO - CSV文件读取为字典成功: config\master\prg1\load.csv, 共10行
2025-11-04 20:09:48,696 - src.ui.main_window - WARNING - 无法获取当前程序序列，使用默认目录
2025-11-04 20:09:48,697 - src.data.csv_processor - INFO - CSV文件读取为字典成功: config\master\prg1\load.csv, 共10行
2025-11-04 20:09:48,697 - src.ui.main_window - WARNING - 无法获取当前程序序列，使用默认目录
2025-11-04 20:09:48,697 - src.data.csv_processor - INFO - CSV文件读取为字典成功: config\master\prg1\load.csv, 共10行
2025-11-04 20:09:48,698 - src.ui.main_window - WARNING - 无法获取当前程序序列，使用默认目录
2025-11-04 20:09:48,698 - src.data.csv_processor - INFO - CSV文件读取为字典成功: config\master\prg1\load.csv, 共10行
2025-11-04 20:09:48,699 - src.ui.main_window - WARNING - 无法获取当前程序序列，使用默认目录
2025-11-04 20:09:48,699 - src.data.csv_processor - INFO - CSV文件读取为字典成功: config\master\prg1\load.csv, 共10行
2025-11-04 20:09:48,699 - src.ui.main_window - WARNING - 无法获取当前程序序列，使用默认目录
2025-11-04 20:09:48,700 - src.data.csv_processor - INFO - CSV文件读取为字典成功: config\master\prg1\load.csv, 共10行
2025-11-04 20:09:48,701 - src.ui.main_window - WARNING - 无法获取当前程序序列，使用默认目录
2025-11-04 20:09:48,701 - src.data.csv_processor - INFO - CSV文件读取为字典成功: config\master\prg1\load.csv, 共10行
2025-11-04 20:09:48,701 - src.ui.main_window - WARNING - 无法获取当前程序序列，使用默认目录
2025-11-04 20:09:48,702 - src.data.csv_processor - INFO - CSV文件读取为字典成功: config\master\prg1\load.csv, 共10行
2025-11-04 20:09:48,703 - src.ui.main_window - WARNING - 无法获取当前程序序列，使用默认目录
2025-11-04 20:09:48,703 - src.data.csv_processor - INFO - CSV文件读取为字典成功: config\master\prg1\load.csv, 共10行
2025-11-04 20:09:48,703 - src.ui.main_window - WARNING - 无法获取当前程序序列，使用默认目录
2025-11-04 20:09:48,703 - src.data.csv_processor - INFO - CSV文件读取为字典成功: config\master\prg1\load.csv, 共10行
2025-11-04 20:09:48,703 - src.ui.main_window - WARNING - 无法获取当前程序序列，使用默认目录
2025-11-04 20:09:48,703 - src.data.csv_processor - INFO - CSV文件读取为字典成功: config\master\prg1\load.csv, 共10行
2025-11-04 20:09:48,703 - src.ui.main_window - WARNING - 无法获取当前程序序列，使用默认目录
2025-11-04 20:09:48,705 - src.data.csv_processor - INFO - CSV文件读取为字典成功: config\master\prg1\load.csv, 共10行
2025-11-04 20:09:48,706 - src.ui.main_window - WARNING - 无法获取当前程序序列，使用默认目录
2025-11-04 20:09:48,706 - src.data.csv_processor - INFO - CSV文件读取为字典成功: config\master\prg1\load.csv, 共10行
2025-11-04 20:09:48,707 - src.ui.main_window - WARNING - 无法获取当前程序序列，使用默认目录
2025-11-04 20:09:48,707 - src.data.csv_processor - INFO - CSV文件读取为字典成功: config\master\prg1\load.csv, 共10行
2025-11-04 20:09:48,707 - src.ui.main_window - WARNING - 无法获取当前程序序列，使用默认目录
2025-11-04 20:09:48,708 - src.data.csv_processor - INFO - CSV文件读取为字典成功: config\master\prg1\load.csv, 共10行
2025-11-04 20:09:48,708 - src.ui.main_window - WARNING - 无法获取当前程序序列，使用默认目录
2025-11-04 20:09:48,708 - src.data.csv_processor - INFO - CSV文件读取为字典成功: config\master\prg1\load.csv, 共10行
2025-11-04 20:09:48,708 - src.ui.main_window - WARNING - 无法获取当前程序序列，使用默认目录
2025-11-04 20:09:48,709 - src.data.csv_processor - INFO - CSV文件读取为字典成功: config\master\prg1\load.csv, 共10行
2025-11-04 20:09:48,709 - src.ui.main_window - WARNING - 无法获取当前程序序列，使用默认目录
2025-11-04 20:09:48,709 - src.data.csv_processor - INFO - CSV文件读取为字典成功: config\master\prg1\load.csv, 共10行
2025-11-04 20:09:48,709 - src.ui.main_window - WARNING - 无法获取当前程序序列，使用默认目录
2025-11-04 20:09:48,710 - src.data.csv_processor - INFO - CSV文件读取为字典成功: config\master\prg1\load.csv, 共10行
2025-11-04 20:09:48,710 - src.ui.main_window - WARNING - 无法获取当前程序序列，使用默认目录
2025-11-04 20:09:48,710 - src.data.csv_processor - INFO - CSV文件读取为字典成功: config\master\prg1\load.csv, 共10行
2025-11-04 20:09:48,710 - src.ui.main_window - WARNING - 无法获取当前程序序列，使用默认目录
2025-11-04 20:09:48,710 - src.data.csv_processor - INFO - CSV文件读取为字典成功: config\master\prg1\load.csv, 共10行
2025-11-04 20:09:48,710 - src.ui.main_window - WARNING - 无法获取当前程序序列，使用默认目录
2025-11-04 20:09:48,710 - src.data.csv_processor - INFO - CSV文件读取为字典成功: config\master\prg1\load.csv, 共10行
2025-11-04 20:09:48,710 - src.ui.main_window - WARNING - 无法获取当前程序序列，使用默认目录
2025-11-04 20:09:48,710 - src.data.csv_processor - INFO - CSV文件读取为字典成功: config\master\prg1\load.csv, 共10行
2025-11-04 20:09:48,710 - src.ui.main_window - WARNING - 无法获取当前程序序列，使用默认目录
2025-11-04 20:09:48,710 - src.data.csv_processor - INFO - CSV文件读取为字典成功: config\master\prg1\load.csv, 共10行
2025-11-04 20:09:48,710 - src.ui.main_window - WARNING - 无法获取当前程序序列，使用默认目录
2025-11-04 20:09:48,715 - src.data.csv_processor - INFO - CSV文件读取为字典成功: config\master\prg1\load.csv, 共10行
2025-11-04 20:09:48,715 - src.ui.main_window - WARNING - 无法获取当前程序序列，使用默认目录
2025-11-04 20:09:48,715 - src.data.csv_processor - INFO - CSV文件读取为字典成功: config\master\prg1\load.csv, 共10行
2025-11-04 20:09:48,715 - src.ui.main_window - WARNING - 无法获取当前程序序列，使用默认目录
2025-11-04 20:09:48,716 - src.data.csv_processor - INFO - CSV文件读取为字典成功: config\master\prg1\load.csv, 共10行
2025-11-04 20:09:48,716 - src.ui.main_window - WARNING - 无法获取当前程序序列，使用默认目录
2025-11-04 20:09:48,716 - src.data.csv_processor - INFO - CSV文件读取为字典成功: config\master\prg1\load.csv, 共10行
2025-11-04 20:09:48,716 - src.ui.main_window - WARNING - 无法获取当前程序序列，使用默认目录
2025-11-04 20:09:48,717 - src.data.csv_processor - INFO - CSV文件读取为字典成功: config\master\prg1\load.csv, 共10行
2025-11-04 20:09:48,717 - src.ui.main_window - WARNING - 无法获取当前程序序列，使用默认目录
2025-11-04 20:09:48,718 - src.data.csv_processor - INFO - CSV文件读取为字典成功: config\master\prg1\load.csv, 共10行
2025-11-04 20:09:48,718 - src.ui.main_window - WARNING - 无法获取当前程序序列，使用默认目录
2025-11-04 20:09:48,719 - src.data.csv_processor - INFO - CSV文件读取为字典成功: config\master\prg1\load.csv, 共10行
2025-11-04 20:09:48,719 - src.ui.main_window - WARNING - 无法获取当前程序序列，使用默认目录
2025-11-04 20:09:48,719 - src.data.csv_processor - INFO - CSV文件读取为字典成功: config\master\prg1\load.csv, 共10行
2025-11-04 20:09:48,719 - src.ui.main_window - WARNING - 无法获取当前程序序列，使用默认目录
2025-11-04 20:09:48,719 - src.data.csv_processor - INFO - CSV文件读取为字典成功: config\master\prg1\load.csv, 共10行
2025-11-04 20:09:48,719 - src.ui.main_window - WARNING - 无法获取当前程序序列，使用默认目录
2025-11-04 20:09:48,719 - src.data.csv_processor - INFO - CSV文件读取为字典成功: config\master\prg1\load.csv, 共10行
2025-11-04 20:09:48,719 - src.ui.main_window - WARNING - 无法获取当前程序序列，使用默认目录
2025-11-04 20:09:48,719 - src.data.csv_processor - INFO - CSV文件读取为字典成功: config\master\prg1\load.csv, 共10行
2025-11-04 20:09:48,719 - src.ui.main_window - WARNING - 无法获取当前程序序列，使用默认目录
2025-11-04 20:09:48,719 - src.data.csv_processor - INFO - CSV文件读取为字典成功: config\master\prg1\load.csv, 共10行
2025-11-04 20:09:48,719 - src.ui.main_window - WARNING - 无法获取当前程序序列，使用默认目录
2025-11-04 20:09:48,719 - src.data.csv_processor - INFO - CSV文件读取为字典成功: config\master\prg1\load.csv, 共10行
2025-11-04 20:09:48,719 - src.ui.main_window - WARNING - 无法获取当前程序序列，使用默认目录
2025-11-04 20:09:48,719 - src.data.csv_processor - INFO - CSV文件读取为字典成功: config\master\prg1\load.csv, 共10行
2025-11-04 20:09:48,719 - src.ui.main_window - WARNING - 无法获取当前程序序列，使用默认目录
2025-11-04 20:09:48,719 - src.data.csv_processor - INFO - CSV文件读取为字典成功: config\master\prg1\load.csv, 共10行
2025-11-04 20:09:48,719 - src.ui.main_window - WARNING - 无法获取当前程序序列，使用默认目录
2025-11-04 20:09:48,724 - src.data.csv_processor - INFO - CSV文件读取为字典成功: config\master\prg1\load.csv, 共10行
2025-11-04 20:09:48,724 - src.ui.main_window - WARNING - 无法获取当前程序序列，使用默认目录
2025-11-04 20:09:48,724 - src.data.csv_processor - INFO - CSV文件读取为字典成功: config\master\prg1\load.csv, 共10行
2025-11-04 20:09:48,724 - src.ui.main_window - WARNING - 无法获取当前程序序列，使用默认目录
2025-11-04 20:09:48,725 - src.data.csv_processor - INFO - CSV文件读取为字典成功: config\master\prg1\load.csv, 共10行
2025-11-04 20:09:48,725 - src.ui.main_window - WARNING - 无法获取当前程序序列，使用默认目录
2025-11-04 20:09:48,725 - src.data.csv_processor - INFO - CSV文件读取为字典成功: config\master\prg1\load.csv, 共10行
2025-11-04 20:09:48,725 - src.ui.main_window - WARNING - 无法获取当前程序序列，使用默认目录
2025-11-04 20:09:48,725 - src.data.csv_processor - INFO - CSV文件读取为字典成功: config\master\prg1\load.csv, 共10行
2025-11-04 20:09:48,725 - src.ui.main_window - WARNING - 无法获取当前程序序列，使用默认目录
2025-11-04 20:09:48,727 - src.data.csv_processor - INFO - CSV文件读取为字典成功: config\master\prg1\load.csv, 共10行
2025-11-04 20:09:48,727 - src.ui.main_window - WARNING - 无法获取当前程序序列，使用默认目录
2025-11-04 20:09:48,727 - src.data.csv_processor - INFO - CSV文件读取为字典成功: config\master\prg1\load.csv, 共10行
2025-11-04 20:09:48,727 - src.ui.main_window - WARNING - 无法获取当前程序序列，使用默认目录
2025-11-04 20:09:48,727 - src.data.csv_processor - INFO - CSV文件读取为字典成功: config\master\prg1\load.csv, 共10行
2025-11-04 20:09:48,727 - src.ui.main_window - WARNING - 无法获取当前程序序列，使用默认目录
2025-11-04 20:09:48,728 - src.data.csv_processor - INFO - CSV文件读取为字典成功: config\master\prg1\load.csv, 共10行
2025-11-04 20:09:48,728 - src.ui.main_window - WARNING - 无法获取当前程序序列，使用默认目录
2025-11-04 20:09:48,729 - src.data.csv_processor - INFO - CSV文件读取为字典成功: config\master\prg1\load.csv, 共10行
2025-11-04 20:09:48,729 - src.ui.main_window - WARNING - 无法获取当前程序序列，使用默认目录
2025-11-04 20:09:48,729 - src.data.csv_processor - INFO - CSV文件读取为字典成功: config\master\prg1\load.csv, 共10行
2025-11-04 20:09:48,729 - src.ui.main_window - WARNING - 无法获取当前程序序列，使用默认目录
2025-11-04 20:09:48,729 - src.data.csv_processor - INFO - CSV文件读取为字典成功: config\master\prg1\load.csv, 共10行
2025-11-04 20:09:48,729 - src.ui.main_window - WARNING - 无法获取当前程序序列，使用默认目录
2025-11-04 20:09:48,729 - src.data.csv_processor - INFO - CSV文件读取为字典成功: config\master\prg1\load.csv, 共10行
2025-11-04 20:09:48,729 - src.ui.main_window - WARNING - 无法获取当前程序序列，使用默认目录
2025-11-04 20:09:48,729 - src.data.csv_processor - INFO - CSV文件读取为字典成功: config\master\prg1\load.csv, 共10行
2025-11-04 20:09:48,729 - src.ui.main_window - WARNING - 无法获取当前程序序列，使用默认目录
2025-11-04 20:09:48,729 - src.data.csv_processor - INFO - CSV文件读取为字典成功: config\master\prg1\load.csv, 共10行
2025-11-04 20:09:48,729 - src.ui.main_window - WARNING - 无法获取当前程序序列，使用默认目录
2025-11-04 20:09:48,729 - src.data.csv_processor - INFO - CSV文件读取为字典成功: config\master\prg1\load.csv, 共10行
2025-11-04 20:09:48,729 - src.ui.main_window - WARNING - 无法获取当前程序序列，使用默认目录
2025-11-04 20:09:48,729 - src.data.csv_processor - INFO - CSV文件读取为字典成功: config\master\prg1\load.csv, 共10行
2025-11-04 20:09:48,729 - src.ui.main_window - WARNING - 无法获取当前程序序列，使用默认目录
2025-11-04 20:09:48,729 - src.data.csv_processor - INFO - CSV文件读取为字典成功: config\master\prg1\load.csv, 共10行
2025-11-04 20:09:48,729 - src.ui.main_window - WARNING - 无法获取当前程序序列，使用默认目录
2025-11-04 20:09:48,733 - src.data.csv_processor - INFO - CSV文件读取为字典成功: config\master\prg1\load.csv, 共10行
2025-11-04 20:09:48,733 - src.ui.main_window - WARNING - 无法获取当前程序序列，使用默认目录
2025-11-04 20:09:48,734 - src.data.csv_processor - INFO - CSV文件读取为字典成功: config\master\prg1\load.csv, 共10行
2025-11-04 20:09:48,736 - src.data.csv_processor - INFO - CSV文件读取为字典成功: config\master\ini.csv, 共48行
2025-11-04 20:09:48,736 - src.data.csv_processor - INFO - CSV文件读取为字典成功: config\master\ini.csv, 共48行
2025-11-04 20:09:48,737 - src.data.csv_processor - INFO - CSV文件读取为字典成功: config\master\ini.csv, 共48行
2025-11-04 20:09:48,737 - src.data.csv_processor - INFO - CSV文件读取为字典成功: config\master\ini.csv, 共48行
2025-11-04 20:09:48,739 - src.data.csv_processor - INFO - CSV文件读取为字典成功: config\master\ini.csv, 共48行
2025-11-04 20:09:48,739 - src.data.csv_processor - INFO - CSV文件读取为字典成功: config\master\ini.csv, 共48行
2025-11-04 20:09:48,740 - src.data.csv_processor - INFO - CSV文件读取为字典成功: config\master\ini.csv, 共48行
2025-11-04 20:09:48,741 - src.data.csv_processor - INFO - CSV文件读取为字典成功: config\master\ini.csv, 共48行
2025-11-04 20:09:48,752 - src.ui.main_window - INFO - 计算结果显示:
2025-11-04 20:09:48,752 - src.ui.main_window - INFO - # = ========================================
2025-11-04 20:09:48,752 - src.ui.main_window - INFO - # = ========================================
2025-11-04 20:09:48,752 - src.ui.main_window - INFO - 1 = 
2025-11-04 20:09:48,752 - src.ui.main_window - INFO - 2 = 
2025-11-04 20:09:48,752 - src.ui.main_window - INFO - 3 = 
2025-11-04 20:09:48,752 - src.ui.main_window - INFO - 4 = 
2025-11-04 20:09:48,752 - src.ui.main_window - INFO - 5 = 
2025-11-04 20:09:48,752 - src.ui.main_window - INFO - 6 = 
2025-11-04 20:09:48,752 - src.ui.main_window - INFO - 7 = 
2025-11-04 20:09:48,752 - src.ui.main_window - INFO - 8 = 
2025-11-04 20:09:48,752 - src.ui.main_window - INFO - 9 = 
2025-11-04 20:09:48,752 - src.ui.main_window - INFO - 10 = 
2025-11-04 20:09:48,752 - src.ui.main_window - INFO - 11 = defineBTC
2025-11-04 20:09:48,752 - src.ui.main_window - INFO - 12 = defineTL
2025-11-04 20:09:48,752 - src.ui.main_window - INFO - 500 = 
2025-11-04 20:09:48,752 - src.ui.main_window - INFO - 501 = 1.00
2025-11-04 20:09:48,752 - src.ui.main_window - INFO - 502 = 1.00
2025-11-04 20:09:48,752 - src.ui.main_window - INFO - 503 = 关系1
2025-11-04 20:09:48,752 - src.ui.main_window - INFO - 504 = 关系1
2025-11-04 20:09:48,752 - src.ui.main_window - INFO - 505 = 
2025-11-04 20:09:48,752 - src.ui.main_window - INFO - 506 = 0.00
2025-11-04 20:09:48,752 - src.ui.main_window - INFO - 507 = 
2025-11-04 20:09:48,752 - src.ui.main_window - INFO - 508 = 选项1
2025-11-04 20:09:48,752 - src.ui.main_window - INFO - 509 = 关系1
2025-11-04 20:09:48,759 - src.ui.main_window - INFO - 510 = 关系1
2025-11-04 20:09:48,759 - src.ui.main_window - INFO - 511 = 10.19
2025-11-04 20:09:48,759 - src.ui.main_window - INFO - 512 = 9.68
2025-11-04 20:09:48,759 - src.ui.main_window - INFO - 513 = 关系1
2025-11-04 20:09:48,759 - src.ui.main_window - INFO - 514 = 
2025-11-04 20:09:48,759 - src.ui.main_window - INFO - 515 = 
2025-11-04 20:09:48,759 - src.ui.main_window - INFO - 516 = 关系1
2025-11-04 20:09:48,759 - src.ui.main_window - INFO - 517 = 
2025-11-04 20:09:48,759 - src.ui.main_window - INFO - 518 = 
2025-11-04 20:09:48,760 - src.ui.main_window - INFO - 519 = 7.00
2025-11-04 20:09:48,760 - src.ui.main_window - INFO - 520 = 
2025-11-04 20:09:48,760 - src.ui.main_window - INFO - 521 = 
2025-11-04 20:09:48,760 - src.ui.main_window - INFO - 522 = 关系1
2025-11-04 20:09:48,760 - src.ui.main_window - INFO - 523 = 
2025-11-04 20:09:48,760 - src.ui.main_window - INFO - 524 = 
2025-11-04 20:09:48,760 - src.ui.main_window - INFO - 525 = 
2025-11-04 20:09:48,760 - src.ui.main_window - INFO - 526 = 
2025-11-04 20:09:48,760 - src.ui.main_window - INFO - 527 = 
2025-11-04 20:09:48,760 - src.ui.main_window - INFO - 528 = 关系1
2025-11-04 20:09:48,761 - src.ui.main_window - INFO - 529 = 
2025-11-04 20:09:48,761 - src.ui.main_window - INFO - 530 = 
2025-11-04 20:09:48,761 - src.ui.main_window - INFO - 531 = 
2025-11-04 20:09:48,761 - src.ui.main_window - INFO - 532 = 
2025-11-04 20:09:48,761 - src.ui.main_window - INFO - 533 = 
2025-11-04 20:09:48,761 - src.ui.main_window - INFO - 534 = 
2025-11-04 20:09:48,761 - src.ui.main_window - INFO - 535 = 
2025-11-04 20:09:48,761 - src.ui.main_window - INFO - 536 = 
2025-11-04 20:09:48,761 - src.ui.main_window - INFO - 537 = 
2025-11-04 20:09:48,762 - src.ui.main_window - INFO - 538 = 
2025-11-04 20:09:48,762 - src.ui.main_window - INFO - 539 = 
2025-11-04 20:09:48,762 - src.ui.main_window - INFO - 540 = 
2025-11-04 20:09:48,762 - src.ui.main_window - INFO - 541 = 
2025-11-04 20:09:48,762 - src.ui.main_window - INFO - 542 = 
2025-11-04 20:09:48,762 - src.ui.main_window - INFO - 543 = 
2025-11-04 20:09:48,762 - src.ui.main_window - INFO - 544 = 
2025-11-04 20:09:48,762 - src.ui.main_window - INFO - 545 = 关系1
2025-11-04 20:09:48,762 - src.ui.main_window - INFO - 546 = 关系1
2025-11-04 20:09:48,762 - src.ui.main_window - INFO - 547 = 关系1
2025-11-04 20:09:48,762 - src.ui.main_window - INFO - 548 = 
2025-11-04 20:09:48,762 - src.ui.main_window - INFO - 549 = 
2025-11-04 20:09:48,762 - src.ui.main_window - INFO - 550 = 
2025-11-04 20:09:48,762 - src.ui.main_window - INFO - 602 = 0
2025-11-04 20:09:48,762 - src.ui.main_window - INFO - 603 = 0.00
2025-11-04 20:09:48,762 - src.ui.main_window - INFO - 605 = relationYSTA
2025-11-04 20:22:52,312 - src.communication.named_pipe - WARNING - 命名管道服务器未在运行
2025-11-04 20:22:52,312 - src.data.file_manager - INFO - 所有文件已关闭
2025-11-04 20:51:59,082 - DNCSystem - INFO - DNC Python 系统启动
2025-11-04 20:51:59,105 - src.data.csv_processor - INFO - CSV文件读取为字典成功: config\master\ini.csv, 共48行
2025-11-04 20:51:59,105 - src.core.config - INFO - 加载ini.csv配置: 48行
2025-11-04 20:51:59,105 - src.core.config - INFO - 处理配置项: DEFINE=TB_modelTextStringSize, VALUE=26
2025-11-04 20:51:59,105 - src.core.config - INFO - 处理配置项: DEFINE=TextStringSize, VALUE=24
2025-11-04 20:51:59,105 - src.core.config - INFO - 处理配置项: DEFINE=LabelStringSize, VALUE=16
2025-11-04 20:51:59,105 - src.core.config - INFO - 处理配置项: DEFINE=ButtnStringSize, VALUE=20
2025-11-04 20:51:59,107 - src.core.config - INFO - 处理配置项: DEFINE=TxtBorderStyle, VALUE=0
2025-11-04 20:51:59,107 - src.core.config - INFO - 处理配置项: DEFINE=DrawingFlg, VALUE=0
2025-11-04 20:51:59,107 - src.core.config - INFO - 处理配置项: DEFINE=DrawingBorderStype, VALUE=1
2025-11-04 20:51:59,107 - src.core.config - INFO - 处理配置项: DEFINE=DrawingWidth, VALUE=480
2025-11-04 20:51:59,107 - src.core.config - INFO - 处理配置项: DEFINE=DrawingHeight, VALUE=430
2025-11-04 20:51:59,107 - src.core.config - INFO - 处理配置项: DEFINE=WaitTime_AfterSend, VALUE=3
2025-11-04 20:51:59,107 - src.core.config - INFO - 处理配置项: DEFINE=WaitTime_TB_Focus, VALUE=1000
2025-11-04 20:51:59,108 - src.core.config - INFO - 处理配置项: DEFINE=TextMaxInputNum, VALUE=4
2025-11-04 20:51:59,108 - src.core.config - INFO - 处理配置项: DEFINE=BarCodeHeaderStrNum, VALUE=11
2025-11-04 20:51:59,108 - src.core.config - INFO - 设置条码头长度: 11
2025-11-04 20:51:59,108 - src.core.config - INFO - 处理配置项: DEFINE=onofftxt, VALUE=C:\macro\onoff.txt
2025-11-04 20:51:59,108 - src.core.config - INFO - 处理配置项: DEFINE=macrotxt, VALUE=C:\macro\macro.txt
2025-11-04 20:51:59,108 - src.core.config - INFO - 处理配置项: DEFINE=Btn_ChngPrm_text, VALUE=壛岺曽岦
2025-11-04 20:51:59,108 - src.core.config - INFO - 处理配置项: DEFINE=Btn_keyboard_text, VALUE=KeyBoard
2025-11-04 20:51:59,109 - src.core.config - INFO - 处理配置项: DEFINE=Btn_send_text, VALUE=
2025-11-04 20:51:59,109 - src.core.config - INFO - 处理配置项: DEFINE=TB_alart_text_machineON, VALUE=
2025-11-04 20:51:59,109 - src.core.config - INFO - 处理配置项: DEFINE=TB_alart_text_send, VALUE=
2025-11-04 20:51:59,109 - src.core.config - INFO - 处理配置项: DEFINE=MeasureValueLength, VALUE=4
2025-11-04 20:51:59,109 - src.core.config - INFO - 处理配置项: DEFINE=MeasureTextColor, VALUE=blue
2025-11-04 20:51:59,109 - src.core.config - INFO - 处理配置项: DEFINE=AutoSendFlg, VALUE=0
2025-11-04 20:51:59,109 - src.core.config - INFO - 处理配置项: DEFINE=Btn_add_text, VALUE=楢懕擖椡
2025-11-04 20:51:59,109 - src.core.config - INFO - 处理配置项: DEFINE=POInfoRecordFlg, VALUE=1
2025-11-04 20:51:59,109 - src.core.config - INFO - 处理配置项: DEFINE=POReadFlg, VALUE=0
2025-11-04 20:51:59,109 - src.core.config - INFO - 处理配置项: DEFINE=POAddress, VALUE=C:\macro\CCC.csv
2025-11-04 20:51:59,109 - src.core.config - INFO - 处理配置项: DEFINE=WorkInfoRecordFlg, VALUE=0
2025-11-04 20:51:59,110 - src.core.config - INFO - 处理配置项: DEFINE=Btn_chgOperator_text, VALUE=嶌嬈幰曄峏
2025-11-04 20:51:59,110 - src.core.config - INFO - 处理配置项: DEFINE=MachineID, VALUE=
2025-11-04 20:51:59,110 - src.core.config - INFO - 处理配置项: DEFINE=PRO_STATUS_CD, VALUE=
2025-11-04 20:51:59,110 - src.core.config - INFO - 处理配置项: DEFINE=PRO_S_STATUS_CD, VALUE=
2025-11-04 20:51:59,110 - src.core.config - INFO - 处理配置项: DEFINE=SendFileFormat, VALUE=1
2025-11-04 20:51:59,110 - src.core.config - INFO - 处理配置项: DEFINE=ScreenSizeRatio, VALUE=83
2025-11-04 20:51:59,111 - src.core.config - INFO - 处理配置项: DEFINE=commandtxt, VALUE=C:\macro\command.txt
2025-11-04 20:51:59,111 - src.core.config - INFO - 处理配置项: DEFINE=TopMacro, VALUE=500
2025-11-04 20:51:59,111 - src.core.config - INFO - 处理配置项: DEFINE=EndMacro, VALUE=600
2025-11-04 20:51:59,111 - src.core.config - INFO - 处理配置项: DEFINE=SmacroBrother, VALUE=C:\SBrotherNcSys\SBrotherNcSys.exe
2025-11-04 20:51:59,111 - src.core.config - INFO - 处理配置项: DEFINE=QRmode, VALUE=1
2025-11-04 20:51:59,111 - src.core.config - INFO - 设置QR模式: 1
2025-11-04 20:51:59,111 - src.core.config - INFO - 处理配置项: DEFINE=POplc, VALUE=1
2025-11-04 20:51:59,111 - src.core.config - INFO - 设置PO位置: 1
2025-11-04 20:51:59,111 - src.core.config - INFO - 处理配置项: DEFINE=MODELplc, VALUE=2
2025-11-04 20:51:59,111 - src.core.config - INFO - 设置型号位置: 2
2025-11-04 20:51:59,111 - src.core.config - INFO - 处理配置项: DEFINE=QTYplc, VALUE=3
2025-11-04 20:51:59,113 - src.core.config - INFO - 设置数量位置: 3
2025-11-04 20:51:59,113 - src.core.config - INFO - 处理配置项: DEFINE=QRspltStr, VALUE=@
2025-11-04 20:51:59,113 - src.core.config - INFO - 设置QR分隔符: @
2025-11-04 20:51:59,113 - src.core.config - INFO - 处理配置项: DEFINE=PrgAutoChangeFlg, VALUE=0
2025-11-04 20:51:59,113 - src.core.config - INFO - 处理配置项: DEFINE=MonitoringFolder, VALUE=
2025-11-04 20:51:59,113 - src.core.config - INFO - 处理配置项: DEFINE=DLWaitTime, VALUE=5000
2025-11-04 20:51:59,113 - src.core.config - INFO - 处理配置项: DEFINE=DecimalPlace, VALUE=2
2025-11-04 20:51:59,113 - src.core.config - INFO - 设置小数位数: 2
2025-11-04 20:51:59,113 - src.core.config - INFO - 处理配置项: DEFINE=UseFixedFilename, VALUE=0
2025-11-04 20:51:59,113 - src.core.config - INFO - 最终QR配置: qr_mode=1, model_place=2, split_str='@'
2025-11-04 20:51:59,113 - src.core.config - INFO - 配置加载成功
2025-11-04 20:51:59,115 - src.data.csv_processor - INFO - CSV文件读取为字典成功: config\master\ini.csv, 共48行
2025-11-04 20:51:59,116 - src.data.csv_processor - INFO - CSV文件读取为字典成功: config\master\ini.csv, 共48行
2025-11-04 20:51:59,116 - src.data.csv_processor - INFO - CSV文件读取为字典成功: config\master\header.csv, 共5行
2025-11-04 20:51:59,116 - src.data.csv_processor - INFO - CSV文件读取为字典成功: config\master\type_define.csv, 共9行
2025-11-04 20:51:59,117 - src.data.csv_processor - INFO - CSV文件读取为字典成功: config\master\type_relation.csv, 共0行
2025-11-04 20:51:59,117 - src.data.csv_processor - INFO - CSV文件读取为字典成功: config\master\type_chngvl.csv, 共0行
2025-11-04 20:51:59,119 - src.data.csv_processor - INFO - CSV文件读取为字典成功: config\master\type_prg.csv, 共9行
2025-11-04 20:51:59,120 - src.data.csv_processor - INFO - CSV文件读取为字典成功: config\master\prg.csv, 共2行
2025-11-04 20:51:59,120 - src.data.csv_processor - WARNING - CSV文件不存在: config\master\cntrl.csv
2025-11-04 20:51:59,121 - src.data.csv_processor - WARNING - CSV文件不存在: config\master\load.csv
2025-11-04 20:51:59,121 - src.data.csv_processor - WARNING - CSV文件不存在: config\master\input.csv
2025-11-04 20:51:59,122 - src.data.csv_processor - WARNING - CSV文件不存在: config\master\correct.csv
2025-11-04 20:51:59,122 - src.data.csv_processor - WARNING - CSV文件不存在: config\master\measure.csv
2025-11-04 20:51:59,123 - src.data.csv_processor - WARNING - CSV文件不存在: config\master\select.csv
2025-11-04 20:51:59,123 - src.data.csv_processor - WARNING - CSV文件不存在: config\master\switch.csv
2025-11-04 20:51:59,124 - src.data.csv_processor - WARNING - CSV文件不存在: config\master\relation.csv
2025-11-04 20:51:59,125 - src.data.csv_processor - WARNING - CSV文件不存在: config\master\add.csv
2025-11-04 20:51:59,125 - src.data.csv_processor - WARNING - CSV文件不存在: config\master\changePRG.csv
2025-11-04 20:51:59,126 - src.data.csv_processor - WARNING - CSV文件不存在: config\master\selectPRG.csv
2025-11-04 20:51:59,131 - src.data.csv_processor - INFO - CSV文件读取为字典成功: config\master\type_define.csv, 共9行
2025-11-04 20:51:59,131 - src.data.csv_processor - INFO - CSV文件读取为字典成功: config\master\type_relation.csv, 共0行
2025-11-04 20:51:59,132 - src.data.csv_processor - INFO - CSV文件读取为字典成功: config\master\type_chngvl.csv, 共0行
2025-11-04 20:51:59,152 - src.data.csv_processor - WARNING - CSV文件不存在: config\master\relation.csv
2025-11-04 20:51:59,155 - DNCSystem - INFO - DNC Python 系统初始化成功
2025-11-04 20:52:00,311 - src.ui.main_window - WARNING - 无法获取当前程序序列，使用默认目录
2025-11-04 20:52:00,345 - src.ui.main_window - INFO - 宏文件生成器初始化成功
2025-11-04 20:52:00,714 - src.communication.protocol_factory - WARNING - 创建协议实例但连接失败: rexroth
2025-11-04 20:52:38,616 - src.ui.main_window - INFO - 参数已更新: {'basic': {'workpiece_name': '', 'workpiece_id': '', 'process_type': '铣削', 'precision': '普通'}, 'geometry': {'length': 0.0, 'width': 0.0, 'height': 0.0, 'diameter': 0.0, 'angle': 0.0}, 'process': {'spindle_speed': 0.0, 'feed_rate': 0.0, 'cut_depth': 0.0, 'cut_width': 0.0}, 'material': {'material_type': '碳钢', 'material_hardness': '软', 'material_strength': 0.0}, 'model': {'model_type': '自动识别', 'model_description': '123@GPA20GT15040_A-H8@3', 'current_model': None}}
2025-11-04 20:52:38,630 - src.data.csv_processor - INFO - CSV文件读取为字典成功: config\master\header.csv, 共5行
2025-11-04 20:52:38,631 - src.ui.main_window - INFO - 型号识别完成: {'model': 'GPA20GT15040_A-H8', 'qr_code': '123@GPA20GT15040_A-H8@3', 'po': '123', 'quantity': '3', 'recognition_mode': 'QR', 'confidence': 1.0, 'error_message': None}
2025-11-04 20:52:44,273 - src.ui.main_window - INFO - 转让按钮点击，参数: {'#1': '', '#2': '', '#3': '', '#4': '', '#5': '', '#6': '', '#7': '', '#8': '', '#9': '', '#10': '', '#11': 'defineBTC', '#12': 'defineTL', '#500': '', '#501': '1', '#502': '1', '#503': '关系1', '#504': '关系1', '#505': '', '#506': '', '#507': '', '#508': '选项1', '#509': '关系1', '#510': '关系1', '#511': '10.19', '#512': '9.68', '#513': '关系1', '#514': '', '#515': '', '#516': '关系1', '#517': '', '#518': '', '#519': '7', '#520': '', '#521': '', '#522': '关系1', '#523': '', '#524': '', '#525': '', '#526': '', '#527': '', '#528': '关系1', '#529': '', '#530': '', '#531': '', '#532': '', '#533': '', '#534': '', '#535': '', '#536': '', '#537': '', '#538': '', '#539': '', '#540': '', '#541': '', '#542': '', '#543': '', '#544': '', '#545': '关系1', '#546': '关系1', '#547': '关系1', '#548': '', '#549': '', '#550': '', '#602': False, '#603': '0', '#605': 'relationYSTA'}
2025-11-04 20:52:44,273 - src.ui.main_window - WARNING - 无法获取当前程序序列，使用默认目录
2025-11-04 20:52:44,273 - src.data.csv_processor - INFO - CSV文件读取为字典成功: config\master\prg1\load.csv, 共10行
2025-11-04 20:52:44,273 - src.ui.main_window - WARNING - 无法获取当前程序序列，使用默认目录
2025-11-04 20:52:44,273 - src.data.csv_processor - INFO - CSV文件读取为字典成功: config\master\prg1\load.csv, 共10行
2025-11-04 20:52:44,273 - src.ui.main_window - WARNING - 无法获取当前程序序列，使用默认目录
2025-11-04 20:52:44,273 - src.data.csv_processor - INFO - CSV文件读取为字典成功: config\master\prg1\load.csv, 共10行
2025-11-04 20:52:44,273 - src.ui.main_window - WARNING - 无法获取当前程序序列，使用默认目录
2025-11-04 20:52:44,273 - src.data.csv_processor - INFO - CSV文件读取为字典成功: config\master\prg1\load.csv, 共10行
2025-11-04 20:52:44,289 - src.ui.main_window - WARNING - 无法获取当前程序序列，使用默认目录
2025-11-04 20:52:44,289 - src.data.csv_processor - INFO - CSV文件读取为字典成功: config\master\prg1\load.csv, 共10行
2025-11-04 20:52:44,289 - src.ui.main_window - WARNING - 无法获取当前程序序列，使用默认目录
2025-11-04 20:52:44,289 - src.data.csv_processor - INFO - CSV文件读取为字典成功: config\master\prg1\load.csv, 共10行
2025-11-04 20:52:44,291 - src.ui.main_window - WARNING - 无法获取当前程序序列，使用默认目录
2025-11-04 20:52:44,291 - src.data.csv_processor - INFO - CSV文件读取为字典成功: config\master\prg1\load.csv, 共10行
2025-11-04 20:52:44,292 - src.ui.main_window - WARNING - 无法获取当前程序序列，使用默认目录
2025-11-04 20:52:44,292 - src.data.csv_processor - INFO - CSV文件读取为字典成功: config\master\prg1\load.csv, 共10行
2025-11-04 20:52:44,292 - src.ui.main_window - WARNING - 无法获取当前程序序列，使用默认目录
2025-11-04 20:52:44,293 - src.data.csv_processor - INFO - CSV文件读取为字典成功: config\master\prg1\load.csv, 共10行
2025-11-04 20:52:44,293 - src.ui.main_window - WARNING - 无法获取当前程序序列，使用默认目录
2025-11-04 20:52:44,295 - src.data.csv_processor - INFO - CSV文件读取为字典成功: config\master\prg1\load.csv, 共10行
2025-11-04 20:52:44,295 - src.ui.main_window - WARNING - 无法获取当前程序序列，使用默认目录
2025-11-04 20:52:44,295 - src.data.csv_processor - INFO - CSV文件读取为字典成功: config\master\prg1\load.csv, 共10行
2025-11-04 20:52:44,295 - src.ui.main_window - WARNING - 无法获取当前程序序列，使用默认目录
2025-11-04 20:52:44,295 - src.data.csv_processor - INFO - CSV文件读取为字典成功: config\master\prg1\load.csv, 共10行
2025-11-04 20:52:44,297 - src.ui.main_window - WARNING - 无法获取当前程序序列，使用默认目录
2025-11-04 20:52:44,297 - src.data.csv_processor - INFO - CSV文件读取为字典成功: config\master\prg1\load.csv, 共10行
2025-11-04 20:52:44,297 - src.ui.main_window - WARNING - 无法获取当前程序序列，使用默认目录
2025-11-04 20:52:44,297 - src.data.csv_processor - INFO - CSV文件读取为字典成功: config\master\prg1\load.csv, 共10行
2025-11-04 20:52:44,297 - src.ui.main_window - WARNING - 无法获取当前程序序列，使用默认目录
2025-11-04 20:52:44,297 - src.data.csv_processor - INFO - CSV文件读取为字典成功: config\master\prg1\load.csv, 共10行
2025-11-04 20:52:44,297 - src.ui.main_window - WARNING - 无法获取当前程序序列，使用默认目录
2025-11-04 20:52:44,297 - src.data.csv_processor - INFO - CSV文件读取为字典成功: config\master\prg1\load.csv, 共10行
2025-11-04 20:52:44,297 - src.ui.main_window - WARNING - 无法获取当前程序序列，使用默认目录
2025-11-04 20:52:44,297 - src.data.csv_processor - INFO - CSV文件读取为字典成功: config\master\prg1\load.csv, 共10行
2025-11-04 20:52:44,297 - src.ui.main_window - WARNING - 无法获取当前程序序列，使用默认目录
2025-11-04 20:52:44,297 - src.data.csv_processor - INFO - CSV文件读取为字典成功: config\master\prg1\load.csv, 共10行
2025-11-04 20:52:44,297 - src.ui.main_window - WARNING - 无法获取当前程序序列，使用默认目录
2025-11-04 20:52:44,302 - src.data.csv_processor - INFO - CSV文件读取为字典成功: config\master\prg1\load.csv, 共10行
2025-11-04 20:52:44,302 - src.ui.main_window - WARNING - 无法获取当前程序序列，使用默认目录
2025-11-04 20:52:44,303 - src.data.csv_processor - INFO - CSV文件读取为字典成功: config\master\prg1\load.csv, 共10行
2025-11-04 20:52:44,303 - src.ui.main_window - WARNING - 无法获取当前程序序列，使用默认目录
2025-11-04 20:52:44,303 - src.data.csv_processor - INFO - CSV文件读取为字典成功: config\master\prg1\load.csv, 共10行
2025-11-04 20:52:44,304 - src.ui.main_window - WARNING - 无法获取当前程序序列，使用默认目录
2025-11-04 20:52:44,305 - src.data.csv_processor - INFO - CSV文件读取为字典成功: config\master\prg1\load.csv, 共10行
2025-11-04 20:52:44,305 - src.ui.main_window - WARNING - 无法获取当前程序序列，使用默认目录
2025-11-04 20:52:44,305 - src.data.csv_processor - INFO - CSV文件读取为字典成功: config\master\prg1\load.csv, 共10行
2025-11-04 20:52:44,305 - src.ui.main_window - WARNING - 无法获取当前程序序列，使用默认目录
2025-11-04 20:52:44,306 - src.data.csv_processor - INFO - CSV文件读取为字典成功: config\master\prg1\load.csv, 共10行
2025-11-04 20:52:44,306 - src.ui.main_window - WARNING - 无法获取当前程序序列，使用默认目录
2025-11-04 20:52:44,307 - src.data.csv_processor - INFO - CSV文件读取为字典成功: config\master\prg1\load.csv, 共10行
2025-11-04 20:52:44,307 - src.ui.main_window - WARNING - 无法获取当前程序序列，使用默认目录
2025-11-04 20:52:44,307 - src.data.csv_processor - INFO - CSV文件读取为字典成功: config\master\prg1\load.csv, 共10行
2025-11-04 20:52:44,308 - src.ui.main_window - WARNING - 无法获取当前程序序列，使用默认目录
2025-11-04 20:52:44,308 - src.data.csv_processor - INFO - CSV文件读取为字典成功: config\master\prg1\load.csv, 共10行
2025-11-04 20:52:44,308 - src.ui.main_window - WARNING - 无法获取当前程序序列，使用默认目录
2025-11-04 20:52:44,309 - src.data.csv_processor - INFO - CSV文件读取为字典成功: config\master\prg1\load.csv, 共10行
2025-11-04 20:52:44,309 - src.ui.main_window - WARNING - 无法获取当前程序序列，使用默认目录
2025-11-04 20:52:44,309 - src.data.csv_processor - INFO - CSV文件读取为字典成功: config\master\prg1\load.csv, 共10行
2025-11-04 20:52:44,309 - src.ui.main_window - WARNING - 无法获取当前程序序列，使用默认目录
2025-11-04 20:52:44,309 - src.data.csv_processor - INFO - CSV文件读取为字典成功: config\master\prg1\load.csv, 共10行
2025-11-04 20:52:44,309 - src.ui.main_window - WARNING - 无法获取当前程序序列，使用默认目录
2025-11-04 20:52:44,309 - src.data.csv_processor - INFO - CSV文件读取为字典成功: config\master\prg1\load.csv, 共10行
2025-11-04 20:52:44,309 - src.ui.main_window - WARNING - 无法获取当前程序序列，使用默认目录
2025-11-04 20:52:44,309 - src.data.csv_processor - INFO - CSV文件读取为字典成功: config\master\prg1\load.csv, 共10行
2025-11-04 20:52:44,309 - src.ui.main_window - WARNING - 无法获取当前程序序列，使用默认目录
2025-11-04 20:52:44,309 - src.data.csv_processor - INFO - CSV文件读取为字典成功: config\master\prg1\load.csv, 共10行
2025-11-04 20:52:44,313 - src.ui.main_window - WARNING - 无法获取当前程序序列，使用默认目录
2025-11-04 20:52:44,313 - src.data.csv_processor - INFO - CSV文件读取为字典成功: config\master\prg1\load.csv, 共10行
2025-11-04 20:52:44,313 - src.ui.main_window - WARNING - 无法获取当前程序序列，使用默认目录
2025-11-04 20:52:44,314 - src.data.csv_processor - INFO - CSV文件读取为字典成功: config\master\prg1\load.csv, 共10行
2025-11-04 20:52:44,314 - src.ui.main_window - WARNING - 无法获取当前程序序列，使用默认目录
2025-11-04 20:52:44,314 - src.data.csv_processor - INFO - CSV文件读取为字典成功: config\master\prg1\load.csv, 共10行
2025-11-04 20:52:44,315 - src.ui.main_window - WARNING - 无法获取当前程序序列，使用默认目录
2025-11-04 20:52:44,315 - src.data.csv_processor - INFO - CSV文件读取为字典成功: config\master\prg1\load.csv, 共10行
2025-11-04 20:52:44,315 - src.ui.main_window - WARNING - 无法获取当前程序序列，使用默认目录
2025-11-04 20:52:44,315 - src.data.csv_processor - INFO - CSV文件读取为字典成功: config\master\prg1\load.csv, 共10行
2025-11-04 20:52:44,316 - src.ui.main_window - WARNING - 无法获取当前程序序列，使用默认目录
2025-11-04 20:52:44,316 - src.data.csv_processor - INFO - CSV文件读取为字典成功: config\master\prg1\load.csv, 共10行
2025-11-04 20:52:44,316 - src.ui.main_window - WARNING - 无法获取当前程序序列，使用默认目录
2025-11-04 20:52:44,317 - src.data.csv_processor - INFO - CSV文件读取为字典成功: config\master\prg1\load.csv, 共10行
2025-11-04 20:52:44,317 - src.ui.main_window - WARNING - 无法获取当前程序序列，使用默认目录
2025-11-04 20:52:44,317 - src.data.csv_processor - INFO - CSV文件读取为字典成功: config\master\prg1\load.csv, 共10行
2025-11-04 20:52:44,317 - src.ui.main_window - WARNING - 无法获取当前程序序列，使用默认目录
2025-11-04 20:52:44,317 - src.data.csv_processor - INFO - CSV文件读取为字典成功: config\master\prg1\load.csv, 共10行
2025-11-04 20:52:44,317 - src.ui.main_window - WARNING - 无法获取当前程序序列，使用默认目录
2025-11-04 20:52:44,317 - src.data.csv_processor - INFO - CSV文件读取为字典成功: config\master\prg1\load.csv, 共10行
2025-11-04 20:52:44,317 - src.ui.main_window - WARNING - 无法获取当前程序序列，使用默认目录
2025-11-04 20:52:44,317 - src.data.csv_processor - INFO - CSV文件读取为字典成功: config\master\prg1\load.csv, 共10行
2025-11-04 20:52:44,317 - src.ui.main_window - WARNING - 无法获取当前程序序列，使用默认目录
2025-11-04 20:52:44,317 - src.data.csv_processor - INFO - CSV文件读取为字典成功: config\master\prg1\load.csv, 共10行
2025-11-04 20:52:44,317 - src.ui.main_window - WARNING - 无法获取当前程序序列，使用默认目录
2025-11-04 20:52:44,317 - src.data.csv_processor - INFO - CSV文件读取为字典成功: config\master\prg1\load.csv, 共10行
2025-11-04 20:52:44,317 - src.ui.main_window - WARNING - 无法获取当前程序序列，使用默认目录
2025-11-04 20:52:44,317 - src.data.csv_processor - INFO - CSV文件读取为字典成功: config\master\prg1\load.csv, 共10行
2025-11-04 20:52:44,317 - src.ui.main_window - WARNING - 无法获取当前程序序列，使用默认目录
2025-11-04 20:52:44,317 - src.data.csv_processor - INFO - CSV文件读取为字典成功: config\master\prg1\load.csv, 共10行
2025-11-04 20:52:44,317 - src.ui.main_window - WARNING - 无法获取当前程序序列，使用默认目录
2025-11-04 20:52:44,317 - src.data.csv_processor - INFO - CSV文件读取为字典成功: config\master\prg1\load.csv, 共10行
2025-11-04 20:52:44,317 - src.ui.main_window - WARNING - 无法获取当前程序序列，使用默认目录
2025-11-04 20:52:44,317 - src.data.csv_processor - INFO - CSV文件读取为字典成功: config\master\prg1\load.csv, 共10行
2025-11-04 20:52:44,317 - src.ui.main_window - WARNING - 无法获取当前程序序列，使用默认目录
2025-11-04 20:52:44,317 - src.data.csv_processor - INFO - CSV文件读取为字典成功: config\master\prg1\load.csv, 共10行
2025-11-04 20:52:44,317 - src.ui.main_window - WARNING - 无法获取当前程序序列，使用默认目录
2025-11-04 20:52:44,317 - src.data.csv_processor - INFO - CSV文件读取为字典成功: config\master\prg1\load.csv, 共10行
2025-11-04 20:52:44,323 - src.ui.main_window - WARNING - 无法获取当前程序序列，使用默认目录
2025-11-04 20:52:44,323 - src.data.csv_processor - INFO - CSV文件读取为字典成功: config\master\prg1\load.csv, 共10行
2025-11-04 20:52:44,323 - src.ui.main_window - WARNING - 无法获取当前程序序列，使用默认目录
2025-11-04 20:52:44,324 - src.data.csv_processor - INFO - CSV文件读取为字典成功: config\master\prg1\load.csv, 共10行
2025-11-04 20:52:44,324 - src.ui.main_window - WARNING - 无法获取当前程序序列，使用默认目录
2025-11-04 20:52:44,324 - src.data.csv_processor - INFO - CSV文件读取为字典成功: config\master\prg1\load.csv, 共10行
2025-11-04 20:52:44,324 - src.ui.main_window - WARNING - 无法获取当前程序序列，使用默认目录
2025-11-04 20:52:44,325 - src.data.csv_processor - INFO - CSV文件读取为字典成功: config\master\prg1\load.csv, 共10行
2025-11-04 20:52:44,325 - src.ui.main_window - WARNING - 无法获取当前程序序列，使用默认目录
2025-11-04 20:52:44,325 - src.data.csv_processor - INFO - CSV文件读取为字典成功: config\master\prg1\load.csv, 共10行
2025-11-04 20:52:44,325 - src.ui.main_window - WARNING - 无法获取当前程序序列，使用默认目录
2025-11-04 20:52:44,326 - src.data.csv_processor - INFO - CSV文件读取为字典成功: config\master\prg1\load.csv, 共10行
2025-11-04 20:52:44,326 - src.ui.main_window - WARNING - 无法获取当前程序序列，使用默认目录
2025-11-04 20:52:44,326 - src.data.csv_processor - INFO - CSV文件读取为字典成功: config\master\prg1\load.csv, 共10行
2025-11-04 20:52:44,326 - src.ui.main_window - WARNING - 无法获取当前程序序列，使用默认目录
2025-11-04 20:52:44,326 - src.data.csv_processor - INFO - CSV文件读取为字典成功: config\master\prg1\load.csv, 共10行
2025-11-04 20:52:44,326 - src.ui.main_window - WARNING - 无法获取当前程序序列，使用默认目录
2025-11-04 20:52:44,326 - src.data.csv_processor - INFO - CSV文件读取为字典成功: config\master\prg1\load.csv, 共10行
2025-11-04 20:52:44,326 - src.ui.main_window - WARNING - 无法获取当前程序序列，使用默认目录
2025-11-04 20:52:44,326 - src.data.csv_processor - INFO - CSV文件读取为字典成功: config\master\prg1\load.csv, 共10行
2025-11-04 20:52:44,326 - src.ui.main_window - WARNING - 无法获取当前程序序列，使用默认目录
2025-11-04 20:52:44,326 - src.data.csv_processor - INFO - CSV文件读取为字典成功: config\master\prg1\load.csv, 共10行
2025-11-04 20:52:44,326 - src.ui.main_window - WARNING - 无法获取当前程序序列，使用默认目录
2025-11-04 20:52:44,326 - src.data.csv_processor - INFO - CSV文件读取为字典成功: config\master\prg1\load.csv, 共10行
2025-11-04 20:52:44,326 - src.ui.main_window - WARNING - 无法获取当前程序序列，使用默认目录
2025-11-04 20:52:44,326 - src.data.csv_processor - INFO - CSV文件读取为字典成功: config\master\prg1\load.csv, 共10行
2025-11-04 20:52:44,326 - src.ui.main_window - WARNING - 无法获取当前程序序列，使用默认目录
2025-11-04 20:52:44,326 - src.data.csv_processor - INFO - CSV文件读取为字典成功: config\master\prg1\load.csv, 共10行
2025-11-04 20:52:44,326 - src.data.csv_processor - INFO - CSV文件读取为字典成功: config\master\ini.csv, 共48行
2025-11-04 20:52:44,333 - src.data.csv_processor - INFO - CSV文件读取为字典成功: config\master\ini.csv, 共48行
2025-11-04 20:52:44,333 - src.data.csv_processor - INFO - CSV文件读取为字典成功: config\master\ini.csv, 共48行
2025-11-04 20:52:44,333 - src.data.csv_processor - INFO - CSV文件读取为字典成功: config\master\ini.csv, 共48行
2025-11-04 20:52:44,333 - src.data.csv_processor - INFO - CSV文件读取为字典成功: config\master\ini.csv, 共48行
2025-11-04 20:52:44,334 - src.data.csv_processor - INFO - CSV文件读取为字典成功: config\master\ini.csv, 共48行
2025-11-04 20:52:44,334 - src.data.csv_processor - INFO - CSV文件读取为字典成功: config\master\ini.csv, 共48行
2025-11-04 20:52:44,335 - src.data.csv_processor - INFO - CSV文件读取为字典成功: config\master\ini.csv, 共48行
2025-11-04 20:52:44,344 - src.ui.main_window - INFO - 计算结果显示:
2025-11-04 20:52:44,344 - src.ui.main_window - INFO - # = ========================================
2025-11-04 20:52:44,344 - src.ui.main_window - INFO - # = ========================================
2025-11-04 20:52:44,344 - src.ui.main_window - INFO - 1 = 
2025-11-04 20:52:44,344 - src.ui.main_window - INFO - 2 = 
2025-11-04 20:52:44,344 - src.ui.main_window - INFO - 3 = 
2025-11-04 20:52:44,344 - src.ui.main_window - INFO - 4 = 
2025-11-04 20:52:44,344 - src.ui.main_window - INFO - 5 = 
2025-11-04 20:52:44,350 - src.ui.main_window - INFO - 6 = 
2025-11-04 20:52:44,350 - src.ui.main_window - INFO - 7 = 
2025-11-04 20:52:44,350 - src.ui.main_window - INFO - 8 = 
2025-11-04 20:52:44,350 - src.ui.main_window - INFO - 9 = 
2025-11-04 20:52:44,350 - src.ui.main_window - INFO - 10 = 
2025-11-04 20:52:44,350 - src.ui.main_window - INFO - 11 = defineBTC
2025-11-04 20:52:44,351 - src.ui.main_window - INFO - 12 = defineTL
2025-11-04 20:52:44,351 - src.ui.main_window - INFO - 500 = 
2025-11-04 20:52:44,352 - src.ui.main_window - INFO - 501 = 1.00
2025-11-04 20:52:44,352 - src.ui.main_window - INFO - 502 = 1.00
2025-11-04 20:52:44,352 - src.ui.main_window - INFO - 503 = 关系1
2025-11-04 20:52:44,352 - src.ui.main_window - INFO - 504 = 关系1
2025-11-04 20:52:44,352 - src.ui.main_window - INFO - 505 = 
2025-11-04 20:52:44,352 - src.ui.main_window - INFO - 506 = 0.00
2025-11-04 20:52:44,353 - src.ui.main_window - INFO - 507 = 
2025-11-04 20:52:44,353 - src.ui.main_window - INFO - 508 = 选项1
2025-11-04 20:52:44,353 - src.ui.main_window - INFO - 509 = 关系1
2025-11-04 20:52:44,353 - src.ui.main_window - INFO - 510 = 关系1
2025-11-04 20:52:44,353 - src.ui.main_window - INFO - 511 = 10.19
2025-11-04 20:52:44,353 - src.ui.main_window - INFO - 512 = 9.68
2025-11-04 20:52:44,353 - src.ui.main_window - INFO - 513 = 关系1
2025-11-04 20:52:44,353 - src.ui.main_window - INFO - 514 = 
2025-11-04 20:52:44,353 - src.ui.main_window - INFO - 515 = 
2025-11-04 20:52:44,353 - src.ui.main_window - INFO - 516 = 关系1
2025-11-04 20:52:44,353 - src.ui.main_window - INFO - 517 = 
2025-11-04 20:52:44,353 - src.ui.main_window - INFO - 518 = 
2025-11-04 20:52:44,353 - src.ui.main_window - INFO - 519 = 7.00
2025-11-04 20:52:44,353 - src.ui.main_window - INFO - 520 = 
2025-11-04 20:52:44,353 - src.ui.main_window - INFO - 521 = 
2025-11-04 20:52:44,355 - src.ui.main_window - INFO - 522 = 关系1
2025-11-04 20:52:44,355 - src.ui.main_window - INFO - 523 = 
2025-11-04 20:52:44,355 - src.ui.main_window - INFO - 524 = 
2025-11-04 20:52:44,355 - src.ui.main_window - INFO - 525 = 
2025-11-04 20:52:44,355 - src.ui.main_window - INFO - 526 = 
2025-11-04 20:52:44,355 - src.ui.main_window - INFO - 527 = 
2025-11-04 20:52:44,355 - src.ui.main_window - INFO - 528 = 关系1
2025-11-04 20:52:44,355 - src.ui.main_window - INFO - 529 = 
2025-11-04 20:52:44,355 - src.ui.main_window - INFO - 530 = 
2025-11-04 20:52:44,355 - src.ui.main_window - INFO - 531 = 
2025-11-04 20:52:44,355 - src.ui.main_window - INFO - 532 = 
2025-11-04 20:52:44,355 - src.ui.main_window - INFO - 533 = 
2025-11-04 20:52:44,355 - src.ui.main_window - INFO - 534 = 
2025-11-04 20:52:44,355 - src.ui.main_window - INFO - 535 = 
2025-11-04 20:52:44,355 - src.ui.main_window - INFO - 536 = 
2025-11-04 20:52:44,355 - src.ui.main_window - INFO - 537 = 
2025-11-04 20:52:44,357 - src.ui.main_window - INFO - 538 = 
2025-11-04 20:52:44,357 - src.ui.main_window - INFO - 539 = 
2025-11-04 20:52:44,357 - src.ui.main_window - INFO - 540 = 
2025-11-04 20:52:44,357 - src.ui.main_window - INFO - 541 = 
2025-11-04 20:52:44,357 - src.ui.main_window - INFO - 542 = 
2025-11-04 20:52:44,357 - src.ui.main_window - INFO - 543 = 
2025-11-04 20:52:44,357 - src.ui.main_window - INFO - 544 = 
2025-11-04 20:52:44,357 - src.ui.main_window - INFO - 545 = 关系1
2025-11-04 20:52:44,358 - src.ui.main_window - INFO - 546 = 关系1
2025-11-04 20:52:44,358 - src.ui.main_window - INFO - 547 = 关系1
2025-11-04 20:52:44,358 - src.ui.main_window - INFO - 548 = 
2025-11-04 20:52:44,358 - src.ui.main_window - INFO - 549 = 
2025-11-04 20:52:44,358 - src.ui.main_window - INFO - 550 = 
2025-11-04 20:52:44,358 - src.ui.main_window - INFO - 602 = 0
2025-11-04 20:52:44,358 - src.ui.main_window - INFO - 603 = 0.00
2025-11-04 20:52:44,358 - src.ui.main_window - INFO - 605 = relationYSTA
2025-11-04 20:54:02,248 - src.communication.named_pipe - WARNING - 命名管道服务器未在运行
2025-11-04 20:54:02,248 - src.data.file_manager - INFO - 所有文件已关闭
