2025-11-25 20:09:42,467 - __main__ - INFO - 启动DNC参数计算系统
2025-11-25 20:09:42,467 - __main__ - ERROR - 缺少必要的依赖包: openpyxl
2025-11-25 20:09:42,467 - __main__ - ERROR - 依赖项检查失败，程序退出
2025-11-25 20:12:19,676 - __main__ - INFO - 启动DNC参数计算系统
2025-11-25 20:12:19,676 - __main__ - ERROR - 缺少必要的依赖包: openpyxl
2025-11-25 20:12:19,677 - __main__ - ERROR - 依赖项检查失败，程序退出
2025-11-25 20:13:20,861 - __main__ - INFO - 启动DNC参数计算系统
2025-11-25 20:13:22,618 - __main__ - WARNING - 未找到原始master数据目录，将使用空目录
2025-11-25 20:13:28,283 - __main__ - INFO - 启动用户界面
2025-11-25 20:13:28,285 - src.config.config_manager - WARNING - 配置文件不存在: config\app_config.ini
2025-11-25 20:13:28,293 - src.config.config_manager - INFO - 默认配置文件已创建: config\app_config.ini
2025-11-25 20:13:28,370 - src.config.config_manager - INFO - 配置文件加载成功: config\app_config.ini
2025-11-25 20:13:28,409 - src.data.csv_processor - INFO - CSV文件读取成功: data\master\ini.csv, 共 46 条记录
2025-11-25 20:13:28,410 - src.data.data_manager - INFO - 加载CSV文件: ini.csv, 46 条记录
2025-11-25 20:13:28,412 - src.data.csv_processor - INFO - CSV文件读取成功: data\master\prg.csv, 共 2 条记录
2025-11-25 20:13:28,413 - src.data.data_manager - INFO - 加载CSV文件: prg.csv, 2 条记录
2025-11-25 20:13:28,414 - src.data.csv_processor - INFO - CSV文件读取成功: data\master\header.csv, 共 5 条记录
2025-11-25 20:13:28,415 - src.data.data_manager - INFO - 加载CSV文件: header.csv, 5 条记录
2025-11-25 20:13:28,417 - src.data.csv_processor - INFO - CSV文件读取成功: data\master\math.csv, 共 19 条记录
2025-11-25 20:13:28,417 - src.data.data_manager - INFO - 加载CSV文件: math.csv, 19 条记录
2025-11-25 20:13:28,877 - src.data.csv_processor - INFO - CSV文件读取成功: data\master\type_define.csv, 共 43440 条记录
2025-11-25 20:13:28,881 - src.data.data_manager - INFO - 加载CSV文件: type_define.csv, 43440 条记录
2025-11-25 20:13:28,884 - src.data.csv_processor - INFO - CSV文件读取成功: data\master\type_relation.csv, 共 0 条记录
2025-11-25 20:13:28,884 - src.data.data_manager - INFO - 加载CSV文件: type_relation.csv, 0 条记录
2025-11-25 20:13:29,283 - src.data.csv_processor - INFO - CSV文件读取成功: data\master\type_prg.csv, 共 50328 条记录
2025-11-25 20:13:29,287 - src.data.data_manager - INFO - 加载CSV文件: type_prg.csv, 50328 条记录
2025-11-25 20:13:29,288 - src.data.csv_processor - INFO - CSV文件读取成功: data\master\type_chngvl.csv, 共 0 条记录
2025-11-25 20:13:29,289 - src.data.data_manager - INFO - 加载CSV文件: type_chngvl.csv, 0 条记录
2025-11-25 20:13:29,290 - src.data.csv_processor - INFO - CSV文件读取成功: data\master\prg1\add.csv, 共 0 条记录
2025-11-25 20:13:29,291 - src.data.data_manager - INFO - 加载PRG文件: prg1/add.csv, 0 条记录
2025-11-25 20:13:29,292 - src.data.csv_processor - INFO - CSV文件读取成功: data\master\prg1\calc.csv, 共 7 条记录
2025-11-25 20:13:29,293 - src.data.data_manager - INFO - 加载PRG文件: prg1/calc.csv, 7 条记录
2025-11-25 20:13:29,295 - src.data.csv_processor - INFO - CSV文件读取成功: data\master\prg1\chngValue.csv, 共 2 条记录
2025-11-25 20:13:29,295 - src.data.data_manager - INFO - 加载PRG文件: prg1/chngValue.csv, 2 条记录
2025-11-25 20:13:29,297 - src.data.csv_processor - INFO - CSV文件读取成功: data\master\prg1\cntrl_rex.csv, 共 51 条记录
2025-11-25 20:13:29,297 - src.data.data_manager - INFO - 加载PRG文件: prg1/cntrl_rex.csv, 51 条记录
2025-11-25 20:13:29,299 - src.data.csv_processor - INFO - CSV文件读取成功: data\master\prg1\cntrl.csv, 共 66 条记录
2025-11-25 20:13:29,300 - src.data.data_manager - INFO - 加载PRG文件: prg1/cntrl.csv, 66 条记录
2025-11-25 20:13:29,302 - src.data.csv_processor - INFO - CSV文件读取成功: data\master\prg1\correct.csv, 共 0 条记录
2025-11-25 20:13:29,302 - src.data.data_manager - INFO - 加载PRG文件: prg1/correct.csv, 0 条记录
2025-11-25 20:13:29,305 - src.data.csv_processor - INFO - CSV文件读取成功: data\master\prg1\define.csv, 共 176 条记录
2025-11-25 20:13:29,306 - src.data.data_manager - INFO - 加载PRG文件: prg1/define.csv, 176 条记录
2025-11-25 20:13:29,309 - src.data.csv_processor - INFO - CSV文件读取成功: data\master\prg1\input.csv, 共 0 条记录
2025-11-25 20:13:29,310 - src.data.data_manager - INFO - 加载PRG文件: prg1/input.csv, 0 条记录
2025-11-25 20:13:29,313 - src.data.csv_processor - INFO - CSV文件读取成功: data\master\prg1\load.csv, 共 10 条记录
2025-11-25 20:13:29,313 - src.data.data_manager - INFO - 加载PRG文件: prg1/load.csv, 10 条记录
2025-11-25 20:13:29,315 - src.data.csv_processor - INFO - CSV文件读取成功: data\master\prg1\measure.csv, 共 0 条记录
2025-11-25 20:13:29,315 - src.data.data_manager - INFO - 加载PRG文件: prg1/measure.csv, 0 条记录
2025-11-25 20:13:29,318 - src.data.csv_processor - INFO - CSV文件读取成功: data\master\prg1\preset.csv, 共 0 条记录
2025-11-25 20:13:29,318 - src.data.data_manager - INFO - 加载PRG文件: prg1/preset.csv, 0 条记录
2025-11-25 20:13:29,327 - src.data.csv_processor - INFO - CSV文件读取成功: data\master\prg1\relation.csv, 共 110 条记录
2025-11-25 20:13:29,328 - src.data.data_manager - INFO - 加载PRG文件: prg1/relation.csv, 110 条记录
2025-11-25 20:13:29,330 - src.data.csv_processor - INFO - CSV文件读取成功: data\master\prg1\select.csv, 共 10 条记录
2025-11-25 20:13:29,331 - src.data.data_manager - INFO - 加载PRG文件: prg1/select.csv, 10 条记录
2025-11-25 20:13:29,333 - src.data.csv_processor - ERROR - 读取CSV文件失败 data\master\prg1\switch.csv: 'utf-8' codec can't decode byte 0xef in position 37: invalid continuation byte
2025-11-25 20:13:29,334 - src.data.data_manager - INFO - 加载PRG文件: prg1/switch.csv, 0 条记录
2025-11-25 20:13:29,404 - src.data.csv_processor - INFO - CSV文件读取成功: data\master\prg1\type_define.csv, 共 8276 条记录
2025-11-25 20:13:29,405 - src.data.data_manager - INFO - 加载PRG文件: prg1/type_define.csv, 8276 条记录
2025-11-25 20:13:29,466 - src.data.csv_processor - INFO - CSV文件读取成功: data\master\prg1\type_prg.csv, 共 8284 条记录
2025-11-25 20:13:29,468 - src.data.data_manager - INFO - 加载PRG文件: prg1/type_prg.csv, 8284 条记录
2025-11-25 20:13:29,470 - src.data.csv_processor - INFO - CSV文件读取成功: data\master\prg2\add.csv, 共 0 条记录
2025-11-25 20:13:29,471 - src.data.data_manager - INFO - 加载PRG文件: prg2/add.csv, 0 条记录
2025-11-25 20:13:29,472 - src.data.csv_processor - INFO - CSV文件读取成功: data\master\prg2\calc.csv, 共 7 条记录
2025-11-25 20:13:29,473 - src.data.data_manager - INFO - 加载PRG文件: prg2/calc.csv, 7 条记录
2025-11-25 20:13:29,475 - src.data.csv_processor - INFO - CSV文件读取成功: data\master\prg2\chngValue.csv, 共 2 条记录
2025-11-25 20:13:29,475 - src.data.data_manager - INFO - 加载PRG文件: prg2/chngValue.csv, 2 条记录
2025-11-25 20:13:29,477 - src.data.csv_processor - INFO - CSV文件读取成功: data\master\prg2\cntrl_rex.csv, 共 51 条记录
2025-11-25 20:13:29,477 - src.data.data_manager - INFO - 加载PRG文件: prg2/cntrl_rex.csv, 51 条记录
2025-11-25 20:13:29,479 - src.data.csv_processor - INFO - CSV文件读取成功: data\master\prg2\cntrl.csv, 共 42 条记录
2025-11-25 20:13:29,480 - src.data.data_manager - INFO - 加载PRG文件: prg2/cntrl.csv, 42 条记录
2025-11-25 20:13:29,481 - src.data.csv_processor - INFO - CSV文件读取成功: data\master\prg2\correct.csv, 共 0 条记录
2025-11-25 20:13:29,481 - src.data.data_manager - INFO - 加载PRG文件: prg2/correct.csv, 0 条记录
2025-11-25 20:13:29,484 - src.data.csv_processor - INFO - CSV文件读取成功: data\master\prg2\define.csv, 共 161 条记录
2025-11-25 20:13:29,485 - src.data.data_manager - INFO - 加载PRG文件: prg2/define.csv, 161 条记录
2025-11-25 20:13:29,487 - src.data.csv_processor - INFO - CSV文件读取成功: data\master\prg2\load.csv, 共 11 条记录
2025-11-25 20:13:29,487 - src.data.data_manager - INFO - 加载PRG文件: prg2/load.csv, 11 条记录
2025-11-25 20:13:29,489 - src.data.csv_processor - INFO - CSV文件读取成功: data\master\prg2\measure.csv, 共 0 条记录
2025-11-25 20:13:29,489 - src.data.data_manager - INFO - 加载PRG文件: prg2/measure.csv, 0 条记录
2025-11-25 20:13:29,490 - src.data.csv_processor - INFO - CSV文件读取成功: data\master\prg2\preset.csv, 共 0 条记录
2025-11-25 20:13:29,491 - src.data.data_manager - INFO - 加载PRG文件: prg2/preset.csv, 0 条记录
2025-11-25 20:13:29,494 - src.data.csv_processor - INFO - CSV文件读取成功: data\master\prg2\relation.csv, 共 58 条记录
2025-11-25 20:13:29,494 - src.data.data_manager - INFO - 加载PRG文件: prg2/relation.csv, 58 条记录
2025-11-25 20:13:29,496 - src.data.csv_processor - INFO - CSV文件读取成功: data\master\prg2\select.csv, 共 0 条记录
2025-11-25 20:13:29,496 - src.data.data_manager - INFO - 加载PRG文件: prg2/select.csv, 0 条记录
2025-11-25 20:13:29,497 - src.data.csv_processor - INFO - CSV文件读取成功: data\master\prg2\switch.csv, 共 0 条记录
2025-11-25 20:13:29,498 - src.data.data_manager - INFO - 加载PRG文件: prg2/switch.csv, 0 条记录
2025-11-25 20:13:29,534 - src.data.data_manager - INFO - 产品数据索引构建完成: 43313 种产品型号
2025-11-25 20:13:29,534 - src.data.data_manager - INFO - 所有CSV文件加载完成
2025-11-25 20:15:33,035 - __main__ - INFO - 启动DNC参数计算系统
2025-11-25 20:15:33,663 - __main__ - WARNING - 未找到原始master数据目录，将使用空目录
2025-11-25 20:15:34,415 - __main__ - INFO - 启动用户界面
2025-11-25 20:15:34,417 - src.config.config_manager - INFO - 配置文件加载成功: config\app_config.ini
2025-11-25 20:15:34,419 - src.data.csv_processor - INFO - CSV文件读取成功: data\master\ini.csv, 共 46 条记录
2025-11-25 20:15:34,420 - src.data.data_manager - INFO - 加载CSV文件: ini.csv, 46 条记录
2025-11-25 20:15:34,435 - src.data.csv_processor - INFO - CSV文件读取成功: data\master\prg.csv, 共 2 条记录
2025-11-25 20:15:34,435 - src.data.data_manager - INFO - 加载CSV文件: prg.csv, 2 条记录
2025-11-25 20:15:34,452 - src.data.csv_processor - INFO - CSV文件读取成功: data\master\header.csv, 共 5 条记录
2025-11-25 20:15:34,452 - src.data.data_manager - INFO - 加载CSV文件: header.csv, 5 条记录
2025-11-25 20:15:34,453 - src.data.csv_processor - INFO - CSV文件读取成功: data\master\math.csv, 共 19 条记录
2025-11-25 20:15:34,454 - src.data.data_manager - INFO - 加载CSV文件: math.csv, 19 条记录
2025-11-25 20:15:34,572 - src.data.csv_processor - INFO - CSV文件读取成功: data\master\type_define.csv, 共 43440 条记录
2025-11-25 20:15:34,573 - src.data.data_manager - INFO - 加载CSV文件: type_define.csv, 43440 条记录
2025-11-25 20:15:34,575 - src.data.csv_processor - INFO - CSV文件读取成功: data\master\type_relation.csv, 共 0 条记录
2025-11-25 20:15:34,575 - src.data.data_manager - INFO - 加载CSV文件: type_relation.csv, 0 条记录
2025-11-25 20:15:34,745 - src.data.csv_processor - INFO - CSV文件读取成功: data\master\type_prg.csv, 共 50328 条记录
2025-11-25 20:15:34,747 - src.data.data_manager - INFO - 加载CSV文件: type_prg.csv, 50328 条记录
2025-11-25 20:15:34,749 - src.data.csv_processor - INFO - CSV文件读取成功: data\master\type_chngvl.csv, 共 0 条记录
2025-11-25 20:15:34,749 - src.data.data_manager - INFO - 加载CSV文件: type_chngvl.csv, 0 条记录
2025-11-25 20:15:34,751 - src.data.csv_processor - INFO - CSV文件读取成功: data\master\prg1\add.csv, 共 0 条记录
2025-11-25 20:15:34,751 - src.data.data_manager - INFO - 加载PRG文件: prg1/add.csv, 0 条记录
2025-11-25 20:15:34,752 - src.data.csv_processor - INFO - CSV文件读取成功: data\master\prg1\calc.csv, 共 7 条记录
2025-11-25 20:15:34,753 - src.data.data_manager - INFO - 加载PRG文件: prg1/calc.csv, 7 条记录
2025-11-25 20:15:34,754 - src.data.csv_processor - INFO - CSV文件读取成功: data\master\prg1\chngValue.csv, 共 2 条记录
2025-11-25 20:15:34,755 - src.data.data_manager - INFO - 加载PRG文件: prg1/chngValue.csv, 2 条记录
2025-11-25 20:15:34,757 - src.data.csv_processor - INFO - CSV文件读取成功: data\master\prg1\cntrl_rex.csv, 共 51 条记录
2025-11-25 20:15:34,757 - src.data.data_manager - INFO - 加载PRG文件: prg1/cntrl_rex.csv, 51 条记录
2025-11-25 20:15:34,759 - src.data.csv_processor - INFO - CSV文件读取成功: data\master\prg1\cntrl.csv, 共 66 条记录
2025-11-25 20:15:34,759 - src.data.data_manager - INFO - 加载PRG文件: prg1/cntrl.csv, 66 条记录
2025-11-25 20:15:34,761 - src.data.csv_processor - INFO - CSV文件读取成功: data\master\prg1\correct.csv, 共 0 条记录
2025-11-25 20:15:34,761 - src.data.data_manager - INFO - 加载PRG文件: prg1/correct.csv, 0 条记录
2025-11-25 20:15:34,763 - src.data.csv_processor - INFO - CSV文件读取成功: data\master\prg1\define.csv, 共 176 条记录
2025-11-25 20:15:34,763 - src.data.data_manager - INFO - 加载PRG文件: prg1/define.csv, 176 条记录
2025-11-25 20:15:34,765 - src.data.csv_processor - INFO - CSV文件读取成功: data\master\prg1\input.csv, 共 0 条记录
2025-11-25 20:15:34,765 - src.data.data_manager - INFO - 加载PRG文件: prg1/input.csv, 0 条记录
2025-11-25 20:15:34,766 - src.data.csv_processor - INFO - CSV文件读取成功: data\master\prg1\load.csv, 共 10 条记录
2025-11-25 20:15:34,767 - src.data.data_manager - INFO - 加载PRG文件: prg1/load.csv, 10 条记录
2025-11-25 20:15:34,768 - src.data.csv_processor - INFO - CSV文件读取成功: data\master\prg1\measure.csv, 共 0 条记录
2025-11-25 20:15:34,769 - src.data.data_manager - INFO - 加载PRG文件: prg1/measure.csv, 0 条记录
2025-11-25 20:15:34,770 - src.data.csv_processor - INFO - CSV文件读取成功: data\master\prg1\preset.csv, 共 0 条记录
2025-11-25 20:15:34,771 - src.data.data_manager - INFO - 加载PRG文件: prg1/preset.csv, 0 条记录
2025-11-25 20:15:34,774 - src.data.csv_processor - INFO - CSV文件读取成功: data\master\prg1\relation.csv, 共 110 条记录
2025-11-25 20:15:34,774 - src.data.data_manager - INFO - 加载PRG文件: prg1/relation.csv, 110 条记录
2025-11-25 20:15:34,776 - src.data.csv_processor - INFO - CSV文件读取成功: data\master\prg1\select.csv, 共 10 条记录
2025-11-25 20:15:34,777 - src.data.data_manager - INFO - 加载PRG文件: prg1/select.csv, 10 条记录
2025-11-25 20:15:34,778 - src.data.csv_processor - ERROR - 读取CSV文件失败 data\master\prg1\switch.csv: 'utf-8' codec can't decode byte 0xef in position 37: invalid continuation byte
2025-11-25 20:15:34,778 - src.data.data_manager - INFO - 加载PRG文件: prg1/switch.csv, 0 条记录
2025-11-25 20:15:34,821 - src.data.csv_processor - INFO - CSV文件读取成功: data\master\prg1\type_define.csv, 共 8276 条记录
2025-11-25 20:15:34,822 - src.data.data_manager - INFO - 加载PRG文件: prg1/type_define.csv, 8276 条记录
2025-11-25 20:15:34,868 - src.data.csv_processor - INFO - CSV文件读取成功: data\master\prg1\type_prg.csv, 共 8284 条记录
2025-11-25 20:15:34,868 - src.data.data_manager - INFO - 加载PRG文件: prg1/type_prg.csv, 8284 条记录
2025-11-25 20:15:34,870 - src.data.csv_processor - INFO - CSV文件读取成功: data\master\prg2\add.csv, 共 0 条记录
2025-11-25 20:15:34,870 - src.data.data_manager - INFO - 加载PRG文件: prg2/add.csv, 0 条记录
2025-11-25 20:15:34,872 - src.data.csv_processor - INFO - CSV文件读取成功: data\master\prg2\calc.csv, 共 7 条记录
2025-11-25 20:15:34,872 - src.data.data_manager - INFO - 加载PRG文件: prg2/calc.csv, 7 条记录
2025-11-25 20:15:34,874 - src.data.csv_processor - INFO - CSV文件读取成功: data\master\prg2\chngValue.csv, 共 2 条记录
2025-11-25 20:15:34,874 - src.data.data_manager - INFO - 加载PRG文件: prg2/chngValue.csv, 2 条记录
2025-11-25 20:15:34,876 - src.data.csv_processor - INFO - CSV文件读取成功: data\master\prg2\cntrl_rex.csv, 共 51 条记录
2025-11-25 20:15:34,876 - src.data.data_manager - INFO - 加载PRG文件: prg2/cntrl_rex.csv, 51 条记录
2025-11-25 20:15:34,878 - src.data.csv_processor - INFO - CSV文件读取成功: data\master\prg2\cntrl.csv, 共 42 条记录
2025-11-25 20:15:34,878 - src.data.data_manager - INFO - 加载PRG文件: prg2/cntrl.csv, 42 条记录
2025-11-25 20:15:34,880 - src.data.csv_processor - INFO - CSV文件读取成功: data\master\prg2\correct.csv, 共 0 条记录
2025-11-25 20:15:34,880 - src.data.data_manager - INFO - 加载PRG文件: prg2/correct.csv, 0 条记录
2025-11-25 20:15:34,882 - src.data.csv_processor - INFO - CSV文件读取成功: data\master\prg2\define.csv, 共 161 条记录
2025-11-25 20:15:34,882 - src.data.data_manager - INFO - 加载PRG文件: prg2/define.csv, 161 条记录
2025-11-25 20:15:34,884 - src.data.csv_processor - INFO - CSV文件读取成功: data\master\prg2\load.csv, 共 11 条记录
2025-11-25 20:15:34,884 - src.data.data_manager - INFO - 加载PRG文件: prg2/load.csv, 11 条记录
2025-11-25 20:15:34,886 - src.data.csv_processor - INFO - CSV文件读取成功: data\master\prg2\measure.csv, 共 0 条记录
2025-11-25 20:15:34,886 - src.data.data_manager - INFO - 加载PRG文件: prg2/measure.csv, 0 条记录
2025-11-25 20:15:34,888 - src.data.csv_processor - INFO - CSV文件读取成功: data\master\prg2\preset.csv, 共 0 条记录
2025-11-25 20:15:34,888 - src.data.data_manager - INFO - 加载PRG文件: prg2/preset.csv, 0 条记录
2025-11-25 20:15:34,891 - src.data.csv_processor - INFO - CSV文件读取成功: data\master\prg2\relation.csv, 共 58 条记录
2025-11-25 20:15:34,891 - src.data.data_manager - INFO - 加载PRG文件: prg2/relation.csv, 58 条记录
2025-11-25 20:15:34,893 - src.data.csv_processor - INFO - CSV文件读取成功: data\master\prg2\select.csv, 共 0 条记录
2025-11-25 20:15:34,893 - src.data.data_manager - INFO - 加载PRG文件: prg2/select.csv, 0 条记录
2025-11-25 20:15:34,894 - src.data.csv_processor - INFO - CSV文件读取成功: data\master\prg2\switch.csv, 共 0 条记录
2025-11-25 20:15:34,895 - src.data.data_manager - INFO - 加载PRG文件: prg2/switch.csv, 0 条记录
2025-11-25 20:15:34,906 - src.data.data_manager - INFO - 产品数据索引构建完成: 43313 种产品型号
2025-11-25 20:15:34,906 - src.data.data_manager - INFO - 所有CSV文件加载完成
2025-11-25 20:16:10,743 - __main__ - INFO - 启动DNC参数计算系统
2025-11-25 20:16:11,470 - __main__ - WARNING - 未找到原始master数据目录，将使用空目录
2025-11-25 20:16:11,756 - __main__ - INFO - 启动用户界面
2025-11-25 20:16:11,758 - src.config.config_manager - INFO - 配置文件加载成功: config\app_config.ini
2025-11-25 20:16:11,760 - src.data.csv_processor - INFO - CSV文件读取成功: data\master\ini.csv, 共 46 条记录
2025-11-25 20:16:11,760 - src.data.data_manager - INFO - 加载CSV文件: ini.csv, 46 条记录
2025-11-25 20:16:11,761 - src.data.csv_processor - INFO - CSV文件读取成功: data\master\prg.csv, 共 2 条记录
2025-11-25 20:16:11,761 - src.data.data_manager - INFO - 加载CSV文件: prg.csv, 2 条记录
2025-11-25 20:16:11,761 - src.data.csv_processor - INFO - CSV文件读取成功: data\master\header.csv, 共 5 条记录
2025-11-25 20:16:11,761 - src.data.data_manager - INFO - 加载CSV文件: header.csv, 5 条记录
2025-11-25 20:16:11,762 - src.data.csv_processor - INFO - CSV文件读取成功: data\master\math.csv, 共 19 条记录
2025-11-25 20:16:11,762 - src.data.data_manager - INFO - 加载CSV文件: math.csv, 19 条记录
2025-11-25 20:16:11,933 - src.data.csv_processor - INFO - CSV文件读取成功: data\master\type_define.csv, 共 43440 条记录
2025-11-25 20:16:11,935 - src.data.data_manager - INFO - 加载CSV文件: type_define.csv, 43440 条记录
2025-11-25 20:16:11,936 - src.data.csv_processor - INFO - CSV文件读取成功: data\master\type_relation.csv, 共 0 条记录
2025-11-25 20:16:11,936 - src.data.data_manager - INFO - 加载CSV文件: type_relation.csv, 0 条记录
2025-11-25 20:16:12,105 - src.data.csv_processor - INFO - CSV文件读取成功: data\master\type_prg.csv, 共 50328 条记录
2025-11-25 20:16:12,106 - src.data.data_manager - INFO - 加载CSV文件: type_prg.csv, 50328 条记录
2025-11-25 20:16:12,107 - src.data.csv_processor - INFO - CSV文件读取成功: data\master\type_chngvl.csv, 共 0 条记录
2025-11-25 20:16:12,108 - src.data.data_manager - INFO - 加载CSV文件: type_chngvl.csv, 0 条记录
2025-11-25 20:16:12,108 - src.data.csv_processor - INFO - CSV文件读取成功: data\master\prg1\add.csv, 共 0 条记录
2025-11-25 20:16:12,109 - src.data.data_manager - INFO - 加载PRG文件: prg1/add.csv, 0 条记录
2025-11-25 20:16:12,109 - src.data.csv_processor - INFO - CSV文件读取成功: data\master\prg1\calc.csv, 共 7 条记录
2025-11-25 20:16:12,109 - src.data.data_manager - INFO - 加载PRG文件: prg1/calc.csv, 7 条记录
2025-11-25 20:16:12,110 - src.data.csv_processor - INFO - CSV文件读取成功: data\master\prg1\chngValue.csv, 共 2 条记录
2025-11-25 20:16:12,110 - src.data.data_manager - INFO - 加载PRG文件: prg1/chngValue.csv, 2 条记录
2025-11-25 20:16:12,111 - src.data.csv_processor - INFO - CSV文件读取成功: data\master\prg1\cntrl_rex.csv, 共 51 条记录
2025-11-25 20:16:12,111 - src.data.data_manager - INFO - 加载PRG文件: prg1/cntrl_rex.csv, 51 条记录
2025-11-25 20:16:12,112 - src.data.csv_processor - INFO - CSV文件读取成功: data\master\prg1\cntrl.csv, 共 66 条记录
2025-11-25 20:16:12,112 - src.data.data_manager - INFO - 加载PRG文件: prg1/cntrl.csv, 66 条记录
2025-11-25 20:16:12,113 - src.data.csv_processor - INFO - CSV文件读取成功: data\master\prg1\correct.csv, 共 0 条记录
2025-11-25 20:16:12,113 - src.data.data_manager - INFO - 加载PRG文件: prg1/correct.csv, 0 条记录
2025-11-25 20:16:12,114 - src.data.csv_processor - INFO - CSV文件读取成功: data\master\prg1\define.csv, 共 176 条记录
2025-11-25 20:16:12,114 - src.data.data_manager - INFO - 加载PRG文件: prg1/define.csv, 176 条记录
2025-11-25 20:16:12,115 - src.data.csv_processor - INFO - CSV文件读取成功: data\master\prg1\input.csv, 共 0 条记录
2025-11-25 20:16:12,115 - src.data.data_manager - INFO - 加载PRG文件: prg1/input.csv, 0 条记录
2025-11-25 20:16:12,116 - src.data.csv_processor - INFO - CSV文件读取成功: data\master\prg1\load.csv, 共 10 条记录
2025-11-25 20:16:12,116 - src.data.data_manager - INFO - 加载PRG文件: prg1/load.csv, 10 条记录
2025-11-25 20:16:12,116 - src.data.csv_processor - INFO - CSV文件读取成功: data\master\prg1\measure.csv, 共 0 条记录
2025-11-25 20:16:12,116 - src.data.data_manager - INFO - 加载PRG文件: prg1/measure.csv, 0 条记录
2025-11-25 20:16:12,117 - src.data.csv_processor - INFO - CSV文件读取成功: data\master\prg1\preset.csv, 共 0 条记录
2025-11-25 20:16:12,117 - src.data.data_manager - INFO - 加载PRG文件: prg1/preset.csv, 0 条记录
2025-11-25 20:16:12,119 - src.data.csv_processor - INFO - CSV文件读取成功: data\master\prg1\relation.csv, 共 110 条记录
2025-11-25 20:16:12,120 - src.data.data_manager - INFO - 加载PRG文件: prg1/relation.csv, 110 条记录
2025-11-25 20:16:12,120 - src.data.csv_processor - INFO - CSV文件读取成功: data\master\prg1\select.csv, 共 10 条记录
2025-11-25 20:16:12,121 - src.data.data_manager - INFO - 加载PRG文件: prg1/select.csv, 10 条记录
2025-11-25 20:16:12,121 - src.data.csv_processor - ERROR - 读取CSV文件失败 data\master\prg1\switch.csv: 'utf-8' codec can't decode byte 0xef in position 37: invalid continuation byte
2025-11-25 20:16:12,122 - src.data.data_manager - INFO - 加载PRG文件: prg1/switch.csv, 0 条记录
2025-11-25 20:16:12,150 - src.data.csv_processor - INFO - CSV文件读取成功: data\master\prg1\type_define.csv, 共 8276 条记录
2025-11-25 20:16:12,151 - src.data.data_manager - INFO - 加载PRG文件: prg1/type_define.csv, 8276 条记录
2025-11-25 20:16:12,175 - src.data.csv_processor - INFO - CSV文件读取成功: data\master\prg1\type_prg.csv, 共 8284 条记录
2025-11-25 20:16:12,175 - src.data.data_manager - INFO - 加载PRG文件: prg1/type_prg.csv, 8284 条记录
2025-11-25 20:16:12,176 - src.data.csv_processor - INFO - CSV文件读取成功: data\master\prg2\add.csv, 共 0 条记录
2025-11-25 20:16:12,176 - src.data.data_manager - INFO - 加载PRG文件: prg2/add.csv, 0 条记录
2025-11-25 20:16:12,177 - src.data.csv_processor - INFO - CSV文件读取成功: data\master\prg2\calc.csv, 共 7 条记录
2025-11-25 20:16:12,177 - src.data.data_manager - INFO - 加载PRG文件: prg2/calc.csv, 7 条记录
2025-11-25 20:16:12,178 - src.data.csv_processor - INFO - CSV文件读取成功: data\master\prg2\chngValue.csv, 共 2 条记录
2025-11-25 20:16:12,178 - src.data.data_manager - INFO - 加载PRG文件: prg2/chngValue.csv, 2 条记录
2025-11-25 20:16:12,178 - src.data.csv_processor - INFO - CSV文件读取成功: data\master\prg2\cntrl_rex.csv, 共 51 条记录
2025-11-25 20:16:12,179 - src.data.data_manager - INFO - 加载PRG文件: prg2/cntrl_rex.csv, 51 条记录
2025-11-25 20:16:12,179 - src.data.csv_processor - INFO - CSV文件读取成功: data\master\prg2\cntrl.csv, 共 42 条记录
2025-11-25 20:16:12,180 - src.data.data_manager - INFO - 加载PRG文件: prg2/cntrl.csv, 42 条记录
2025-11-25 20:16:12,180 - src.data.csv_processor - INFO - CSV文件读取成功: data\master\prg2\correct.csv, 共 0 条记录
2025-11-25 20:16:12,180 - src.data.data_manager - INFO - 加载PRG文件: prg2/correct.csv, 0 条记录
2025-11-25 20:16:12,182 - src.data.csv_processor - INFO - CSV文件读取成功: data\master\prg2\define.csv, 共 161 条记录
2025-11-25 20:16:12,182 - src.data.data_manager - INFO - 加载PRG文件: prg2/define.csv, 161 条记录
2025-11-25 20:16:12,183 - src.data.csv_processor - INFO - CSV文件读取成功: data\master\prg2\load.csv, 共 11 条记录
2025-11-25 20:16:12,183 - src.data.data_manager - INFO - 加载PRG文件: prg2/load.csv, 11 条记录
2025-11-25 20:16:12,183 - src.data.csv_processor - INFO - CSV文件读取成功: data\master\prg2\measure.csv, 共 0 条记录
2025-11-25 20:16:12,183 - src.data.data_manager - INFO - 加载PRG文件: prg2/measure.csv, 0 条记录
2025-11-25 20:16:12,184 - src.data.csv_processor - INFO - CSV文件读取成功: data\master\prg2\preset.csv, 共 0 条记录
2025-11-25 20:16:12,184 - src.data.data_manager - INFO - 加载PRG文件: prg2/preset.csv, 0 条记录
2025-11-25 20:16:12,185 - src.data.csv_processor - INFO - CSV文件读取成功: data\master\prg2\relation.csv, 共 58 条记录
2025-11-25 20:16:12,185 - src.data.data_manager - INFO - 加载PRG文件: prg2/relation.csv, 58 条记录
2025-11-25 20:16:12,186 - src.data.csv_processor - INFO - CSV文件读取成功: data\master\prg2\select.csv, 共 0 条记录
2025-11-25 20:16:12,186 - src.data.data_manager - INFO - 加载PRG文件: prg2/select.csv, 0 条记录
2025-11-25 20:16:12,187 - src.data.csv_processor - INFO - CSV文件读取成功: data\master\prg2\switch.csv, 共 0 条记录
2025-11-25 20:16:12,187 - src.data.data_manager - INFO - 加载PRG文件: prg2/switch.csv, 0 条记录
2025-11-25 20:16:12,203 - src.data.data_manager - INFO - 产品数据索引构建完成: 43313 种产品型号
2025-11-25 20:16:12,203 - src.data.data_manager - INFO - 所有CSV文件加载完成
2025-11-25 20:18:23,669 - __main__ - INFO - 启动DNC参数计算系统
2025-11-25 20:18:24,194 - __main__ - WARNING - 未找到原始master数据目录，将使用空目录
2025-11-25 20:18:24,397 - __main__ - INFO - 启动用户界面
2025-11-25 20:18:24,399 - src.config.config_manager - INFO - 配置文件加载成功: config\app_config.ini
2025-11-25 20:18:24,400 - src.data.csv_processor - INFO - CSV文件读取成功: data\master\ini.csv, 共 46 条记录
2025-11-25 20:18:24,401 - src.data.data_manager - INFO - 加载CSV文件: ini.csv, 46 条记录
2025-11-25 20:18:24,401 - src.data.csv_processor - INFO - CSV文件读取成功: data\master\prg.csv, 共 2 条记录
2025-11-25 20:18:24,402 - src.data.data_manager - INFO - 加载CSV文件: prg.csv, 2 条记录
2025-11-25 20:18:24,402 - src.data.csv_processor - INFO - CSV文件读取成功: data\master\header.csv, 共 5 条记录
2025-11-25 20:18:24,403 - src.data.data_manager - INFO - 加载CSV文件: header.csv, 5 条记录
2025-11-25 20:18:24,403 - src.data.csv_processor - INFO - CSV文件读取成功: data\master\math.csv, 共 19 条记录
2025-11-25 20:18:24,403 - src.data.data_manager - INFO - 加载CSV文件: math.csv, 19 条记录
2025-11-25 20:18:24,512 - src.data.csv_processor - INFO - CSV文件读取成功: data\master\type_define.csv, 共 43440 条记录
2025-11-25 20:18:24,513 - src.data.data_manager - INFO - 加载CSV文件: type_define.csv, 43440 条记录
2025-11-25 20:18:24,514 - src.data.csv_processor - INFO - CSV文件读取成功: data\master\type_relation.csv, 共 0 条记录
2025-11-25 20:18:24,514 - src.data.data_manager - INFO - 加载CSV文件: type_relation.csv, 0 条记录
2025-11-25 20:18:24,653 - src.data.csv_processor - INFO - CSV文件读取成功: data\master\type_prg.csv, 共 50328 条记录
2025-11-25 20:18:24,655 - src.data.data_manager - INFO - 加载CSV文件: type_prg.csv, 50328 条记录
2025-11-25 20:18:24,656 - src.data.csv_processor - INFO - CSV文件读取成功: data\master\type_chngvl.csv, 共 0 条记录
2025-11-25 20:18:24,656 - src.data.data_manager - INFO - 加载CSV文件: type_chngvl.csv, 0 条记录
2025-11-25 20:18:24,657 - src.data.csv_processor - INFO - CSV文件读取成功: data\master\prg1\add.csv, 共 0 条记录
2025-11-25 20:18:24,658 - src.data.data_manager - INFO - 加载PRG文件: prg1/add.csv, 0 条记录
2025-11-25 20:18:24,659 - src.data.csv_processor - INFO - CSV文件读取成功: data\master\prg1\calc.csv, 共 7 条记录
2025-11-25 20:18:24,659 - src.data.data_manager - INFO - 加载PRG文件: prg1/calc.csv, 7 条记录
2025-11-25 20:18:24,660 - src.data.csv_processor - INFO - CSV文件读取成功: data\master\prg1\chngValue.csv, 共 2 条记录
2025-11-25 20:18:24,660 - src.data.data_manager - INFO - 加载PRG文件: prg1/chngValue.csv, 2 条记录
2025-11-25 20:18:24,661 - src.data.csv_processor - INFO - CSV文件读取成功: data\master\prg1\cntrl_rex.csv, 共 51 条记录
2025-11-25 20:18:24,661 - src.data.data_manager - INFO - 加载PRG文件: prg1/cntrl_rex.csv, 51 条记录
2025-11-25 20:18:24,662 - src.data.csv_processor - INFO - CSV文件读取成功: data\master\prg1\cntrl.csv, 共 66 条记录
2025-11-25 20:18:24,662 - src.data.data_manager - INFO - 加载PRG文件: prg1/cntrl.csv, 66 条记录
2025-11-25 20:18:24,663 - src.data.csv_processor - INFO - CSV文件读取成功: data\master\prg1\correct.csv, 共 0 条记录
2025-11-25 20:18:24,663 - src.data.data_manager - INFO - 加载PRG文件: prg1/correct.csv, 0 条记录
2025-11-25 20:18:24,665 - src.data.csv_processor - INFO - CSV文件读取成功: data\master\prg1\define.csv, 共 176 条记录
2025-11-25 20:18:24,665 - src.data.data_manager - INFO - 加载PRG文件: prg1/define.csv, 176 条记录
2025-11-25 20:18:24,666 - src.data.csv_processor - INFO - CSV文件读取成功: data\master\prg1\input.csv, 共 0 条记录
2025-11-25 20:18:24,666 - src.data.data_manager - INFO - 加载PRG文件: prg1/input.csv, 0 条记录
2025-11-25 20:18:24,667 - src.data.csv_processor - INFO - CSV文件读取成功: data\master\prg1\load.csv, 共 10 条记录
2025-11-25 20:18:24,667 - src.data.data_manager - INFO - 加载PRG文件: prg1/load.csv, 10 条记录
2025-11-25 20:18:24,668 - src.data.csv_processor - INFO - CSV文件读取成功: data\master\prg1\measure.csv, 共 0 条记录
2025-11-25 20:18:24,668 - src.data.data_manager - INFO - 加载PRG文件: prg1/measure.csv, 0 条记录
2025-11-25 20:18:24,669 - src.data.csv_processor - INFO - CSV文件读取成功: data\master\prg1\preset.csv, 共 0 条记录
2025-11-25 20:18:24,670 - src.data.data_manager - INFO - 加载PRG文件: prg1/preset.csv, 0 条记录
2025-11-25 20:18:24,671 - src.data.csv_processor - INFO - CSV文件读取成功: data\master\prg1\relation.csv, 共 110 条记录
2025-11-25 20:18:24,672 - src.data.data_manager - INFO - 加载PRG文件: prg1/relation.csv, 110 条记录
2025-11-25 20:18:24,673 - src.data.csv_processor - INFO - CSV文件读取成功: data\master\prg1\select.csv, 共 10 条记录
2025-11-25 20:18:24,673 - src.data.data_manager - INFO - 加载PRG文件: prg1/select.csv, 10 条记录
2025-11-25 20:18:24,674 - src.data.csv_processor - ERROR - 读取CSV文件失败 data\master\prg1\switch.csv: 'utf-8' codec can't decode byte 0xef in position 37: invalid continuation byte
2025-11-25 20:18:24,675 - src.data.data_manager - INFO - 加载PRG文件: prg1/switch.csv, 0 条记录
2025-11-25 20:18:24,698 - src.data.csv_processor - INFO - CSV文件读取成功: data\master\prg1\type_define.csv, 共 8276 条记录
2025-11-25 20:18:24,699 - src.data.data_manager - INFO - 加载PRG文件: prg1/type_define.csv, 8276 条记录
2025-11-25 20:18:24,720 - src.data.csv_processor - INFO - CSV文件读取成功: data\master\prg1\type_prg.csv, 共 8284 条记录
2025-11-25 20:18:24,720 - src.data.data_manager - INFO - 加载PRG文件: prg1/type_prg.csv, 8284 条记录
2025-11-25 20:18:24,722 - src.data.csv_processor - INFO - CSV文件读取成功: data\master\prg2\add.csv, 共 0 条记录
2025-11-25 20:18:24,722 - src.data.data_manager - INFO - 加载PRG文件: prg2/add.csv, 0 条记录
2025-11-25 20:18:24,723 - src.data.csv_processor - INFO - CSV文件读取成功: data\master\prg2\calc.csv, 共 7 条记录
2025-11-25 20:18:24,723 - src.data.data_manager - INFO - 加载PRG文件: prg2/calc.csv, 7 条记录
2025-11-25 20:18:24,724 - src.data.csv_processor - INFO - CSV文件读取成功: data\master\prg2\chngValue.csv, 共 2 条记录
2025-11-25 20:18:24,724 - src.data.data_manager - INFO - 加载PRG文件: prg2/chngValue.csv, 2 条记录
2025-11-25 20:18:24,725 - src.data.csv_processor - INFO - CSV文件读取成功: data\master\prg2\cntrl_rex.csv, 共 51 条记录
2025-11-25 20:18:24,725 - src.data.data_manager - INFO - 加载PRG文件: prg2/cntrl_rex.csv, 51 条记录
2025-11-25 20:18:24,726 - src.data.csv_processor - INFO - CSV文件读取成功: data\master\prg2\cntrl.csv, 共 42 条记录
2025-11-25 20:18:24,727 - src.data.data_manager - INFO - 加载PRG文件: prg2/cntrl.csv, 42 条记录
2025-11-25 20:18:24,728 - src.data.csv_processor - INFO - CSV文件读取成功: data\master\prg2\correct.csv, 共 0 条记录
2025-11-25 20:18:24,728 - src.data.data_manager - INFO - 加载PRG文件: prg2/correct.csv, 0 条记录
2025-11-25 20:18:24,729 - src.data.csv_processor - INFO - CSV文件读取成功: data\master\prg2\define.csv, 共 161 条记录
2025-11-25 20:18:24,730 - src.data.data_manager - INFO - 加载PRG文件: prg2/define.csv, 161 条记录
2025-11-25 20:18:24,731 - src.data.csv_processor - INFO - CSV文件读取成功: data\master\prg2\load.csv, 共 11 条记录
2025-11-25 20:18:24,731 - src.data.data_manager - INFO - 加载PRG文件: prg2/load.csv, 11 条记录
2025-11-25 20:18:24,732 - src.data.csv_processor - INFO - CSV文件读取成功: data\master\prg2\measure.csv, 共 0 条记录
2025-11-25 20:18:24,732 - src.data.data_manager - INFO - 加载PRG文件: prg2/measure.csv, 0 条记录
2025-11-25 20:18:24,733 - src.data.csv_processor - INFO - CSV文件读取成功: data\master\prg2\preset.csv, 共 0 条记录
2025-11-25 20:18:24,733 - src.data.data_manager - INFO - 加载PRG文件: prg2/preset.csv, 0 条记录
2025-11-25 20:18:24,735 - src.data.csv_processor - INFO - CSV文件读取成功: data\master\prg2\relation.csv, 共 58 条记录
2025-11-25 20:18:24,736 - src.data.data_manager - INFO - 加载PRG文件: prg2/relation.csv, 58 条记录
2025-11-25 20:18:24,737 - src.data.csv_processor - INFO - CSV文件读取成功: data\master\prg2\select.csv, 共 0 条记录
2025-11-25 20:18:24,737 - src.data.data_manager - INFO - 加载PRG文件: prg2/select.csv, 0 条记录
2025-11-25 20:18:24,738 - src.data.csv_processor - INFO - CSV文件读取成功: data\master\prg2\switch.csv, 共 0 条记录
2025-11-25 20:18:24,739 - src.data.data_manager - INFO - 加载PRG文件: prg2/switch.csv, 0 条记录
2025-11-25 20:18:24,749 - src.data.data_manager - INFO - 产品数据索引构建完成: 43313 种产品型号
2025-11-25 20:18:24,749 - src.data.data_manager - INFO - 所有CSV文件加载完成
2025-11-25 20:22:17,212 - src.data.csv_processor - INFO - CSV文件读取成功: data\master\ini.csv, 共 46 条记录
2025-11-25 20:22:17,214 - src.data.data_manager - INFO - 加载CSV文件: ini.csv, 46 条记录
2025-11-25 20:22:17,219 - src.data.csv_processor - INFO - CSV文件读取成功: data\master\prg.csv, 共 2 条记录
2025-11-25 20:22:17,221 - src.data.data_manager - INFO - 加载CSV文件: prg.csv, 2 条记录
2025-11-25 20:22:17,224 - src.data.csv_processor - INFO - CSV文件读取成功: data\master\header.csv, 共 5 条记录
2025-11-25 20:22:17,225 - src.data.data_manager - INFO - 加载CSV文件: header.csv, 5 条记录
2025-11-25 20:22:17,227 - src.data.csv_processor - INFO - CSV文件读取成功: data\master\math.csv, 共 19 条记录
2025-11-25 20:22:17,227 - src.data.data_manager - INFO - 加载CSV文件: math.csv, 19 条记录
2025-11-25 20:22:17,727 - src.data.csv_processor - INFO - CSV文件读取成功: data\master\type_define.csv, 共 43440 条记录
2025-11-25 20:22:17,741 - src.data.data_manager - INFO - 加载CSV文件: type_define.csv, 43440 条记录
2025-11-25 20:22:17,747 - src.data.csv_processor - INFO - CSV文件读取成功: data\master\type_relation.csv, 共 0 条记录
2025-11-25 20:22:17,751 - src.data.data_manager - INFO - 加载CSV文件: type_relation.csv, 0 条记录
2025-11-25 20:22:18,397 - src.data.csv_processor - INFO - CSV文件读取成功: data\master\type_prg.csv, 共 50328 条记录
2025-11-25 20:22:18,427 - src.data.data_manager - INFO - 加载CSV文件: type_prg.csv, 50328 条记录
2025-11-25 20:22:18,434 - src.data.csv_processor - INFO - CSV文件读取成功: data\master\type_chngvl.csv, 共 0 条记录
2025-11-25 20:22:18,438 - src.data.data_manager - INFO - 加载CSV文件: type_chngvl.csv, 0 条记录
2025-11-25 20:22:18,444 - src.data.csv_processor - INFO - CSV文件读取成功: data\master\prg1\add.csv, 共 0 条记录
2025-11-25 20:22:18,446 - src.data.data_manager - INFO - 加载PRG文件: prg1/add.csv, 0 条记录
2025-11-25 20:22:18,449 - src.data.csv_processor - INFO - CSV文件读取成功: data\master\prg1\calc.csv, 共 7 条记录
2025-11-25 20:22:18,451 - src.data.data_manager - INFO - 加载PRG文件: prg1/calc.csv, 7 条记录
2025-11-25 20:22:18,455 - src.data.csv_processor - INFO - CSV文件读取成功: data\master\prg1\chngValue.csv, 共 2 条记录
2025-11-25 20:22:18,456 - src.data.data_manager - INFO - 加载PRG文件: prg1/chngValue.csv, 2 条记录
2025-11-25 20:22:18,458 - src.data.csv_processor - INFO - CSV文件读取成功: data\master\prg1\cntrl_rex.csv, 共 51 条记录
2025-11-25 20:22:18,459 - src.data.data_manager - INFO - 加载PRG文件: prg1/cntrl_rex.csv, 51 条记录
2025-11-25 20:22:18,462 - src.data.csv_processor - INFO - CSV文件读取成功: data\master\prg1\cntrl.csv, 共 66 条记录
2025-11-25 20:22:18,465 - src.data.data_manager - INFO - 加载PRG文件: prg1/cntrl.csv, 66 条记录
2025-11-25 20:22:18,473 - src.data.csv_processor - INFO - CSV文件读取成功: data\master\prg1\correct.csv, 共 0 条记录
2025-11-25 20:22:18,478 - src.data.data_manager - INFO - 加载PRG文件: prg1/correct.csv, 0 条记录
2025-11-25 20:22:18,484 - src.data.csv_processor - INFO - CSV文件读取成功: data\master\prg1\define.csv, 共 176 条记录
2025-11-25 20:22:18,485 - src.data.data_manager - INFO - 加载PRG文件: prg1/define.csv, 176 条记录
2025-11-25 20:22:18,488 - src.data.csv_processor - INFO - CSV文件读取成功: data\master\prg1\input.csv, 共 0 条记录
2025-11-25 20:22:18,491 - src.data.data_manager - INFO - 加载PRG文件: prg1/input.csv, 0 条记录
2025-11-25 20:22:18,494 - src.data.csv_processor - INFO - CSV文件读取成功: data\master\prg1\load.csv, 共 10 条记录
2025-11-25 20:22:18,496 - src.data.data_manager - INFO - 加载PRG文件: prg1/load.csv, 10 条记录
2025-11-25 20:22:18,500 - src.data.csv_processor - INFO - CSV文件读取成功: data\master\prg1\measure.csv, 共 0 条记录
2025-11-25 20:22:18,503 - src.data.data_manager - INFO - 加载PRG文件: prg1/measure.csv, 0 条记录
2025-11-25 20:22:18,509 - src.data.csv_processor - INFO - CSV文件读取成功: data\master\prg1\preset.csv, 共 0 条记录
2025-11-25 20:22:18,511 - src.data.data_manager - INFO - 加载PRG文件: prg1/preset.csv, 0 条记录
2025-11-25 20:22:18,520 - src.data.csv_processor - INFO - CSV文件读取成功: data\master\prg1\relation.csv, 共 110 条记录
2025-11-25 20:22:18,522 - src.data.data_manager - INFO - 加载PRG文件: prg1/relation.csv, 110 条记录
2025-11-25 20:22:18,526 - src.data.csv_processor - INFO - CSV文件读取成功: data\master\prg1\select.csv, 共 10 条记录
2025-11-25 20:22:18,541 - src.data.data_manager - INFO - 加载PRG文件: prg1/select.csv, 10 条记录
2025-11-25 20:22:18,544 - src.data.csv_processor - ERROR - 读取CSV文件失败 data\master\prg1\switch.csv: 'utf-8' codec can't decode byte 0xef in position 37: invalid continuation byte
2025-11-25 20:22:18,545 - src.data.data_manager - INFO - 加载PRG文件: prg1/switch.csv, 0 条记录
2025-11-25 20:22:18,617 - src.data.csv_processor - INFO - CSV文件读取成功: data\master\prg1\type_define.csv, 共 8276 条记录
2025-11-25 20:22:18,632 - src.data.data_manager - INFO - 加载PRG文件: prg1/type_define.csv, 8276 条记录
2025-11-25 20:22:18,706 - src.data.csv_processor - INFO - CSV文件读取成功: data\master\prg1\type_prg.csv, 共 8284 条记录
2025-11-25 20:22:18,720 - src.data.data_manager - INFO - 加载PRG文件: prg1/type_prg.csv, 8284 条记录
2025-11-25 20:22:18,724 - src.data.csv_processor - INFO - CSV文件读取成功: data\master\prg2\add.csv, 共 0 条记录
2025-11-25 20:22:18,726 - src.data.data_manager - INFO - 加载PRG文件: prg2/add.csv, 0 条记录
2025-11-25 20:22:18,728 - src.data.csv_processor - INFO - CSV文件读取成功: data\master\prg2\calc.csv, 共 7 条记录
2025-11-25 20:22:18,729 - src.data.data_manager - INFO - 加载PRG文件: prg2/calc.csv, 7 条记录
2025-11-25 20:22:18,732 - src.data.csv_processor - INFO - CSV文件读取成功: data\master\prg2\chngValue.csv, 共 2 条记录
2025-11-25 20:22:18,733 - src.data.data_manager - INFO - 加载PRG文件: prg2/chngValue.csv, 2 条记录
2025-11-25 20:22:18,735 - src.data.csv_processor - INFO - CSV文件读取成功: data\master\prg2\cntrl_rex.csv, 共 51 条记录
2025-11-25 20:22:18,737 - src.data.data_manager - INFO - 加载PRG文件: prg2/cntrl_rex.csv, 51 条记录
2025-11-25 20:22:18,740 - src.data.csv_processor - INFO - CSV文件读取成功: data\master\prg2\cntrl.csv, 共 42 条记录
2025-11-25 20:22:18,741 - src.data.data_manager - INFO - 加载PRG文件: prg2/cntrl.csv, 42 条记录
2025-11-25 20:22:18,743 - src.data.csv_processor - INFO - CSV文件读取成功: data\master\prg2\correct.csv, 共 0 条记录
2025-11-25 20:22:18,746 - src.data.data_manager - INFO - 加载PRG文件: prg2/correct.csv, 0 条记录
2025-11-25 20:22:18,752 - src.data.csv_processor - INFO - CSV文件读取成功: data\master\prg2\define.csv, 共 161 条记录
2025-11-25 20:22:18,757 - src.data.data_manager - INFO - 加载PRG文件: prg2/define.csv, 161 条记录
2025-11-25 20:22:18,763 - src.data.csv_processor - INFO - CSV文件读取成功: data\master\prg2\load.csv, 共 11 条记录
2025-11-25 20:22:18,770 - src.data.data_manager - INFO - 加载PRG文件: prg2/load.csv, 11 条记录
2025-11-25 20:22:18,774 - src.data.csv_processor - INFO - CSV文件读取成功: data\master\prg2\measure.csv, 共 0 条记录
2025-11-25 20:22:18,781 - src.data.data_manager - INFO - 加载PRG文件: prg2/measure.csv, 0 条记录
2025-11-25 20:22:18,789 - src.data.csv_processor - INFO - CSV文件读取成功: data\master\prg2\preset.csv, 共 0 条记录
2025-11-25 20:22:18,792 - src.data.data_manager - INFO - 加载PRG文件: prg2/preset.csv, 0 条记录
2025-11-25 20:22:18,800 - src.data.csv_processor - INFO - CSV文件读取成功: data\master\prg2\relation.csv, 共 58 条记录
2025-11-25 20:22:18,803 - src.data.data_manager - INFO - 加载PRG文件: prg2/relation.csv, 58 条记录
2025-11-25 20:22:18,808 - src.data.csv_processor - INFO - CSV文件读取成功: data\master\prg2\select.csv, 共 0 条记录
2025-11-25 20:22:18,817 - src.data.data_manager - INFO - 加载PRG文件: prg2/select.csv, 0 条记录
2025-11-25 20:22:18,820 - src.data.csv_processor - INFO - CSV文件读取成功: data\master\prg2\switch.csv, 共 0 条记录
2025-11-25 20:22:18,823 - src.data.data_manager - INFO - 加载PRG文件: prg2/switch.csv, 0 条记录
2025-11-25 20:22:18,904 - src.data.data_manager - INFO - 产品数据索引构建完成: 43313 种产品型号
2025-11-25 20:22:18,908 - src.data.data_manager - INFO - 所有CSV文件加载完成
2025-11-25 20:29:22,368 - __main__ - INFO - 应用程序正常退出
2025-11-25 20:36:21,338 - __main__ - INFO - 启动DNC参数计算系统
2025-11-25 20:41:03,232 - __main__ - INFO - 启动DNC参数计算系统
2025-11-25 20:41:03,514 - __main__ - WARNING - 未找到原始master数据目录，将使用空目录
2025-11-25 20:41:03,673 - __main__ - INFO - 启动用户界面
2025-11-25 20:41:03,675 - src.config.config_manager - INFO - 配置文件加载成功: config\app_config.ini
2025-11-25 20:41:03,675 - src.data.csv_processor - INFO - CSV文件读取成功: data\master\ini.csv, 共 46 条记录
2025-11-25 20:41:03,676 - src.data.data_manager - INFO - 加载CSV文件: ini.csv, 46 条记录
2025-11-25 20:41:03,676 - src.data.csv_processor - INFO - CSV文件读取成功: data\master\prg.csv, 共 2 条记录
2025-11-25 20:41:03,676 - src.data.data_manager - INFO - 加载CSV文件: prg.csv, 2 条记录
2025-11-25 20:41:03,677 - src.data.csv_processor - INFO - CSV文件读取成功: data\master\header.csv, 共 5 条记录
2025-11-25 20:41:03,677 - src.data.data_manager - INFO - 加载CSV文件: header.csv, 5 条记录
2025-11-25 20:41:03,677 - src.data.csv_processor - INFO - CSV文件读取成功: data\master\math.csv, 共 19 条记录
2025-11-25 20:41:03,677 - src.data.data_manager - INFO - 加载CSV文件: math.csv, 19 条记录
2025-11-25 20:41:03,761 - src.data.csv_processor - INFO - CSV文件读取成功: data\master\type_define.csv, 共 43440 条记录
2025-11-25 20:41:03,762 - src.data.data_manager - INFO - 加载CSV文件: type_define.csv, 43440 条记录
2025-11-25 20:41:03,762 - src.data.csv_processor - INFO - CSV文件读取成功: data\master\type_relation.csv, 共 0 条记录
2025-11-25 20:41:03,763 - src.data.data_manager - INFO - 加载CSV文件: type_relation.csv, 0 条记录
2025-11-25 20:41:03,890 - src.data.csv_processor - INFO - CSV文件读取成功: data\master\type_prg.csv, 共 50328 条记录
2025-11-25 20:41:03,890 - src.data.data_manager - INFO - 加载CSV文件: type_prg.csv, 50328 条记录
2025-11-25 20:41:03,891 - src.data.csv_processor - INFO - CSV文件读取成功: data\master\type_chngvl.csv, 共 0 条记录
2025-11-25 20:41:03,891 - src.data.data_manager - INFO - 加载CSV文件: type_chngvl.csv, 0 条记录
2025-11-25 20:41:03,891 - src.data.csv_processor - INFO - CSV文件读取成功: data\master\prg1\add.csv, 共 0 条记录
2025-11-25 20:41:03,891 - src.data.data_manager - INFO - 加载PRG文件: prg1/add.csv, 0 条记录
2025-11-25 20:41:03,892 - src.data.csv_processor - INFO - CSV文件读取成功: data\master\prg1\calc.csv, 共 7 条记录
2025-11-25 20:41:03,892 - src.data.data_manager - INFO - 加载PRG文件: prg1/calc.csv, 7 条记录
2025-11-25 20:41:03,892 - src.data.csv_processor - INFO - CSV文件读取成功: data\master\prg1\chngValue.csv, 共 2 条记录
2025-11-25 20:41:03,892 - src.data.data_manager - INFO - 加载PRG文件: prg1/chngValue.csv, 2 条记录
2025-11-25 20:41:03,893 - src.data.csv_processor - INFO - CSV文件读取成功: data\master\prg1\cntrl_rex.csv, 共 51 条记录
2025-11-25 20:41:03,893 - src.data.data_manager - INFO - 加载PRG文件: prg1/cntrl_rex.csv, 51 条记录
2025-11-25 20:41:03,893 - src.data.csv_processor - INFO - CSV文件读取成功: data\master\prg1\cntrl.csv, 共 66 条记录
2025-11-25 20:41:03,893 - src.data.data_manager - INFO - 加载PRG文件: prg1/cntrl.csv, 66 条记录
2025-11-25 20:41:03,893 - src.data.csv_processor - INFO - CSV文件读取成功: data\master\prg1\correct.csv, 共 0 条记录
2025-11-25 20:41:03,893 - src.data.data_manager - INFO - 加载PRG文件: prg1/correct.csv, 0 条记录
2025-11-25 20:41:03,894 - src.data.csv_processor - INFO - CSV文件读取成功: data\master\prg1\define.csv, 共 176 条记录
2025-11-25 20:41:03,894 - src.data.data_manager - INFO - 加载PRG文件: prg1/define.csv, 176 条记录
2025-11-25 20:41:03,895 - src.data.csv_processor - INFO - CSV文件读取成功: data\master\prg1\input.csv, 共 0 条记录
2025-11-25 20:41:03,895 - src.data.data_manager - INFO - 加载PRG文件: prg1/input.csv, 0 条记录
2025-11-25 20:41:03,895 - src.data.csv_processor - INFO - CSV文件读取成功: data\master\prg1\load.csv, 共 10 条记录
2025-11-25 20:41:03,896 - src.data.data_manager - INFO - 加载PRG文件: prg1/load.csv, 10 条记录
2025-11-25 20:41:03,896 - src.data.csv_processor - INFO - CSV文件读取成功: data\master\prg1\measure.csv, 共 0 条记录
2025-11-25 20:41:03,896 - src.data.data_manager - INFO - 加载PRG文件: prg1/measure.csv, 0 条记录
2025-11-25 20:41:03,897 - src.data.csv_processor - INFO - CSV文件读取成功: data\master\prg1\preset.csv, 共 0 条记录
2025-11-25 20:41:03,897 - src.data.data_manager - INFO - 加载PRG文件: prg1/preset.csv, 0 条记录
2025-11-25 20:41:03,898 - src.data.csv_processor - INFO - CSV文件读取成功: data\master\prg1\relation.csv, 共 110 条记录
2025-11-25 20:41:03,898 - src.data.data_manager - INFO - 加载PRG文件: prg1/relation.csv, 110 条记录
2025-11-25 20:41:03,899 - src.data.csv_processor - INFO - CSV文件读取成功: data\master\prg1\select.csv, 共 10 条记录
2025-11-25 20:41:03,899 - src.data.data_manager - INFO - 加载PRG文件: prg1/select.csv, 10 条记录
2025-11-25 20:41:03,900 - src.data.csv_processor - INFO - CSV文件读取成功: data\master\prg1\switch.csv, 共 4 条记录
2025-11-25 20:41:03,900 - src.data.data_manager - INFO - 加载PRG文件: prg1/switch.csv, 4 条记录
2025-11-25 20:41:03,909 - src.data.csv_processor - INFO - CSV文件读取成功: data\master\prg1\type_define.csv, 共 8276 条记录
2025-11-25 20:41:03,910 - src.data.data_manager - INFO - 加载PRG文件: prg1/type_define.csv, 8276 条记录
2025-11-25 20:41:03,922 - src.data.csv_processor - INFO - CSV文件读取成功: data\master\prg1\type_prg.csv, 共 8284 条记录
2025-11-25 20:41:03,922 - src.data.data_manager - INFO - 加载PRG文件: prg1/type_prg.csv, 8284 条记录
2025-11-25 20:41:03,923 - src.data.csv_processor - INFO - CSV文件读取成功: data\master\prg2\add.csv, 共 0 条记录
2025-11-25 20:41:03,923 - src.data.data_manager - INFO - 加载PRG文件: prg2/add.csv, 0 条记录
2025-11-25 20:41:03,923 - src.data.csv_processor - INFO - CSV文件读取成功: data\master\prg2\calc.csv, 共 7 条记录
2025-11-25 20:41:03,923 - src.data.data_manager - INFO - 加载PRG文件: prg2/calc.csv, 7 条记录
2025-11-25 20:41:03,923 - src.data.csv_processor - INFO - CSV文件读取成功: data\master\prg2\chngValue.csv, 共 2 条记录
2025-11-25 20:41:03,923 - src.data.data_manager - INFO - 加载PRG文件: prg2/chngValue.csv, 2 条记录
2025-11-25 20:41:03,924 - src.data.csv_processor - INFO - CSV文件读取成功: data\master\prg2\cntrl_rex.csv, 共 51 条记录
2025-11-25 20:41:03,924 - src.data.data_manager - INFO - 加载PRG文件: prg2/cntrl_rex.csv, 51 条记录
2025-11-25 20:41:03,924 - src.data.csv_processor - INFO - CSV文件读取成功: data\master\prg2\cntrl.csv, 共 42 条记录
2025-11-25 20:41:03,924 - src.data.data_manager - INFO - 加载PRG文件: prg2/cntrl.csv, 42 条记录
2025-11-25 20:41:03,925 - src.data.csv_processor - INFO - CSV文件读取成功: data\master\prg2\correct.csv, 共 0 条记录
2025-11-25 20:41:03,925 - src.data.data_manager - INFO - 加载PRG文件: prg2/correct.csv, 0 条记录
2025-11-25 20:41:03,926 - src.data.csv_processor - INFO - CSV文件读取成功: data\master\prg2\define.csv, 共 161 条记录
2025-11-25 20:41:03,926 - src.data.data_manager - INFO - 加载PRG文件: prg2/define.csv, 161 条记录
2025-11-25 20:41:03,926 - src.data.csv_processor - INFO - CSV文件读取成功: data\master\prg2\load.csv, 共 11 条记录
2025-11-25 20:41:03,926 - src.data.data_manager - INFO - 加载PRG文件: prg2/load.csv, 11 条记录
2025-11-25 20:41:03,927 - src.data.csv_processor - INFO - CSV文件读取成功: data\master\prg2\measure.csv, 共 0 条记录
2025-11-25 20:41:03,927 - src.data.data_manager - INFO - 加载PRG文件: prg2/measure.csv, 0 条记录
2025-11-25 20:41:03,927 - src.data.csv_processor - INFO - CSV文件读取成功: data\master\prg2\preset.csv, 共 0 条记录
2025-11-25 20:41:03,927 - src.data.data_manager - INFO - 加载PRG文件: prg2/preset.csv, 0 条记录
2025-11-25 20:41:03,928 - src.data.csv_processor - INFO - CSV文件读取成功: data\master\prg2\relation.csv, 共 58 条记录
2025-11-25 20:41:03,928 - src.data.data_manager - INFO - 加载PRG文件: prg2/relation.csv, 58 条记录
2025-11-25 20:41:03,929 - src.data.csv_processor - INFO - CSV文件读取成功: data\master\prg2\select.csv, 共 0 条记录
2025-11-25 20:41:03,929 - src.data.data_manager - INFO - 加载PRG文件: prg2/select.csv, 0 条记录
2025-11-25 20:41:03,930 - src.data.csv_processor - INFO - CSV文件读取成功: data\master\prg2\switch.csv, 共 0 条记录
2025-11-25 20:41:03,930 - src.data.data_manager - INFO - 加载PRG文件: prg2/switch.csv, 0 条记录
2025-11-25 20:41:03,938 - src.data.data_manager - INFO - 产品数据索引构建完成: 43313 种产品型号
2025-11-25 20:41:03,938 - src.data.data_manager - INFO - 所有CSV文件加载完成
2025-11-25 20:49:21,298 - __main__ - INFO - 启动DNC参数计算系统
2025-11-25 20:49:21,598 - __main__ - WARNING - 未找到原始master数据目录，将使用空目录
2025-11-25 20:49:21,854 - __main__ - INFO - 启动用户界面
2025-11-25 20:49:21,855 - src.config.config_manager - INFO - 配置文件加载成功: config\app_config.ini
2025-11-25 20:49:21,856 - src.data.csv_processor - INFO - CSV文件读取成功: data\master\ini.csv, 共 46 条记录
2025-11-25 20:49:21,857 - src.data.data_manager - INFO - 加载CSV文件: ini.csv, 46 条记录
2025-11-25 20:49:21,857 - src.data.csv_processor - INFO - CSV文件读取成功: data\master\prg.csv, 共 2 条记录
2025-11-25 20:49:21,857 - src.data.data_manager - INFO - 加载CSV文件: prg.csv, 2 条记录
2025-11-25 20:49:21,858 - src.data.csv_processor - INFO - CSV文件读取成功: data\master\header.csv, 共 5 条记录
2025-11-25 20:49:21,858 - src.data.data_manager - INFO - 加载CSV文件: header.csv, 5 条记录
2025-11-25 20:49:21,858 - src.data.csv_processor - INFO - CSV文件读取成功: data\master\math.csv, 共 19 条记录
2025-11-25 20:49:21,859 - src.data.data_manager - INFO - 加载CSV文件: math.csv, 19 条记录
2025-11-25 20:49:21,924 - src.data.csv_processor - INFO - CSV文件读取成功: data\master\type_define.csv, 共 43440 条记录
2025-11-25 20:49:21,925 - src.data.data_manager - INFO - 加载CSV文件: type_define.csv, 43440 条记录
2025-11-25 20:49:21,926 - src.data.csv_processor - INFO - CSV文件读取成功: data\master\type_relation.csv, 共 0 条记录
2025-11-25 20:49:21,926 - src.data.data_manager - INFO - 加载CSV文件: type_relation.csv, 0 条记录
2025-11-25 20:49:21,994 - src.data.csv_processor - INFO - CSV文件读取成功: data\master\type_prg.csv, 共 50328 条记录
2025-11-25 20:49:21,995 - src.data.data_manager - INFO - 加载CSV文件: type_prg.csv, 50328 条记录
2025-11-25 20:49:21,996 - src.data.csv_processor - INFO - CSV文件读取成功: data\master\type_chngvl.csv, 共 0 条记录
2025-11-25 20:49:21,996 - src.data.data_manager - INFO - 加载CSV文件: type_chngvl.csv, 0 条记录
2025-11-25 20:49:21,997 - src.data.csv_processor - INFO - CSV文件读取成功: data\master\prg1\add.csv, 共 0 条记录
2025-11-25 20:49:21,997 - src.data.data_manager - INFO - 加载PRG文件: prg1/add.csv, 0 条记录
2025-11-25 20:49:21,997 - src.data.csv_processor - INFO - CSV文件读取成功: data\master\prg1\calc.csv, 共 7 条记录
2025-11-25 20:49:21,998 - src.data.data_manager - INFO - 加载PRG文件: prg1/calc.csv, 7 条记录
2025-11-25 20:49:21,998 - src.data.csv_processor - INFO - CSV文件读取成功: data\master\prg1\chngValue.csv, 共 2 条记录
2025-11-25 20:49:21,999 - src.data.data_manager - INFO - 加载PRG文件: prg1/chngValue.csv, 2 条记录
2025-11-25 20:49:22,000 - src.data.csv_processor - INFO - CSV文件读取成功: data\master\prg1\cntrl_rex.csv, 共 51 条记录
2025-11-25 20:49:22,000 - src.data.data_manager - INFO - 加载PRG文件: prg1/cntrl_rex.csv, 51 条记录
2025-11-25 20:49:22,001 - src.data.csv_processor - INFO - CSV文件读取成功: data\master\prg1\cntrl.csv, 共 66 条记录
2025-11-25 20:49:22,002 - src.data.data_manager - INFO - 加载PRG文件: prg1/cntrl.csv, 66 条记录
2025-11-25 20:49:22,002 - src.data.csv_processor - INFO - CSV文件读取成功: data\master\prg1\correct.csv, 共 0 条记录
2025-11-25 20:49:22,002 - src.data.data_manager - INFO - 加载PRG文件: prg1/correct.csv, 0 条记录
2025-11-25 20:49:22,004 - src.data.csv_processor - INFO - CSV文件读取成功: data\master\prg1\define.csv, 共 176 条记录
2025-11-25 20:49:22,004 - src.data.data_manager - INFO - 加载PRG文件: prg1/define.csv, 176 条记录
2025-11-25 20:49:22,005 - src.data.csv_processor - INFO - CSV文件读取成功: data\master\prg1\input.csv, 共 0 条记录
2025-11-25 20:49:22,005 - src.data.data_manager - INFO - 加载PRG文件: prg1/input.csv, 0 条记录
2025-11-25 20:49:22,007 - src.data.csv_processor - INFO - CSV文件读取成功: data\master\prg1\load.csv, 共 10 条记录
2025-11-25 20:49:22,007 - src.data.data_manager - INFO - 加载PRG文件: prg1/load.csv, 10 条记录
2025-11-25 20:49:22,007 - src.data.csv_processor - INFO - CSV文件读取成功: data\master\prg1\measure.csv, 共 0 条记录
2025-11-25 20:49:22,007 - src.data.data_manager - INFO - 加载PRG文件: prg1/measure.csv, 0 条记录
2025-11-25 20:49:22,008 - src.data.csv_processor - INFO - CSV文件读取成功: data\master\prg1\preset.csv, 共 0 条记录
2025-11-25 20:49:22,008 - src.data.data_manager - INFO - 加载PRG文件: prg1/preset.csv, 0 条记录
2025-11-25 20:49:22,010 - src.data.csv_processor - INFO - CSV文件读取成功: data\master\prg1\relation.csv, 共 110 条记录
2025-11-25 20:49:22,010 - src.data.data_manager - INFO - 加载PRG文件: prg1/relation.csv, 110 条记录
2025-11-25 20:49:22,010 - src.data.csv_processor - INFO - CSV文件读取成功: data\master\prg1\select.csv, 共 10 条记录
2025-11-25 20:49:22,010 - src.data.data_manager - INFO - 加载PRG文件: prg1/select.csv, 10 条记录
2025-11-25 20:49:22,012 - src.data.csv_processor - INFO - CSV文件读取成功: data\master\prg1\switch.csv, 共 4 条记录
2025-11-25 20:49:22,013 - src.data.data_manager - INFO - 加载PRG文件: prg1/switch.csv, 4 条记录
2025-11-25 20:49:22,024 - src.data.csv_processor - INFO - CSV文件读取成功: data\master\prg1\type_define.csv, 共 8276 条记录
2025-11-25 20:49:22,025 - src.data.data_manager - INFO - 加载PRG文件: prg1/type_define.csv, 8276 条记录
2025-11-25 20:49:22,033 - src.data.csv_processor - INFO - CSV文件读取成功: data\master\prg1\type_prg.csv, 共 8284 条记录
2025-11-25 20:49:22,034 - src.data.data_manager - INFO - 加载PRG文件: prg1/type_prg.csv, 8284 条记录
2025-11-25 20:49:22,034 - src.data.csv_processor - INFO - CSV文件读取成功: data\master\prg2\add.csv, 共 0 条记录
2025-11-25 20:49:22,035 - src.data.data_manager - INFO - 加载PRG文件: prg2/add.csv, 0 条记录
2025-11-25 20:49:22,036 - src.data.csv_processor - INFO - CSV文件读取成功: data\master\prg2\calc.csv, 共 7 条记录
2025-11-25 20:49:22,036 - src.data.data_manager - INFO - 加载PRG文件: prg2/calc.csv, 7 条记录
2025-11-25 20:49:22,037 - src.data.csv_processor - INFO - CSV文件读取成功: data\master\prg2\chngValue.csv, 共 2 条记录
2025-11-25 20:49:22,037 - src.data.data_manager - INFO - 加载PRG文件: prg2/chngValue.csv, 2 条记录
2025-11-25 20:49:22,039 - src.data.csv_processor - INFO - CSV文件读取成功: data\master\prg2\cntrl_rex.csv, 共 51 条记录
2025-11-25 20:49:22,039 - src.data.data_manager - INFO - 加载PRG文件: prg2/cntrl_rex.csv, 51 条记录
2025-11-25 20:49:22,040 - src.data.csv_processor - INFO - CSV文件读取成功: data\master\prg2\cntrl.csv, 共 42 条记录
2025-11-25 20:49:22,041 - src.data.data_manager - INFO - 加载PRG文件: prg2/cntrl.csv, 42 条记录
2025-11-25 20:49:22,041 - src.data.csv_processor - INFO - CSV文件读取成功: data\master\prg2\correct.csv, 共 0 条记录
2025-11-25 20:49:22,041 - src.data.data_manager - INFO - 加载PRG文件: prg2/correct.csv, 0 条记录
2025-11-25 20:49:22,043 - src.data.csv_processor - INFO - CSV文件读取成功: data\master\prg2\define.csv, 共 161 条记录
2025-11-25 20:49:22,043 - src.data.data_manager - INFO - 加载PRG文件: prg2/define.csv, 161 条记录
2025-11-25 20:49:22,044 - src.data.csv_processor - INFO - CSV文件读取成功: data\master\prg2\load.csv, 共 11 条记录
2025-11-25 20:49:22,044 - src.data.data_manager - INFO - 加载PRG文件: prg2/load.csv, 11 条记录
2025-11-25 20:49:22,045 - src.data.csv_processor - INFO - CSV文件读取成功: data\master\prg2\measure.csv, 共 0 条记录
2025-11-25 20:49:22,045 - src.data.data_manager - INFO - 加载PRG文件: prg2/measure.csv, 0 条记录
2025-11-25 20:49:22,045 - src.data.csv_processor - INFO - CSV文件读取成功: data\master\prg2\preset.csv, 共 0 条记录
2025-11-25 20:49:22,045 - src.data.data_manager - INFO - 加载PRG文件: prg2/preset.csv, 0 条记录
2025-11-25 20:49:22,046 - src.data.csv_processor - INFO - CSV文件读取成功: data\master\prg2\relation.csv, 共 58 条记录
2025-11-25 20:49:22,046 - src.data.data_manager - INFO - 加载PRG文件: prg2/relation.csv, 58 条记录
2025-11-25 20:49:22,046 - src.data.csv_processor - INFO - CSV文件读取成功: data\master\prg2\select.csv, 共 0 条记录
2025-11-25 20:49:22,046 - src.data.data_manager - INFO - 加载PRG文件: prg2/select.csv, 0 条记录
2025-11-25 20:49:22,047 - src.data.csv_processor - INFO - CSV文件读取成功: data\master\prg2\switch.csv, 共 0 条记录
2025-11-25 20:49:22,047 - src.data.data_manager - INFO - 加载PRG文件: prg2/switch.csv, 0 条记录
2025-11-25 20:49:22,054 - src.data.data_manager - INFO - 产品数据索引构建完成: 43313 种产品型号
2025-11-25 20:49:22,055 - src.data.data_manager - INFO - 所有CSV文件加载完成
2025-11-25 20:58:26,390 - __main__ - INFO - 应用程序正常退出
2025-11-25 20:58:34,454 - __main__ - INFO - 启动DNC参数计算系统
2025-11-25 20:58:34,790 - __main__ - WARNING - 未找到原始master数据目录，将使用空目录
2025-11-25 20:58:35,390 - __main__ - INFO - 启动用户界面
2025-11-25 20:58:35,391 - src.config.config_manager - INFO - 配置文件加载成功: config\app_config.ini
2025-11-25 20:58:35,393 - src.data.csv_processor - INFO - CSV文件读取成功: data\master\ini.csv, 共 46 条记录
2025-11-25 20:58:35,393 - src.data.data_manager - INFO - 加载CSV文件: ini.csv, 46 条记录
2025-11-25 20:58:35,394 - src.data.csv_processor - INFO - CSV文件读取成功: data\master\prg.csv, 共 2 条记录
2025-11-25 20:58:35,394 - src.data.data_manager - INFO - 加载CSV文件: prg.csv, 2 条记录
2025-11-25 20:58:35,394 - src.data.csv_processor - INFO - CSV文件读取成功: data\master\header.csv, 共 5 条记录
2025-11-25 20:58:35,395 - src.data.data_manager - INFO - 加载CSV文件: header.csv, 5 条记录
2025-11-25 20:58:35,395 - src.data.csv_processor - INFO - CSV文件读取成功: data\master\math.csv, 共 19 条记录
2025-11-25 20:58:35,395 - src.data.data_manager - INFO - 加载CSV文件: math.csv, 19 条记录
2025-11-25 20:58:35,467 - src.data.csv_processor - INFO - CSV文件读取成功: data\master\type_define.csv, 共 43440 条记录
2025-11-25 20:58:35,468 - src.data.data_manager - INFO - 加载CSV文件: type_define.csv, 43440 条记录
2025-11-25 20:58:35,468 - src.data.csv_processor - INFO - CSV文件读取成功: data\master\type_relation.csv, 共 0 条记录
2025-11-25 20:58:35,469 - src.data.data_manager - INFO - 加载CSV文件: type_relation.csv, 0 条记录
2025-11-25 20:58:35,546 - src.data.csv_processor - INFO - CSV文件读取成功: data\master\type_prg.csv, 共 50328 条记录
2025-11-25 20:58:35,547 - src.data.data_manager - INFO - 加载CSV文件: type_prg.csv, 50328 条记录
2025-11-25 20:58:35,548 - src.data.csv_processor - INFO - CSV文件读取成功: data\master\type_chngvl.csv, 共 0 条记录
2025-11-25 20:58:35,548 - src.data.data_manager - INFO - 加载CSV文件: type_chngvl.csv, 0 条记录
2025-11-25 20:58:35,549 - src.data.csv_processor - INFO - CSV文件读取成功: data\master\prg1\add.csv, 共 0 条记录
2025-11-25 20:58:35,549 - src.data.data_manager - INFO - 加载PRG文件: prg1/add.csv, 0 条记录
2025-11-25 20:58:35,550 - src.data.csv_processor - INFO - CSV文件读取成功: data\master\prg1\calc.csv, 共 7 条记录
2025-11-25 20:58:35,550 - src.data.data_manager - INFO - 加载PRG文件: prg1/calc.csv, 7 条记录
2025-11-25 20:58:35,550 - src.data.csv_processor - INFO - CSV文件读取成功: data\master\prg1\chngValue.csv, 共 2 条记录
2025-11-25 20:58:35,551 - src.data.data_manager - INFO - 加载PRG文件: prg1/chngValue.csv, 2 条记录
2025-11-25 20:58:35,551 - src.data.csv_processor - INFO - CSV文件读取成功: data\master\prg1\cntrl_rex.csv, 共 51 条记录
2025-11-25 20:58:35,551 - src.data.data_manager - INFO - 加载PRG文件: prg1/cntrl_rex.csv, 51 条记录
2025-11-25 20:58:35,552 - src.data.csv_processor - INFO - CSV文件读取成功: data\master\prg1\cntrl.csv, 共 66 条记录
2025-11-25 20:58:35,552 - src.data.data_manager - INFO - 加载PRG文件: prg1/cntrl.csv, 66 条记录
2025-11-25 20:58:35,553 - src.data.csv_processor - INFO - CSV文件读取成功: data\master\prg1\correct.csv, 共 0 条记录
2025-11-25 20:58:35,553 - src.data.data_manager - INFO - 加载PRG文件: prg1/correct.csv, 0 条记录
2025-11-25 20:58:35,554 - src.data.csv_processor - INFO - CSV文件读取成功: data\master\prg1\define.csv, 共 176 条记录
2025-11-25 20:58:35,554 - src.data.data_manager - INFO - 加载PRG文件: prg1/define.csv, 176 条记录
2025-11-25 20:58:35,554 - src.data.csv_processor - INFO - CSV文件读取成功: data\master\prg1\input.csv, 共 0 条记录
2025-11-25 20:58:35,554 - src.data.data_manager - INFO - 加载PRG文件: prg1/input.csv, 0 条记录
2025-11-25 20:58:35,555 - src.data.csv_processor - INFO - CSV文件读取成功: data\master\prg1\load.csv, 共 10 条记录
2025-11-25 20:58:35,555 - src.data.data_manager - INFO - 加载PRG文件: prg1/load.csv, 10 条记录
2025-11-25 20:58:35,556 - src.data.csv_processor - INFO - CSV文件读取成功: data\master\prg1\measure.csv, 共 0 条记录
2025-11-25 20:58:35,556 - src.data.data_manager - INFO - 加载PRG文件: prg1/measure.csv, 0 条记录
2025-11-25 20:58:35,556 - src.data.csv_processor - INFO - CSV文件读取成功: data\master\prg1\preset.csv, 共 0 条记录
2025-11-25 20:58:35,557 - src.data.data_manager - INFO - 加载PRG文件: prg1/preset.csv, 0 条记录
2025-11-25 20:58:35,558 - src.data.csv_processor - INFO - CSV文件读取成功: data\master\prg1\relation.csv, 共 110 条记录
2025-11-25 20:58:35,558 - src.data.data_manager - INFO - 加载PRG文件: prg1/relation.csv, 110 条记录
2025-11-25 20:58:35,559 - src.data.csv_processor - INFO - CSV文件读取成功: data\master\prg1\select.csv, 共 10 条记录
2025-11-25 20:58:35,559 - src.data.data_manager - INFO - 加载PRG文件: prg1/select.csv, 10 条记录
2025-11-25 20:58:35,562 - src.data.csv_processor - INFO - CSV文件读取成功: data\master\prg1\switch.csv, 共 4 条记录
2025-11-25 20:58:35,562 - src.data.data_manager - INFO - 加载PRG文件: prg1/switch.csv, 4 条记录
2025-11-25 20:58:35,574 - src.data.csv_processor - INFO - CSV文件读取成功: data\master\prg1\type_define.csv, 共 8276 条记录
2025-11-25 20:58:35,574 - src.data.data_manager - INFO - 加载PRG文件: prg1/type_define.csv, 8276 条记录
2025-11-25 20:58:35,591 - src.data.csv_processor - INFO - CSV文件读取成功: data\master\prg1\type_prg.csv, 共 8284 条记录
2025-11-25 20:58:35,591 - src.data.data_manager - INFO - 加载PRG文件: prg1/type_prg.csv, 8284 条记录
2025-11-25 20:58:35,594 - src.data.csv_processor - INFO - CSV文件读取成功: data\master\prg2\add.csv, 共 0 条记录
2025-11-25 20:58:35,595 - src.data.data_manager - INFO - 加载PRG文件: prg2/add.csv, 0 条记录
2025-11-25 20:58:35,596 - src.data.csv_processor - INFO - CSV文件读取成功: data\master\prg2\calc.csv, 共 7 条记录
2025-11-25 20:58:35,596 - src.data.data_manager - INFO - 加载PRG文件: prg2/calc.csv, 7 条记录
2025-11-25 20:58:35,597 - src.data.csv_processor - INFO - CSV文件读取成功: data\master\prg2\chngValue.csv, 共 2 条记录
2025-11-25 20:58:35,597 - src.data.data_manager - INFO - 加载PRG文件: prg2/chngValue.csv, 2 条记录
2025-11-25 20:58:35,598 - src.data.csv_processor - INFO - CSV文件读取成功: data\master\prg2\cntrl_rex.csv, 共 51 条记录
2025-11-25 20:58:35,598 - src.data.data_manager - INFO - 加载PRG文件: prg2/cntrl_rex.csv, 51 条记录
2025-11-25 20:58:35,598 - src.data.csv_processor - INFO - CSV文件读取成功: data\master\prg2\cntrl.csv, 共 42 条记录
2025-11-25 20:58:35,599 - src.data.data_manager - INFO - 加载PRG文件: prg2/cntrl.csv, 42 条记录
2025-11-25 20:58:35,599 - src.data.csv_processor - INFO - CSV文件读取成功: data\master\prg2\correct.csv, 共 0 条记录
2025-11-25 20:58:35,599 - src.data.data_manager - INFO - 加载PRG文件: prg2/correct.csv, 0 条记录
2025-11-25 20:58:35,600 - src.data.csv_processor - INFO - CSV文件读取成功: data\master\prg2\define.csv, 共 161 条记录
2025-11-25 20:58:35,600 - src.data.data_manager - INFO - 加载PRG文件: prg2/define.csv, 161 条记录
2025-11-25 20:58:35,601 - src.data.csv_processor - INFO - CSV文件读取成功: data\master\prg2\load.csv, 共 11 条记录
2025-11-25 20:58:35,601 - src.data.data_manager - INFO - 加载PRG文件: prg2/load.csv, 11 条记录
2025-11-25 20:58:35,602 - src.data.csv_processor - INFO - CSV文件读取成功: data\master\prg2\measure.csv, 共 0 条记录
2025-11-25 20:58:35,602 - src.data.data_manager - INFO - 加载PRG文件: prg2/measure.csv, 0 条记录
2025-11-25 20:58:35,602 - src.data.csv_processor - INFO - CSV文件读取成功: data\master\prg2\preset.csv, 共 0 条记录
2025-11-25 20:58:35,603 - src.data.data_manager - INFO - 加载PRG文件: prg2/preset.csv, 0 条记录
2025-11-25 20:58:35,603 - src.data.csv_processor - INFO - CSV文件读取成功: data\master\prg2\relation.csv, 共 58 条记录
2025-11-25 20:58:35,604 - src.data.data_manager - INFO - 加载PRG文件: prg2/relation.csv, 58 条记录
2025-11-25 20:58:35,604 - src.data.csv_processor - INFO - CSV文件读取成功: data\master\prg2\select.csv, 共 0 条记录
2025-11-25 20:58:35,604 - src.data.data_manager - INFO - 加载PRG文件: prg2/select.csv, 0 条记录
2025-11-25 20:58:35,605 - src.data.csv_processor - INFO - CSV文件读取成功: data\master\prg2\switch.csv, 共 0 条记录
2025-11-25 20:58:35,605 - src.data.data_manager - INFO - 加载PRG文件: prg2/switch.csv, 0 条记录
2025-11-25 20:58:35,615 - src.data.data_manager - INFO - 产品数据索引构建完成: 43313 种产品型号
2025-11-25 20:58:35,615 - src.data.data_manager - INFO - 所有CSV文件加载完成
2025-11-25 20:59:59,182 - src.ui.main_window - INFO - 找到匹配型号: GPA20GT15040_A (从输入 GPA20GT15040_A-H8 匹配)
2025-11-25 21:00:57,738 - __main__ - INFO - 启动DNC参数计算系统
2025-11-25 21:00:57,994 - __main__ - WARNING - 未找到原始master数据目录，将使用空目录
2025-11-25 21:00:58,102 - __main__ - INFO - 启动用户界面
2025-11-25 21:00:58,103 - src.config.config_manager - INFO - 配置文件加载成功: config\app_config.ini
2025-11-25 21:00:58,104 - src.data.csv_processor - INFO - CSV文件读取成功: data\master\ini.csv, 共 46 条记录
2025-11-25 21:00:58,104 - src.data.data_manager - INFO - 加载CSV文件: ini.csv, 46 条记录
2025-11-25 21:00:58,104 - src.data.csv_processor - INFO - CSV文件读取成功: data\master\prg.csv, 共 2 条记录
2025-11-25 21:00:58,105 - src.data.data_manager - INFO - 加载CSV文件: prg.csv, 2 条记录
2025-11-25 21:00:58,105 - src.data.csv_processor - INFO - CSV文件读取成功: data\master\header.csv, 共 5 条记录
2025-11-25 21:00:58,105 - src.data.data_manager - INFO - 加载CSV文件: header.csv, 5 条记录
2025-11-25 21:00:58,105 - src.data.csv_processor - INFO - CSV文件读取成功: data\master\math.csv, 共 19 条记录
2025-11-25 21:00:58,105 - src.data.data_manager - INFO - 加载CSV文件: math.csv, 19 条记录
2025-11-25 21:00:58,170 - src.data.csv_processor - INFO - CSV文件读取成功: data\master\type_define.csv, 共 43440 条记录
2025-11-25 21:00:58,171 - src.data.data_manager - INFO - 加载CSV文件: type_define.csv, 43440 条记录
2025-11-25 21:00:58,172 - src.data.csv_processor - INFO - CSV文件读取成功: data\master\type_relation.csv, 共 0 条记录
2025-11-25 21:00:58,172 - src.data.data_manager - INFO - 加载CSV文件: type_relation.csv, 0 条记录
2025-11-25 21:00:58,285 - src.data.csv_processor - INFO - CSV文件读取成功: data\master\type_prg.csv, 共 50328 条记录
2025-11-25 21:00:58,286 - src.data.data_manager - INFO - 加载CSV文件: type_prg.csv, 50328 条记录
2025-11-25 21:00:58,286 - src.data.csv_processor - INFO - CSV文件读取成功: data\master\type_chngvl.csv, 共 0 条记录
2025-11-25 21:00:58,286 - src.data.data_manager - INFO - 加载CSV文件: type_chngvl.csv, 0 条记录
2025-11-25 21:00:58,286 - src.data.csv_processor - INFO - CSV文件读取成功: data\master\prg1\add.csv, 共 0 条记录
2025-11-25 21:00:58,287 - src.data.data_manager - INFO - 加载PRG文件: prg1/add.csv, 0 条记录
2025-11-25 21:00:58,287 - src.data.csv_processor - INFO - CSV文件读取成功: data\master\prg1\calc.csv, 共 7 条记录
2025-11-25 21:00:58,287 - src.data.data_manager - INFO - 加载PRG文件: prg1/calc.csv, 7 条记录
2025-11-25 21:00:58,287 - src.data.csv_processor - INFO - CSV文件读取成功: data\master\prg1\chngValue.csv, 共 2 条记录
2025-11-25 21:00:58,287 - src.data.data_manager - INFO - 加载PRG文件: prg1/chngValue.csv, 2 条记录
2025-11-25 21:00:58,287 - src.data.csv_processor - INFO - CSV文件读取成功: data\master\prg1\cntrl_rex.csv, 共 51 条记录
2025-11-25 21:00:58,288 - src.data.data_manager - INFO - 加载PRG文件: prg1/cntrl_rex.csv, 51 条记录
2025-11-25 21:00:58,288 - src.data.csv_processor - INFO - CSV文件读取成功: data\master\prg1\cntrl.csv, 共 66 条记录
2025-11-25 21:00:58,288 - src.data.data_manager - INFO - 加载PRG文件: prg1/cntrl.csv, 66 条记录
2025-11-25 21:00:58,288 - src.data.csv_processor - INFO - CSV文件读取成功: data\master\prg1\correct.csv, 共 0 条记录
2025-11-25 21:00:58,288 - src.data.data_manager - INFO - 加载PRG文件: prg1/correct.csv, 0 条记录
2025-11-25 21:00:58,289 - src.data.csv_processor - INFO - CSV文件读取成功: data\master\prg1\define.csv, 共 176 条记录
2025-11-25 21:00:58,289 - src.data.data_manager - INFO - 加载PRG文件: prg1/define.csv, 176 条记录
2025-11-25 21:00:58,290 - src.data.csv_processor - INFO - CSV文件读取成功: data\master\prg1\input.csv, 共 0 条记录
2025-11-25 21:00:58,290 - src.data.data_manager - INFO - 加载PRG文件: prg1/input.csv, 0 条记录
2025-11-25 21:00:58,291 - src.data.csv_processor - INFO - CSV文件读取成功: data\master\prg1\load.csv, 共 10 条记录
2025-11-25 21:00:58,291 - src.data.data_manager - INFO - 加载PRG文件: prg1/load.csv, 10 条记录
2025-11-25 21:00:58,291 - src.data.csv_processor - INFO - CSV文件读取成功: data\master\prg1\measure.csv, 共 0 条记录
2025-11-25 21:00:58,291 - src.data.data_manager - INFO - 加载PRG文件: prg1/measure.csv, 0 条记录
2025-11-25 21:00:58,292 - src.data.csv_processor - INFO - CSV文件读取成功: data\master\prg1\preset.csv, 共 0 条记录
2025-11-25 21:00:58,292 - src.data.data_manager - INFO - 加载PRG文件: prg1/preset.csv, 0 条记录
2025-11-25 21:00:58,293 - src.data.csv_processor - INFO - CSV文件读取成功: data\master\prg1\relation.csv, 共 110 条记录
2025-11-25 21:00:58,293 - src.data.data_manager - INFO - 加载PRG文件: prg1/relation.csv, 110 条记录
2025-11-25 21:00:58,293 - src.data.csv_processor - INFO - CSV文件读取成功: data\master\prg1\select.csv, 共 10 条记录
2025-11-25 21:00:58,293 - src.data.data_manager - INFO - 加载PRG文件: prg1/select.csv, 10 条记录
2025-11-25 21:00:58,295 - src.data.csv_processor - INFO - CSV文件读取成功: data\master\prg1\switch.csv, 共 4 条记录
2025-11-25 21:00:58,295 - src.data.data_manager - INFO - 加载PRG文件: prg1/switch.csv, 4 条记录
2025-11-25 21:00:58,303 - src.data.csv_processor - INFO - CSV文件读取成功: data\master\prg1\type_define.csv, 共 8276 条记录
2025-11-25 21:00:58,304 - src.data.data_manager - INFO - 加载PRG文件: prg1/type_define.csv, 8276 条记录
2025-11-25 21:00:58,314 - src.data.csv_processor - INFO - CSV文件读取成功: data\master\prg1\type_prg.csv, 共 8284 条记录
2025-11-25 21:00:58,314 - src.data.data_manager - INFO - 加载PRG文件: prg1/type_prg.csv, 8284 条记录
2025-11-25 21:00:58,315 - src.data.csv_processor - INFO - CSV文件读取成功: data\master\prg2\add.csv, 共 0 条记录
2025-11-25 21:00:58,315 - src.data.data_manager - INFO - 加载PRG文件: prg2/add.csv, 0 条记录
2025-11-25 21:00:58,315 - src.data.csv_processor - INFO - CSV文件读取成功: data\master\prg2\calc.csv, 共 7 条记录
2025-11-25 21:00:58,315 - src.data.data_manager - INFO - 加载PRG文件: prg2/calc.csv, 7 条记录
2025-11-25 21:00:58,316 - src.data.csv_processor - INFO - CSV文件读取成功: data\master\prg2\chngValue.csv, 共 2 条记录
2025-11-25 21:00:58,316 - src.data.data_manager - INFO - 加载PRG文件: prg2/chngValue.csv, 2 条记录
2025-11-25 21:00:58,316 - src.data.csv_processor - INFO - CSV文件读取成功: data\master\prg2\cntrl_rex.csv, 共 51 条记录
2025-11-25 21:00:58,316 - src.data.data_manager - INFO - 加载PRG文件: prg2/cntrl_rex.csv, 51 条记录
2025-11-25 21:00:58,316 - src.data.csv_processor - INFO - CSV文件读取成功: data\master\prg2\cntrl.csv, 共 42 条记录
2025-11-25 21:00:58,316 - src.data.data_manager - INFO - 加载PRG文件: prg2/cntrl.csv, 42 条记录
2025-11-25 21:00:58,317 - src.data.csv_processor - INFO - CSV文件读取成功: data\master\prg2\correct.csv, 共 0 条记录
2025-11-25 21:00:58,317 - src.data.data_manager - INFO - 加载PRG文件: prg2/correct.csv, 0 条记录
2025-11-25 21:00:58,317 - src.data.csv_processor - INFO - CSV文件读取成功: data\master\prg2\define.csv, 共 161 条记录
2025-11-25 21:00:58,317 - src.data.data_manager - INFO - 加载PRG文件: prg2/define.csv, 161 条记录
2025-11-25 21:00:58,318 - src.data.csv_processor - INFO - CSV文件读取成功: data\master\prg2\load.csv, 共 11 条记录
2025-11-25 21:00:58,318 - src.data.data_manager - INFO - 加载PRG文件: prg2/load.csv, 11 条记录
2025-11-25 21:00:58,318 - src.data.csv_processor - INFO - CSV文件读取成功: data\master\prg2\measure.csv, 共 0 条记录
2025-11-25 21:00:58,318 - src.data.data_manager - INFO - 加载PRG文件: prg2/measure.csv, 0 条记录
2025-11-25 21:00:58,318 - src.data.csv_processor - INFO - CSV文件读取成功: data\master\prg2\preset.csv, 共 0 条记录
2025-11-25 21:00:58,318 - src.data.data_manager - INFO - 加载PRG文件: prg2/preset.csv, 0 条记录
2025-11-25 21:00:58,319 - src.data.csv_processor - INFO - CSV文件读取成功: data\master\prg2\relation.csv, 共 58 条记录
2025-11-25 21:00:58,319 - src.data.data_manager - INFO - 加载PRG文件: prg2/relation.csv, 58 条记录
2025-11-25 21:00:58,319 - src.data.csv_processor - INFO - CSV文件读取成功: data\master\prg2\select.csv, 共 0 条记录
2025-11-25 21:00:58,319 - src.data.data_manager - INFO - 加载PRG文件: prg2/select.csv, 0 条记录
2025-11-25 21:00:58,320 - src.data.csv_processor - INFO - CSV文件读取成功: data\master\prg2\switch.csv, 共 0 条记录
2025-11-25 21:00:58,320 - src.data.data_manager - INFO - 加载PRG文件: prg2/switch.csv, 0 条记录
2025-11-25 21:00:58,330 - src.data.data_manager - INFO - 产品数据索引构建完成: 43313 种产品型号
2025-11-25 21:00:58,330 - src.data.data_manager - INFO - 所有CSV文件加载完成
2025-11-25 21:07:02,048 - __main__ - INFO - 应用程序正常退出
2025-11-25 21:07:08,098 - __main__ - INFO - 启动DNC参数计算系统
2025-11-25 21:07:08,400 - __main__ - WARNING - 未找到原始master数据目录，将使用空目录
2025-11-25 21:07:08,818 - __main__ - INFO - 启动用户界面
2025-11-25 21:07:08,819 - src.config.config_manager - INFO - 配置文件加载成功: config\app_config.ini
2025-11-25 21:07:08,820 - src.data.csv_processor - INFO - CSV文件读取成功: data\master\ini.csv, 共 46 条记录
2025-11-25 21:07:08,820 - src.data.data_manager - INFO - 加载CSV文件: ini.csv, 46 条记录
2025-11-25 21:07:08,820 - src.data.csv_processor - INFO - CSV文件读取成功: data\master\prg.csv, 共 2 条记录
2025-11-25 21:07:08,820 - src.data.data_manager - INFO - 加载CSV文件: prg.csv, 2 条记录
2025-11-25 21:07:08,821 - src.data.csv_processor - INFO - CSV文件读取成功: data\master\header.csv, 共 5 条记录
2025-11-25 21:07:08,821 - src.data.data_manager - INFO - 加载CSV文件: header.csv, 5 条记录
2025-11-25 21:07:08,821 - src.data.csv_processor - INFO - CSV文件读取成功: data\master\math.csv, 共 19 条记录
2025-11-25 21:07:08,821 - src.data.data_manager - INFO - 加载CSV文件: math.csv, 19 条记录
2025-11-25 21:07:08,881 - src.data.csv_processor - INFO - CSV文件读取成功: data\master\type_define.csv, 共 43440 条记录
2025-11-25 21:07:08,882 - src.data.data_manager - INFO - 加载CSV文件: type_define.csv, 43440 条记录
2025-11-25 21:07:08,883 - src.data.csv_processor - INFO - CSV文件读取成功: data\master\type_relation.csv, 共 0 条记录
2025-11-25 21:07:08,883 - src.data.data_manager - INFO - 加载CSV文件: type_relation.csv, 0 条记录
2025-11-25 21:07:08,944 - src.data.csv_processor - INFO - CSV文件读取成功: data\master\type_prg.csv, 共 50328 条记录
2025-11-25 21:07:08,945 - src.data.data_manager - INFO - 加载CSV文件: type_prg.csv, 50328 条记录
2025-11-25 21:07:08,945 - src.data.csv_processor - INFO - CSV文件读取成功: data\master\type_chngvl.csv, 共 0 条记录
2025-11-25 21:07:08,946 - src.data.data_manager - INFO - 加载CSV文件: type_chngvl.csv, 0 条记录
2025-11-25 21:07:08,946 - src.data.csv_processor - INFO - CSV文件读取成功: data\master\prg1\add.csv, 共 0 条记录
2025-11-25 21:07:08,947 - src.data.data_manager - INFO - 加载PRG文件: prg1/add.csv, 0 条记录
2025-11-25 21:07:08,947 - src.data.csv_processor - INFO - CSV文件读取成功: data\master\prg1\calc.csv, 共 7 条记录
2025-11-25 21:07:08,947 - src.data.data_manager - INFO - 加载PRG文件: prg1/calc.csv, 7 条记录
2025-11-25 21:07:08,948 - src.data.csv_processor - INFO - CSV文件读取成功: data\master\prg1\chngValue.csv, 共 2 条记录
2025-11-25 21:07:08,948 - src.data.data_manager - INFO - 加载PRG文件: prg1/chngValue.csv, 2 条记录
2025-11-25 21:07:08,949 - src.data.csv_processor - INFO - CSV文件读取成功: data\master\prg1\cntrl_rex.csv, 共 51 条记录
2025-11-25 21:07:08,950 - src.data.data_manager - INFO - 加载PRG文件: prg1/cntrl_rex.csv, 51 条记录
2025-11-25 21:07:08,951 - src.data.csv_processor - INFO - CSV文件读取成功: data\master\prg1\cntrl.csv, 共 66 条记录
2025-11-25 21:07:08,951 - src.data.data_manager - INFO - 加载PRG文件: prg1/cntrl.csv, 66 条记录
2025-11-25 21:07:08,952 - src.data.csv_processor - INFO - CSV文件读取成功: data\master\prg1\correct.csv, 共 0 条记录
2025-11-25 21:07:08,952 - src.data.data_manager - INFO - 加载PRG文件: prg1/correct.csv, 0 条记录
2025-11-25 21:07:08,953 - src.data.csv_processor - INFO - CSV文件读取成功: data\master\prg1\define.csv, 共 176 条记录
2025-11-25 21:07:08,953 - src.data.data_manager - INFO - 加载PRG文件: prg1/define.csv, 176 条记录
2025-11-25 21:07:08,954 - src.data.csv_processor - INFO - CSV文件读取成功: data\master\prg1\input.csv, 共 0 条记录
2025-11-25 21:07:08,954 - src.data.data_manager - INFO - 加载PRG文件: prg1/input.csv, 0 条记录
2025-11-25 21:07:08,955 - src.data.csv_processor - INFO - CSV文件读取成功: data\master\prg1\load.csv, 共 10 条记录
2025-11-25 21:07:08,955 - src.data.data_manager - INFO - 加载PRG文件: prg1/load.csv, 10 条记录
2025-11-25 21:07:08,955 - src.data.csv_processor - INFO - CSV文件读取成功: data\master\prg1\measure.csv, 共 0 条记录
2025-11-25 21:07:08,956 - src.data.data_manager - INFO - 加载PRG文件: prg1/measure.csv, 0 条记录
2025-11-25 21:07:08,956 - src.data.csv_processor - INFO - CSV文件读取成功: data\master\prg1\preset.csv, 共 0 条记录
2025-11-25 21:07:08,956 - src.data.data_manager - INFO - 加载PRG文件: prg1/preset.csv, 0 条记录
2025-11-25 21:07:08,958 - src.data.csv_processor - INFO - CSV文件读取成功: data\master\prg1\relation.csv, 共 110 条记录
2025-11-25 21:07:08,958 - src.data.data_manager - INFO - 加载PRG文件: prg1/relation.csv, 110 条记录
2025-11-25 21:07:08,958 - src.data.csv_processor - INFO - CSV文件读取成功: data\master\prg1\select.csv, 共 10 条记录
2025-11-25 21:07:08,959 - src.data.data_manager - INFO - 加载PRG文件: prg1/select.csv, 10 条记录
2025-11-25 21:07:08,960 - src.data.csv_processor - INFO - CSV文件读取成功: data\master\prg1\switch.csv, 共 4 条记录
2025-11-25 21:07:08,960 - src.data.data_manager - INFO - 加载PRG文件: prg1/switch.csv, 4 条记录
2025-11-25 21:07:08,972 - src.data.csv_processor - INFO - CSV文件读取成功: data\master\prg1\type_define.csv, 共 8276 条记录
2025-11-25 21:07:08,972 - src.data.data_manager - INFO - 加载PRG文件: prg1/type_define.csv, 8276 条记录
2025-11-25 21:07:08,980 - src.data.csv_processor - INFO - CSV文件读取成功: data\master\prg1\type_prg.csv, 共 8284 条记录
2025-11-25 21:07:08,980 - src.data.data_manager - INFO - 加载PRG文件: prg1/type_prg.csv, 8284 条记录
2025-11-25 21:07:08,981 - src.data.csv_processor - INFO - CSV文件读取成功: data\master\prg2\add.csv, 共 0 条记录
2025-11-25 21:07:08,982 - src.data.data_manager - INFO - 加载PRG文件: prg2/add.csv, 0 条记录
2025-11-25 21:07:08,982 - src.data.csv_processor - INFO - CSV文件读取成功: data\master\prg2\calc.csv, 共 7 条记录
2025-11-25 21:07:08,982 - src.data.data_manager - INFO - 加载PRG文件: prg2/calc.csv, 7 条记录
2025-11-25 21:07:08,983 - src.data.csv_processor - INFO - CSV文件读取成功: data\master\prg2\chngValue.csv, 共 2 条记录
2025-11-25 21:07:08,983 - src.data.data_manager - INFO - 加载PRG文件: prg2/chngValue.csv, 2 条记录
2025-11-25 21:07:08,984 - src.data.csv_processor - INFO - CSV文件读取成功: data\master\prg2\cntrl_rex.csv, 共 51 条记录
2025-11-25 21:07:08,984 - src.data.data_manager - INFO - 加载PRG文件: prg2/cntrl_rex.csv, 51 条记录
2025-11-25 21:07:08,985 - src.data.csv_processor - INFO - CSV文件读取成功: data\master\prg2\cntrl.csv, 共 42 条记录
2025-11-25 21:07:08,986 - src.data.data_manager - INFO - 加载PRG文件: prg2/cntrl.csv, 42 条记录
2025-11-25 21:07:08,986 - src.data.csv_processor - INFO - CSV文件读取成功: data\master\prg2\correct.csv, 共 0 条记录
2025-11-25 21:07:08,986 - src.data.data_manager - INFO - 加载PRG文件: prg2/correct.csv, 0 条记录
2025-11-25 21:07:08,988 - src.data.csv_processor - INFO - CSV文件读取成功: data\master\prg2\define.csv, 共 161 条记录
2025-11-25 21:07:08,988 - src.data.data_manager - INFO - 加载PRG文件: prg2/define.csv, 161 条记录
2025-11-25 21:07:08,989 - src.data.csv_processor - INFO - CSV文件读取成功: data\master\prg2\load.csv, 共 11 条记录
2025-11-25 21:07:08,989 - src.data.data_manager - INFO - 加载PRG文件: prg2/load.csv, 11 条记录
2025-11-25 21:07:08,990 - src.data.csv_processor - INFO - CSV文件读取成功: data\master\prg2\measure.csv, 共 0 条记录
2025-11-25 21:07:08,990 - src.data.data_manager - INFO - 加载PRG文件: prg2/measure.csv, 0 条记录
2025-11-25 21:07:08,991 - src.data.csv_processor - INFO - CSV文件读取成功: data\master\prg2\preset.csv, 共 0 条记录
2025-11-25 21:07:08,991 - src.data.data_manager - INFO - 加载PRG文件: prg2/preset.csv, 0 条记录
2025-11-25 21:07:08,992 - src.data.csv_processor - INFO - CSV文件读取成功: data\master\prg2\relation.csv, 共 58 条记录
2025-11-25 21:07:08,992 - src.data.data_manager - INFO - 加载PRG文件: prg2/relation.csv, 58 条记录
2025-11-25 21:07:08,993 - src.data.csv_processor - INFO - CSV文件读取成功: data\master\prg2\select.csv, 共 0 条记录
2025-11-25 21:07:08,993 - src.data.data_manager - INFO - 加载PRG文件: prg2/select.csv, 0 条记录
2025-11-25 21:07:08,993 - src.data.csv_processor - INFO - CSV文件读取成功: data\master\prg2\switch.csv, 共 0 条记录
2025-11-25 21:07:08,993 - src.data.data_manager - INFO - 加载PRG文件: prg2/switch.csv, 0 条记录
2025-11-25 21:07:08,999 - src.data.data_manager - INFO - 产品数据索引构建完成: 43313 种产品型号
2025-11-25 21:07:08,999 - src.data.data_manager - INFO - 所有CSV文件加载完成
2025-11-25 21:07:27,058 - src.ui.main_window - INFO - 找到匹配型号: GPA18GT15040_A (从输入 GPA18GT15040_A-H8 匹配)
2025-11-25 21:07:45,297 - __main__ - INFO - 应用程序正常退出
2025-11-25 21:07:55,825 - __main__ - INFO - 启动DNC参数计算系统
2025-11-25 21:07:56,074 - __main__ - WARNING - 未找到原始master数据目录，将使用空目录
2025-11-25 21:07:56,194 - __main__ - INFO - 启动用户界面
2025-11-25 21:07:56,195 - src.config.config_manager - INFO - 配置文件加载成功: config\app_config.ini
2025-11-25 21:07:56,196 - src.data.csv_processor - INFO - CSV文件读取成功: data\master\ini.csv, 共 46 条记录
2025-11-25 21:07:56,196 - src.data.data_manager - INFO - 加载CSV文件: ini.csv, 46 条记录
2025-11-25 21:07:56,197 - src.data.csv_processor - INFO - CSV文件读取成功: data\master\prg.csv, 共 2 条记录
2025-11-25 21:07:56,197 - src.data.data_manager - INFO - 加载CSV文件: prg.csv, 2 条记录
2025-11-25 21:07:56,197 - src.data.csv_processor - INFO - CSV文件读取成功: data\master\header.csv, 共 5 条记录
2025-11-25 21:07:56,197 - src.data.data_manager - INFO - 加载CSV文件: header.csv, 5 条记录
2025-11-25 21:07:56,198 - src.data.csv_processor - INFO - CSV文件读取成功: data\master\math.csv, 共 19 条记录
2025-11-25 21:07:56,198 - src.data.data_manager - INFO - 加载CSV文件: math.csv, 19 条记录
2025-11-25 21:07:56,246 - src.data.csv_processor - INFO - CSV文件读取成功: data\master\type_define.csv, 共 43440 条记录
2025-11-25 21:07:56,247 - src.data.data_manager - INFO - 加载CSV文件: type_define.csv, 43440 条记录
2025-11-25 21:07:56,248 - src.data.csv_processor - INFO - CSV文件读取成功: data\master\type_relation.csv, 共 0 条记录
2025-11-25 21:07:56,248 - src.data.data_manager - INFO - 加载CSV文件: type_relation.csv, 0 条记录
2025-11-25 21:07:56,315 - src.data.csv_processor - INFO - CSV文件读取成功: data\master\type_prg.csv, 共 50328 条记录
2025-11-25 21:07:56,317 - src.data.data_manager - INFO - 加载CSV文件: type_prg.csv, 50328 条记录
2025-11-25 21:07:56,317 - src.data.csv_processor - INFO - CSV文件读取成功: data\master\type_chngvl.csv, 共 0 条记录
2025-11-25 21:07:56,318 - src.data.data_manager - INFO - 加载CSV文件: type_chngvl.csv, 0 条记录
2025-11-25 21:07:56,318 - src.data.csv_processor - INFO - CSV文件读取成功: data\master\prg1\add.csv, 共 0 条记录
2025-11-25 21:07:56,319 - src.data.data_manager - INFO - 加载PRG文件: prg1/add.csv, 0 条记录
2025-11-25 21:07:56,319 - src.data.csv_processor - INFO - CSV文件读取成功: data\master\prg1\calc.csv, 共 7 条记录
2025-11-25 21:07:56,320 - src.data.data_manager - INFO - 加载PRG文件: prg1/calc.csv, 7 条记录
2025-11-25 21:07:56,320 - src.data.csv_processor - INFO - CSV文件读取成功: data\master\prg1\chngValue.csv, 共 2 条记录
2025-11-25 21:07:56,320 - src.data.data_manager - INFO - 加载PRG文件: prg1/chngValue.csv, 2 条记录
2025-11-25 21:07:56,321 - src.data.csv_processor - INFO - CSV文件读取成功: data\master\prg1\cntrl_rex.csv, 共 51 条记录
2025-11-25 21:07:56,321 - src.data.data_manager - INFO - 加载PRG文件: prg1/cntrl_rex.csv, 51 条记录
2025-11-25 21:07:56,322 - src.data.csv_processor - INFO - CSV文件读取成功: data\master\prg1\cntrl.csv, 共 66 条记录
2025-11-25 21:07:56,322 - src.data.data_manager - INFO - 加载PRG文件: prg1/cntrl.csv, 66 条记录
2025-11-25 21:07:56,323 - src.data.csv_processor - INFO - CSV文件读取成功: data\master\prg1\correct.csv, 共 0 条记录
2025-11-25 21:07:56,323 - src.data.data_manager - INFO - 加载PRG文件: prg1/correct.csv, 0 条记录
2025-11-25 21:07:56,323 - src.data.csv_processor - INFO - CSV文件读取成功: data\master\prg1\define.csv, 共 176 条记录
2025-11-25 21:07:56,324 - src.data.data_manager - INFO - 加载PRG文件: prg1/define.csv, 176 条记录
2025-11-25 21:07:56,324 - src.data.csv_processor - INFO - CSV文件读取成功: data\master\prg1\input.csv, 共 0 条记录
2025-11-25 21:07:56,324 - src.data.data_manager - INFO - 加载PRG文件: prg1/input.csv, 0 条记录
2025-11-25 21:07:56,325 - src.data.csv_processor - INFO - CSV文件读取成功: data\master\prg1\load.csv, 共 10 条记录
2025-11-25 21:07:56,325 - src.data.data_manager - INFO - 加载PRG文件: prg1/load.csv, 10 条记录
2025-11-25 21:07:56,326 - src.data.csv_processor - INFO - CSV文件读取成功: data\master\prg1\measure.csv, 共 0 条记录
2025-11-25 21:07:56,326 - src.data.data_manager - INFO - 加载PRG文件: prg1/measure.csv, 0 条记录
2025-11-25 21:07:56,326 - src.data.csv_processor - INFO - CSV文件读取成功: data\master\prg1\preset.csv, 共 0 条记录
2025-11-25 21:07:56,326 - src.data.data_manager - INFO - 加载PRG文件: prg1/preset.csv, 0 条记录
2025-11-25 21:07:56,327 - src.data.csv_processor - INFO - CSV文件读取成功: data\master\prg1\relation.csv, 共 110 条记录
2025-11-25 21:07:56,327 - src.data.data_manager - INFO - 加载PRG文件: prg1/relation.csv, 110 条记录
2025-11-25 21:07:56,328 - src.data.csv_processor - INFO - CSV文件读取成功: data\master\prg1\select.csv, 共 10 条记录
2025-11-25 21:07:56,328 - src.data.data_manager - INFO - 加载PRG文件: prg1/select.csv, 10 条记录
2025-11-25 21:07:56,328 - src.data.csv_processor - INFO - CSV文件读取成功: data\master\prg1\switch.csv, 共 4 条记录
2025-11-25 21:07:56,328 - src.data.data_manager - INFO - 加载PRG文件: prg1/switch.csv, 4 条记录
2025-11-25 21:07:56,338 - src.data.csv_processor - INFO - CSV文件读取成功: data\master\prg1\type_define.csv, 共 8276 条记录
2025-11-25 21:07:56,339 - src.data.data_manager - INFO - 加载PRG文件: prg1/type_define.csv, 8276 条记录
2025-11-25 21:07:56,346 - src.data.csv_processor - INFO - CSV文件读取成功: data\master\prg1\type_prg.csv, 共 8284 条记录
2025-11-25 21:07:56,346 - src.data.data_manager - INFO - 加载PRG文件: prg1/type_prg.csv, 8284 条记录
2025-11-25 21:07:56,347 - src.data.csv_processor - INFO - CSV文件读取成功: data\master\prg2\add.csv, 共 0 条记录
2025-11-25 21:07:56,347 - src.data.data_manager - INFO - 加载PRG文件: prg2/add.csv, 0 条记录
2025-11-25 21:07:56,347 - src.data.csv_processor - INFO - CSV文件读取成功: data\master\prg2\calc.csv, 共 7 条记录
2025-11-25 21:07:56,348 - src.data.data_manager - INFO - 加载PRG文件: prg2/calc.csv, 7 条记录
2025-11-25 21:07:56,348 - src.data.csv_processor - INFO - CSV文件读取成功: data\master\prg2\chngValue.csv, 共 2 条记录
2025-11-25 21:07:56,348 - src.data.data_manager - INFO - 加载PRG文件: prg2/chngValue.csv, 2 条记录
2025-11-25 21:07:56,349 - src.data.csv_processor - INFO - CSV文件读取成功: data\master\prg2\cntrl_rex.csv, 共 51 条记录
2025-11-25 21:07:56,349 - src.data.data_manager - INFO - 加载PRG文件: prg2/cntrl_rex.csv, 51 条记录
2025-11-25 21:07:56,350 - src.data.csv_processor - INFO - CSV文件读取成功: data\master\prg2\cntrl.csv, 共 42 条记录
2025-11-25 21:07:56,350 - src.data.data_manager - INFO - 加载PRG文件: prg2/cntrl.csv, 42 条记录
2025-11-25 21:07:56,350 - src.data.csv_processor - INFO - CSV文件读取成功: data\master\prg2\correct.csv, 共 0 条记录
2025-11-25 21:07:56,351 - src.data.data_manager - INFO - 加载PRG文件: prg2/correct.csv, 0 条记录
2025-11-25 21:07:56,352 - src.data.csv_processor - INFO - CSV文件读取成功: data\master\prg2\define.csv, 共 161 条记录
2025-11-25 21:07:56,352 - src.data.data_manager - INFO - 加载PRG文件: prg2/define.csv, 161 条记录
2025-11-25 21:07:56,353 - src.data.csv_processor - INFO - CSV文件读取成功: data\master\prg2\load.csv, 共 11 条记录
2025-11-25 21:07:56,353 - src.data.data_manager - INFO - 加载PRG文件: prg2/load.csv, 11 条记录
2025-11-25 21:07:56,354 - src.data.csv_processor - INFO - CSV文件读取成功: data\master\prg2\measure.csv, 共 0 条记录
2025-11-25 21:07:56,354 - src.data.data_manager - INFO - 加载PRG文件: prg2/measure.csv, 0 条记录
2025-11-25 21:07:56,354 - src.data.csv_processor - INFO - CSV文件读取成功: data\master\prg2\preset.csv, 共 0 条记录
2025-11-25 21:07:56,355 - src.data.data_manager - INFO - 加载PRG文件: prg2/preset.csv, 0 条记录
2025-11-25 21:07:56,355 - src.data.csv_processor - INFO - CSV文件读取成功: data\master\prg2\relation.csv, 共 58 条记录
2025-11-25 21:07:56,356 - src.data.data_manager - INFO - 加载PRG文件: prg2/relation.csv, 58 条记录
2025-11-25 21:07:56,356 - src.data.csv_processor - INFO - CSV文件读取成功: data\master\prg2\select.csv, 共 0 条记录
2025-11-25 21:07:56,356 - src.data.data_manager - INFO - 加载PRG文件: prg2/select.csv, 0 条记录
2025-11-25 21:07:56,357 - src.data.csv_processor - INFO - CSV文件读取成功: data\master\prg2\switch.csv, 共 0 条记录
2025-11-25 21:07:56,357 - src.data.data_manager - INFO - 加载PRG文件: prg2/switch.csv, 0 条记录
2025-11-25 21:07:56,362 - src.data.data_manager - INFO - 产品数据索引构建完成: 43313 种产品型号
2025-11-25 21:07:56,363 - src.data.data_manager - INFO - 所有CSV文件加载完成
2025-11-25 21:08:14,281 - src.ui.main_window - INFO - 找到匹配型号: GPA18GT15040_A (从输入 GPA18GT15040_A-H8 匹配)
2025-11-25 21:15:45,976 - __main__ - INFO - 启动DNC参数计算系统
2025-11-25 21:15:46,326 - __main__ - WARNING - 未找到原始master数据目录，将使用空目录
2025-11-25 21:15:46,327 - __main__ - INFO - 启动用户界面
2025-11-25 21:15:46,410 - src.config.config_manager - INFO - 配置文件加载成功: config\app_config.ini
2025-11-25 21:15:46,410 - src.ui.main_window - ERROR - 应用程序启动失败: 'MainWindow' object has no attribute 'status_var'
2025-11-25 21:20:00,027 - __main__ - INFO - 应用程序正常退出
2025-11-25 21:20:05,163 - __main__ - INFO - 启动DNC参数计算系统
2025-11-25 21:20:05,418 - __main__ - WARNING - 未找到原始master数据目录，将使用空目录
2025-11-25 21:20:05,419 - __main__ - INFO - 启动用户界面
2025-11-25 21:20:05,495 - src.config.config_manager - INFO - 配置文件加载成功: config\app_config.ini
2025-11-25 21:20:05,496 - src.ui.main_window - ERROR - 应用程序启动失败: 'MainWindow' object has no attribute 'status_var'
2025-11-25 21:20:08,193 - __main__ - INFO - 应用程序正常退出
2025-11-25 21:22:22,278 - __main__ - INFO - 启动DNC参数计算系统
2025-11-25 21:22:22,546 - __main__ - WARNING - 未找到原始master数据目录，将使用空目录
2025-11-25 21:22:22,547 - __main__ - INFO - 启动用户界面
2025-11-25 21:22:22,623 - src.config.config_manager - INFO - 配置文件加载成功: config\app_config.ini
2025-11-25 21:22:22,623 - src.ui.main_window - ERROR - 应用程序启动失败: 'MainWindow' object has no attribute 'root'
2025-11-25 21:23:04,783 - __main__ - INFO - 启动DNC参数计算系统
2025-11-25 21:23:05,081 - __main__ - WARNING - 未找到原始master数据目录，将使用空目录
2025-11-25 21:23:05,081 - __main__ - INFO - 启动用户界面
2025-11-25 21:23:05,661 - src.config.config_manager - INFO - 配置文件加载成功: config\app_config.ini
2025-11-25 21:23:05,661 - src.ui.main_window - ERROR - 应用程序启动失败: 'MainWindow' object has no attribute 'root'
2025-11-25 21:23:14,843 - __main__ - INFO - 应用程序正常退出
2025-11-25 21:24:26,057 - __main__ - INFO - 启动DNC参数计算系统
2025-11-25 21:24:26,321 - __main__ - WARNING - 未找到原始master数据目录，将使用空目录
2025-11-25 21:24:26,394 - __main__ - INFO - 启动用户界面
2025-11-25 21:24:26,395 - src.config.config_manager - INFO - 配置文件加载成功: config\app_config.ini
2025-11-25 21:24:26,590 - src.ui.main_window - ERROR - 应用程序启动失败: 'MainWindow' object has no attribute 'master'
2025-11-25 21:26:38,854 - __main__ - INFO - 启动DNC参数计算系统
2025-11-25 21:26:39,122 - __main__ - WARNING - 未找到原始master数据目录，将使用空目录
2025-11-25 21:26:39,192 - __main__ - INFO - 启动用户界面
2025-11-25 21:26:39,193 - src.config.config_manager - INFO - 配置文件加载成功: config\app_config.ini
2025-11-25 21:26:39,281 - src.data.csv_processor - INFO - CSV文件读取成功: data\master\ini.csv, 共 46 条记录
2025-11-25 21:26:39,282 - src.data.data_manager - INFO - 加载CSV文件: ini.csv, 46 条记录
2025-11-25 21:26:39,290 - src.data.csv_processor - INFO - CSV文件读取成功: data\master\prg.csv, 共 2 条记录
2025-11-25 21:26:39,291 - src.data.data_manager - INFO - 加载CSV文件: prg.csv, 2 条记录
2025-11-25 21:26:39,292 - src.data.csv_processor - INFO - CSV文件读取成功: data\master\header.csv, 共 5 条记录
2025-11-25 21:26:39,292 - src.data.data_manager - INFO - 加载CSV文件: header.csv, 5 条记录
2025-11-25 21:26:39,301 - src.data.csv_processor - INFO - CSV文件读取成功: data\master\math.csv, 共 19 条记录
2025-11-25 21:26:39,301 - src.data.data_manager - INFO - 加载CSV文件: math.csv, 19 条记录
2025-11-25 21:26:39,362 - src.data.csv_processor - INFO - CSV文件读取成功: data\master\type_define.csv, 共 43440 条记录
2025-11-25 21:26:39,363 - src.data.data_manager - INFO - 加载CSV文件: type_define.csv, 43440 条记录
2025-11-25 21:26:39,380 - src.data.csv_processor - INFO - CSV文件读取成功: data\master\type_relation.csv, 共 0 条记录
2025-11-25 21:26:39,380 - src.data.data_manager - INFO - 加载CSV文件: type_relation.csv, 0 条记录
2025-11-25 21:26:39,475 - src.data.csv_processor - INFO - CSV文件读取成功: data\master\type_prg.csv, 共 50328 条记录
2025-11-25 21:26:39,476 - src.data.data_manager - INFO - 加载CSV文件: type_prg.csv, 50328 条记录
2025-11-25 21:26:39,478 - src.data.csv_processor - INFO - CSV文件读取成功: data\master\type_chngvl.csv, 共 0 条记录
2025-11-25 21:26:39,478 - src.data.data_manager - INFO - 加载CSV文件: type_chngvl.csv, 0 条记录
2025-11-25 21:26:39,479 - src.data.csv_processor - INFO - CSV文件读取成功: data\master\prg1\add.csv, 共 0 条记录
2025-11-25 21:26:39,480 - src.data.data_manager - INFO - 加载PRG文件: prg1/add.csv, 0 条记录
2025-11-25 21:26:39,491 - src.data.csv_processor - INFO - CSV文件读取成功: data\master\prg1\calc.csv, 共 7 条记录
2025-11-25 21:26:39,491 - src.data.data_manager - INFO - 加载PRG文件: prg1/calc.csv, 7 条记录
2025-11-25 21:26:39,492 - src.data.csv_processor - INFO - CSV文件读取成功: data\master\prg1\chngValue.csv, 共 2 条记录
2025-11-25 21:26:39,492 - src.data.data_manager - INFO - 加载PRG文件: prg1/chngValue.csv, 2 条记录
2025-11-25 21:26:39,497 - src.data.csv_processor - INFO - CSV文件读取成功: data\master\prg1\cntrl_rex.csv, 共 51 条记录
2025-11-25 21:26:39,497 - src.data.data_manager - INFO - 加载PRG文件: prg1/cntrl_rex.csv, 51 条记录
2025-11-25 21:26:39,510 - src.data.csv_processor - INFO - CSV文件读取成功: data\master\prg1\cntrl.csv, 共 66 条记录
2025-11-25 21:26:39,510 - src.data.data_manager - INFO - 加载PRG文件: prg1/cntrl.csv, 66 条记录
2025-11-25 21:26:39,512 - src.data.csv_processor - INFO - CSV文件读取成功: data\master\prg1\correct.csv, 共 0 条记录
2025-11-25 21:26:39,512 - src.data.data_manager - INFO - 加载PRG文件: prg1/correct.csv, 0 条记录
2025-11-25 21:26:39,514 - src.data.csv_processor - INFO - CSV文件读取成功: data\master\prg1\define.csv, 共 176 条记录
2025-11-25 21:26:39,514 - src.data.data_manager - INFO - 加载PRG文件: prg1/define.csv, 176 条记录
2025-11-25 21:26:39,515 - src.data.csv_processor - INFO - CSV文件读取成功: data\master\prg1\input.csv, 共 0 条记录
2025-11-25 21:26:39,515 - src.data.data_manager - INFO - 加载PRG文件: prg1/input.csv, 0 条记录
2025-11-25 21:26:39,517 - src.data.csv_processor - INFO - CSV文件读取成功: data\master\prg1\load.csv, 共 10 条记录
2025-11-25 21:26:39,517 - src.data.data_manager - INFO - 加载PRG文件: prg1/load.csv, 10 条记录
2025-11-25 21:26:39,518 - src.data.csv_processor - INFO - CSV文件读取成功: data\master\prg1\measure.csv, 共 0 条记录
2025-11-25 21:26:39,518 - src.data.data_manager - INFO - 加载PRG文件: prg1/measure.csv, 0 条记录
2025-11-25 21:26:39,519 - src.data.csv_processor - INFO - CSV文件读取成功: data\master\prg1\preset.csv, 共 0 条记录
2025-11-25 21:26:39,519 - src.data.data_manager - INFO - 加载PRG文件: prg1/preset.csv, 0 条记录
2025-11-25 21:26:39,534 - src.data.csv_processor - INFO - CSV文件读取成功: data\master\prg1\relation.csv, 共 110 条记录
2025-11-25 21:26:39,534 - src.data.data_manager - INFO - 加载PRG文件: prg1/relation.csv, 110 条记录
2025-11-25 21:26:39,536 - src.data.csv_processor - INFO - CSV文件读取成功: data\master\prg1\select.csv, 共 10 条记录
2025-11-25 21:26:39,536 - src.data.data_manager - INFO - 加载PRG文件: prg1/select.csv, 10 条记录
2025-11-25 21:26:39,540 - src.data.csv_processor - INFO - CSV文件读取成功: data\master\prg1\switch.csv, 共 4 条记录
2025-11-25 21:26:39,540 - src.data.data_manager - INFO - 加载PRG文件: prg1/switch.csv, 4 条记录
2025-11-25 21:26:39,561 - src.data.csv_processor - INFO - CSV文件读取成功: data\master\prg1\type_define.csv, 共 8276 条记录
2025-11-25 21:26:39,561 - src.data.data_manager - INFO - 加载PRG文件: prg1/type_define.csv, 8276 条记录
2025-11-25 21:26:39,581 - src.data.csv_processor - INFO - CSV文件读取成功: data\master\prg1\type_prg.csv, 共 8284 条记录
2025-11-25 21:26:39,582 - src.data.data_manager - INFO - 加载PRG文件: prg1/type_prg.csv, 8284 条记录
2025-11-25 21:26:39,583 - src.data.csv_processor - INFO - CSV文件读取成功: data\master\prg2\add.csv, 共 0 条记录
2025-11-25 21:26:39,583 - src.data.data_manager - INFO - 加载PRG文件: prg2/add.csv, 0 条记录
2025-11-25 21:26:39,585 - src.data.csv_processor - INFO - CSV文件读取成功: data\master\prg2\calc.csv, 共 7 条记录
2025-11-25 21:26:39,585 - src.data.data_manager - INFO - 加载PRG文件: prg2/calc.csv, 7 条记录
2025-11-25 21:26:39,586 - src.data.csv_processor - INFO - CSV文件读取成功: data\master\prg2\chngValue.csv, 共 2 条记录
2025-11-25 21:26:39,586 - src.data.data_manager - INFO - 加载PRG文件: prg2/chngValue.csv, 2 条记录
2025-11-25 21:26:39,588 - src.data.csv_processor - INFO - CSV文件读取成功: data\master\prg2\cntrl_rex.csv, 共 51 条记录
2025-11-25 21:26:39,588 - src.data.data_manager - INFO - 加载PRG文件: prg2/cntrl_rex.csv, 51 条记录
2025-11-25 21:26:39,601 - src.data.csv_processor - INFO - CSV文件读取成功: data\master\prg2\cntrl.csv, 共 42 条记录
2025-11-25 21:26:39,601 - src.data.data_manager - INFO - 加载PRG文件: prg2/cntrl.csv, 42 条记录
2025-11-25 21:26:39,602 - src.data.csv_processor - INFO - CSV文件读取成功: data\master\prg2\correct.csv, 共 0 条记录
2025-11-25 21:26:39,603 - src.data.data_manager - INFO - 加载PRG文件: prg2/correct.csv, 0 条记录
2025-11-25 21:26:39,604 - src.data.csv_processor - INFO - CSV文件读取成功: data\master\prg2\define.csv, 共 161 条记录
2025-11-25 21:26:39,604 - src.data.data_manager - INFO - 加载PRG文件: prg2/define.csv, 161 条记录
2025-11-25 21:26:39,606 - src.data.csv_processor - INFO - CSV文件读取成功: data\master\prg2\load.csv, 共 11 条记录
2025-11-25 21:26:39,607 - src.data.data_manager - INFO - 加载PRG文件: prg2/load.csv, 11 条记录
2025-11-25 21:26:39,608 - src.data.csv_processor - INFO - CSV文件读取成功: data\master\prg2\measure.csv, 共 0 条记录
2025-11-25 21:26:39,608 - src.data.data_manager - INFO - 加载PRG文件: prg2/measure.csv, 0 条记录
2025-11-25 21:26:39,609 - src.data.csv_processor - INFO - CSV文件读取成功: data\master\prg2\preset.csv, 共 0 条记录
2025-11-25 21:26:39,609 - src.data.data_manager - INFO - 加载PRG文件: prg2/preset.csv, 0 条记录
2025-11-25 21:26:39,623 - src.data.csv_processor - INFO - CSV文件读取成功: data\master\prg2\relation.csv, 共 58 条记录
2025-11-25 21:26:39,623 - src.data.data_manager - INFO - 加载PRG文件: prg2/relation.csv, 58 条记录
2025-11-25 21:26:39,631 - src.data.csv_processor - INFO - CSV文件读取成功: data\master\prg2\select.csv, 共 0 条记录
2025-11-25 21:26:39,631 - src.data.data_manager - INFO - 加载PRG文件: prg2/select.csv, 0 条记录
2025-11-25 21:26:39,639 - src.data.csv_processor - INFO - CSV文件读取成功: data\master\prg2\switch.csv, 共 0 条记录
2025-11-25 21:26:39,639 - src.data.data_manager - INFO - 加载PRG文件: prg2/switch.csv, 0 条记录
2025-11-25 21:26:39,644 - src.data.data_manager - INFO - 产品数据索引构建完成: 43313 种产品型号
2025-11-25 21:26:39,644 - src.data.data_manager - INFO - 所有CSV文件加载完成
2025-11-25 21:32:44,417 - __main__ - INFO - 启动DNC参数计算系统
2025-11-25 21:32:44,686 - __main__ - WARNING - 未找到原始master数据目录，将使用空目录
2025-11-25 21:32:44,757 - __main__ - INFO - 启动用户界面
2025-11-25 21:32:44,758 - src.config.config_manager - INFO - 配置文件加载成功: config\app_config.ini
2025-11-25 21:32:44,804 - src.data.csv_processor - INFO - CSV文件读取成功: data\master\ini.csv, 共 46 条记录
2025-11-25 21:32:44,804 - src.data.data_manager - INFO - 加载CSV文件: ini.csv, 46 条记录
2025-11-25 21:32:44,804 - src.data.csv_processor - INFO - CSV文件读取成功: data\master\prg.csv, 共 2 条记录
2025-11-25 21:32:44,804 - src.data.data_manager - INFO - 加载CSV文件: prg.csv, 2 条记录
2025-11-25 21:32:44,805 - src.data.csv_processor - INFO - CSV文件读取成功: data\master\header.csv, 共 5 条记录
2025-11-25 21:32:44,805 - src.data.data_manager - INFO - 加载CSV文件: header.csv, 5 条记录
2025-11-25 21:32:44,805 - src.data.csv_processor - INFO - CSV文件读取成功: data\master\math.csv, 共 19 条记录
2025-11-25 21:32:44,805 - src.data.data_manager - INFO - 加载CSV文件: math.csv, 19 条记录
2025-11-25 21:32:44,866 - src.data.csv_processor - INFO - CSV文件读取成功: data\master\type_define.csv, 共 43440 条记录
2025-11-25 21:32:44,867 - src.data.data_manager - INFO - 加载CSV文件: type_define.csv, 43440 条记录
2025-11-25 21:32:44,867 - src.data.csv_processor - INFO - CSV文件读取成功: data\master\type_relation.csv, 共 0 条记录
2025-11-25 21:32:44,867 - src.data.data_manager - INFO - 加载CSV文件: type_relation.csv, 0 条记录
2025-11-25 21:32:44,938 - src.data.csv_processor - INFO - CSV文件读取成功: data\master\type_prg.csv, 共 50328 条记录
2025-11-25 21:32:44,939 - src.data.data_manager - INFO - 加载CSV文件: type_prg.csv, 50328 条记录
2025-11-25 21:32:44,940 - src.data.csv_processor - INFO - CSV文件读取成功: data\master\type_chngvl.csv, 共 0 条记录
2025-11-25 21:32:44,940 - src.data.data_manager - INFO - 加载CSV文件: type_chngvl.csv, 0 条记录
2025-11-25 21:32:44,940 - src.data.csv_processor - INFO - CSV文件读取成功: data\master\prg1\add.csv, 共 0 条记录
2025-11-25 21:32:44,941 - src.data.data_manager - INFO - 加载PRG文件: prg1/add.csv, 0 条记录
2025-11-25 21:32:44,941 - src.data.csv_processor - INFO - CSV文件读取成功: data\master\prg1\calc.csv, 共 7 条记录
2025-11-25 21:32:44,941 - src.data.data_manager - INFO - 加载PRG文件: prg1/calc.csv, 7 条记录
2025-11-25 21:32:44,941 - src.data.csv_processor - INFO - CSV文件读取成功: data\master\prg1\chngValue.csv, 共 2 条记录
2025-11-25 21:32:44,941 - src.data.data_manager - INFO - 加载PRG文件: prg1/chngValue.csv, 2 条记录
2025-11-25 21:32:44,942 - src.data.csv_processor - INFO - CSV文件读取成功: data\master\prg1\cntrl_rex.csv, 共 51 条记录
2025-11-25 21:32:44,942 - src.data.data_manager - INFO - 加载PRG文件: prg1/cntrl_rex.csv, 51 条记录
2025-11-25 21:32:44,943 - src.data.csv_processor - INFO - CSV文件读取成功: data\master\prg1\cntrl.csv, 共 66 条记录
2025-11-25 21:32:44,943 - src.data.data_manager - INFO - 加载PRG文件: prg1/cntrl.csv, 66 条记录
2025-11-25 21:32:44,943 - src.data.csv_processor - INFO - CSV文件读取成功: data\master\prg1\correct.csv, 共 0 条记录
2025-11-25 21:32:44,943 - src.data.data_manager - INFO - 加载PRG文件: prg1/correct.csv, 0 条记录
2025-11-25 21:32:44,944 - src.data.csv_processor - INFO - CSV文件读取成功: data\master\prg1\define.csv, 共 176 条记录
2025-11-25 21:32:44,944 - src.data.data_manager - INFO - 加载PRG文件: prg1/define.csv, 176 条记录
2025-11-25 21:32:44,944 - src.data.csv_processor - INFO - CSV文件读取成功: data\master\prg1\input.csv, 共 0 条记录
2025-11-25 21:32:44,944 - src.data.data_manager - INFO - 加载PRG文件: prg1/input.csv, 0 条记录
2025-11-25 21:32:44,945 - src.data.csv_processor - INFO - CSV文件读取成功: data\master\prg1\load.csv, 共 10 条记录
2025-11-25 21:32:44,945 - src.data.data_manager - INFO - 加载PRG文件: prg1/load.csv, 10 条记录
2025-11-25 21:32:44,945 - src.data.csv_processor - INFO - CSV文件读取成功: data\master\prg1\measure.csv, 共 0 条记录
2025-11-25 21:32:44,945 - src.data.data_manager - INFO - 加载PRG文件: prg1/measure.csv, 0 条记录
2025-11-25 21:32:44,946 - src.data.csv_processor - INFO - CSV文件读取成功: data\master\prg1\preset.csv, 共 0 条记录
2025-11-25 21:32:44,946 - src.data.data_manager - INFO - 加载PRG文件: prg1/preset.csv, 0 条记录
2025-11-25 21:32:44,947 - src.data.csv_processor - INFO - CSV文件读取成功: data\master\prg1\relation.csv, 共 110 条记录
2025-11-25 21:32:44,947 - src.data.data_manager - INFO - 加载PRG文件: prg1/relation.csv, 110 条记录
2025-11-25 21:32:44,947 - src.data.csv_processor - INFO - CSV文件读取成功: data\master\prg1\select.csv, 共 10 条记录
2025-11-25 21:32:44,947 - src.data.data_manager - INFO - 加载PRG文件: prg1/select.csv, 10 条记录
2025-11-25 21:32:44,948 - src.data.csv_processor - INFO - CSV文件读取成功: data\master\prg1\switch.csv, 共 4 条记录
2025-11-25 21:32:44,948 - src.data.data_manager - INFO - 加载PRG文件: prg1/switch.csv, 4 条记录
2025-11-25 21:32:44,957 - src.data.csv_processor - INFO - CSV文件读取成功: data\master\prg1\type_define.csv, 共 8276 条记录
2025-11-25 21:32:44,957 - src.data.data_manager - INFO - 加载PRG文件: prg1/type_define.csv, 8276 条记录
2025-11-25 21:32:44,967 - src.data.csv_processor - INFO - CSV文件读取成功: data\master\prg1\type_prg.csv, 共 8284 条记录
2025-11-25 21:32:44,967 - src.data.data_manager - INFO - 加载PRG文件: prg1/type_prg.csv, 8284 条记录
2025-11-25 21:32:44,967 - src.data.csv_processor - INFO - CSV文件读取成功: data\master\prg2\add.csv, 共 0 条记录
2025-11-25 21:32:44,967 - src.data.data_manager - INFO - 加载PRG文件: prg2/add.csv, 0 条记录
2025-11-25 21:32:44,968 - src.data.csv_processor - INFO - CSV文件读取成功: data\master\prg2\calc.csv, 共 7 条记录
2025-11-25 21:32:44,968 - src.data.data_manager - INFO - 加载PRG文件: prg2/calc.csv, 7 条记录
2025-11-25 21:32:44,968 - src.data.csv_processor - INFO - CSV文件读取成功: data\master\prg2\chngValue.csv, 共 2 条记录
2025-11-25 21:32:44,968 - src.data.data_manager - INFO - 加载PRG文件: prg2/chngValue.csv, 2 条记录
2025-11-25 21:32:44,969 - src.data.csv_processor - INFO - CSV文件读取成功: data\master\prg2\cntrl_rex.csv, 共 51 条记录
2025-11-25 21:32:44,969 - src.data.data_manager - INFO - 加载PRG文件: prg2/cntrl_rex.csv, 51 条记录
2025-11-25 21:32:44,969 - src.data.csv_processor - INFO - CSV文件读取成功: data\master\prg2\cntrl.csv, 共 42 条记录
2025-11-25 21:32:44,969 - src.data.data_manager - INFO - 加载PRG文件: prg2/cntrl.csv, 42 条记录
2025-11-25 21:32:44,970 - src.data.csv_processor - INFO - CSV文件读取成功: data\master\prg2\correct.csv, 共 0 条记录
2025-11-25 21:32:44,970 - src.data.data_manager - INFO - 加载PRG文件: prg2/correct.csv, 0 条记录
2025-11-25 21:32:44,970 - src.data.csv_processor - INFO - CSV文件读取成功: data\master\prg2\define.csv, 共 161 条记录
2025-11-25 21:32:44,970 - src.data.data_manager - INFO - 加载PRG文件: prg2/define.csv, 161 条记录
2025-11-25 21:32:44,971 - src.data.csv_processor - INFO - CSV文件读取成功: data\master\prg2\load.csv, 共 11 条记录
2025-11-25 21:32:44,971 - src.data.data_manager - INFO - 加载PRG文件: prg2/load.csv, 11 条记录
2025-11-25 21:32:44,971 - src.data.csv_processor - INFO - CSV文件读取成功: data\master\prg2\measure.csv, 共 0 条记录
2025-11-25 21:32:44,971 - src.data.data_manager - INFO - 加载PRG文件: prg2/measure.csv, 0 条记录
2025-11-25 21:32:44,971 - src.data.csv_processor - INFO - CSV文件读取成功: data\master\prg2\preset.csv, 共 0 条记录
2025-11-25 21:32:44,971 - src.data.data_manager - INFO - 加载PRG文件: prg2/preset.csv, 0 条记录
2025-11-25 21:32:44,972 - src.data.csv_processor - INFO - CSV文件读取成功: data\master\prg2\relation.csv, 共 58 条记录
2025-11-25 21:32:44,972 - src.data.data_manager - INFO - 加载PRG文件: prg2/relation.csv, 58 条记录
2025-11-25 21:32:44,973 - src.data.csv_processor - INFO - CSV文件读取成功: data\master\prg2\select.csv, 共 0 条记录
2025-11-25 21:32:44,973 - src.data.data_manager - INFO - 加载PRG文件: prg2/select.csv, 0 条记录
2025-11-25 21:32:44,973 - src.data.csv_processor - INFO - CSV文件读取成功: data\master\prg2\switch.csv, 共 0 条记录
2025-11-25 21:32:44,973 - src.data.data_manager - INFO - 加载PRG文件: prg2/switch.csv, 0 条记录
2025-11-25 21:32:44,979 - src.data.data_manager - INFO - 产品数据索引构建完成: 43313 种产品型号
2025-11-25 21:32:44,980 - src.data.data_manager - INFO - 所有CSV文件加载完成
2025-11-25 21:36:35,509 - __main__ - INFO - 启动DNC参数计算系统
2025-11-25 21:36:35,766 - __main__ - WARNING - 未找到原始master数据目录，将使用空目录
2025-11-25 21:36:35,841 - __main__ - INFO - 启动用户界面
2025-11-25 21:36:35,842 - src.config.config_manager - INFO - 配置文件加载成功: config\app_config.ini
2025-11-25 21:36:35,892 - src.data.csv_processor - INFO - CSV文件读取成功: data\master\ini.csv, 共 46 条记录
2025-11-25 21:36:35,893 - src.data.data_manager - INFO - 加载CSV文件: ini.csv, 46 条记录
2025-11-25 21:36:35,893 - src.data.csv_processor - INFO - CSV文件读取成功: data\master\prg.csv, 共 2 条记录
2025-11-25 21:36:35,893 - src.data.data_manager - INFO - 加载CSV文件: prg.csv, 2 条记录
2025-11-25 21:36:35,894 - src.data.csv_processor - INFO - CSV文件读取成功: data\master\header.csv, 共 5 条记录
2025-11-25 21:36:35,894 - src.data.data_manager - INFO - 加载CSV文件: header.csv, 5 条记录
2025-11-25 21:36:35,894 - src.data.csv_processor - INFO - CSV文件读取成功: data\master\math.csv, 共 19 条记录
2025-11-25 21:36:35,895 - src.data.data_manager - INFO - 加载CSV文件: math.csv, 19 条记录
2025-11-25 21:36:35,954 - src.data.csv_processor - INFO - CSV文件读取成功: data\master\type_define.csv, 共 43440 条记录
2025-11-25 21:36:35,955 - src.data.data_manager - INFO - 加载CSV文件: type_define.csv, 43440 条记录
2025-11-25 21:36:35,955 - src.data.csv_processor - INFO - CSV文件读取成功: data\master\type_relation.csv, 共 0 条记录
2025-11-25 21:36:35,956 - src.data.data_manager - INFO - 加载CSV文件: type_relation.csv, 0 条记录
2025-11-25 21:36:36,026 - src.data.csv_processor - INFO - CSV文件读取成功: data\master\type_prg.csv, 共 50328 条记录
2025-11-25 21:36:36,028 - src.data.data_manager - INFO - 加载CSV文件: type_prg.csv, 50328 条记录
2025-11-25 21:36:36,028 - src.data.csv_processor - INFO - CSV文件读取成功: data\master\type_chngvl.csv, 共 0 条记录
2025-11-25 21:36:36,028 - src.data.data_manager - INFO - 加载CSV文件: type_chngvl.csv, 0 条记录
2025-11-25 21:36:36,029 - src.data.csv_processor - INFO - CSV文件读取成功: data\master\prg1\add.csv, 共 0 条记录
2025-11-25 21:36:36,029 - src.data.data_manager - INFO - 加载PRG文件: prg1/add.csv, 0 条记录
2025-11-25 21:36:36,030 - src.data.csv_processor - INFO - CSV文件读取成功: data\master\prg1\calc.csv, 共 7 条记录
2025-11-25 21:36:36,030 - src.data.data_manager - INFO - 加载PRG文件: prg1/calc.csv, 7 条记录
2025-11-25 21:36:36,031 - src.data.csv_processor - INFO - CSV文件读取成功: data\master\prg1\chngValue.csv, 共 2 条记录
2025-11-25 21:36:36,031 - src.data.data_manager - INFO - 加载PRG文件: prg1/chngValue.csv, 2 条记录
2025-11-25 21:36:36,031 - src.data.csv_processor - INFO - CSV文件读取成功: data\master\prg1\cntrl_rex.csv, 共 51 条记录
2025-11-25 21:36:36,032 - src.data.data_manager - INFO - 加载PRG文件: prg1/cntrl_rex.csv, 51 条记录
2025-11-25 21:36:36,032 - src.data.csv_processor - INFO - CSV文件读取成功: data\master\prg1\cntrl.csv, 共 66 条记录
2025-11-25 21:36:36,033 - src.data.data_manager - INFO - 加载PRG文件: prg1/cntrl.csv, 66 条记录
2025-11-25 21:36:36,033 - src.data.csv_processor - INFO - CSV文件读取成功: data\master\prg1\correct.csv, 共 0 条记录
2025-11-25 21:36:36,033 - src.data.data_manager - INFO - 加载PRG文件: prg1/correct.csv, 0 条记录
2025-11-25 21:36:36,034 - src.data.csv_processor - INFO - CSV文件读取成功: data\master\prg1\define.csv, 共 176 条记录
2025-11-25 21:36:36,034 - src.data.data_manager - INFO - 加载PRG文件: prg1/define.csv, 176 条记录
2025-11-25 21:36:36,035 - src.data.csv_processor - INFO - CSV文件读取成功: data\master\prg1\input.csv, 共 0 条记录
2025-11-25 21:36:36,035 - src.data.data_manager - INFO - 加载PRG文件: prg1/input.csv, 0 条记录
2025-11-25 21:36:36,036 - src.data.csv_processor - INFO - CSV文件读取成功: data\master\prg1\load.csv, 共 10 条记录
2025-11-25 21:36:36,036 - src.data.data_manager - INFO - 加载PRG文件: prg1/load.csv, 10 条记录
2025-11-25 21:36:36,036 - src.data.csv_processor - INFO - CSV文件读取成功: data\master\prg1\measure.csv, 共 0 条记录
2025-11-25 21:36:36,037 - src.data.data_manager - INFO - 加载PRG文件: prg1/measure.csv, 0 条记录
2025-11-25 21:36:36,037 - src.data.csv_processor - INFO - CSV文件读取成功: data\master\prg1\preset.csv, 共 0 条记录
2025-11-25 21:36:36,038 - src.data.data_manager - INFO - 加载PRG文件: prg1/preset.csv, 0 条记录
2025-11-25 21:36:36,039 - src.data.csv_processor - INFO - CSV文件读取成功: data\master\prg1\relation.csv, 共 110 条记录
2025-11-25 21:36:36,039 - src.data.data_manager - INFO - 加载PRG文件: prg1/relation.csv, 110 条记录
2025-11-25 21:36:36,039 - src.data.csv_processor - INFO - CSV文件读取成功: data\master\prg1\select.csv, 共 10 条记录
2025-11-25 21:36:36,040 - src.data.data_manager - INFO - 加载PRG文件: prg1/select.csv, 10 条记录
2025-11-25 21:36:36,040 - src.data.csv_processor - INFO - CSV文件读取成功: data\master\prg1\switch.csv, 共 4 条记录
2025-11-25 21:36:36,040 - src.data.data_manager - INFO - 加载PRG文件: prg1/switch.csv, 4 条记录
2025-11-25 21:36:36,048 - src.data.csv_processor - INFO - CSV文件读取成功: data\master\prg1\type_define.csv, 共 8276 条记录
2025-11-25 21:36:36,049 - src.data.data_manager - INFO - 加载PRG文件: prg1/type_define.csv, 8276 条记录
2025-11-25 21:36:36,057 - src.data.csv_processor - INFO - CSV文件读取成功: data\master\prg1\type_prg.csv, 共 8284 条记录
2025-11-25 21:36:36,058 - src.data.data_manager - INFO - 加载PRG文件: prg1/type_prg.csv, 8284 条记录
2025-11-25 21:36:36,058 - src.data.csv_processor - INFO - CSV文件读取成功: data\master\prg2\add.csv, 共 0 条记录
2025-11-25 21:36:36,058 - src.data.data_manager - INFO - 加载PRG文件: prg2/add.csv, 0 条记录
2025-11-25 21:36:36,059 - src.data.csv_processor - INFO - CSV文件读取成功: data\master\prg2\calc.csv, 共 7 条记录
2025-11-25 21:36:36,059 - src.data.data_manager - INFO - 加载PRG文件: prg2/calc.csv, 7 条记录
2025-11-25 21:36:36,060 - src.data.csv_processor - INFO - CSV文件读取成功: data\master\prg2\chngValue.csv, 共 2 条记录
2025-11-25 21:36:36,060 - src.data.data_manager - INFO - 加载PRG文件: prg2/chngValue.csv, 2 条记录
2025-11-25 21:36:36,061 - src.data.csv_processor - INFO - CSV文件读取成功: data\master\prg2\cntrl_rex.csv, 共 51 条记录
2025-11-25 21:36:36,061 - src.data.data_manager - INFO - 加载PRG文件: prg2/cntrl_rex.csv, 51 条记录
2025-11-25 21:36:36,061 - src.data.csv_processor - INFO - CSV文件读取成功: data\master\prg2\cntrl.csv, 共 42 条记录
2025-11-25 21:36:36,062 - src.data.data_manager - INFO - 加载PRG文件: prg2/cntrl.csv, 42 条记录
2025-11-25 21:36:36,062 - src.data.csv_processor - INFO - CSV文件读取成功: data\master\prg2\correct.csv, 共 0 条记录
2025-11-25 21:36:36,062 - src.data.data_manager - INFO - 加载PRG文件: prg2/correct.csv, 0 条记录
2025-11-25 21:36:36,063 - src.data.csv_processor - INFO - CSV文件读取成功: data\master\prg2\define.csv, 共 161 条记录
2025-11-25 21:36:36,063 - src.data.data_manager - INFO - 加载PRG文件: prg2/define.csv, 161 条记录
2025-11-25 21:36:36,064 - src.data.csv_processor - INFO - CSV文件读取成功: data\master\prg2\load.csv, 共 11 条记录
2025-11-25 21:36:36,064 - src.data.data_manager - INFO - 加载PRG文件: prg2/load.csv, 11 条记录
2025-11-25 21:36:36,064 - src.data.csv_processor - INFO - CSV文件读取成功: data\master\prg2\measure.csv, 共 0 条记录
2025-11-25 21:36:36,064 - src.data.data_manager - INFO - 加载PRG文件: prg2/measure.csv, 0 条记录
2025-11-25 21:36:36,065 - src.data.csv_processor - INFO - CSV文件读取成功: data\master\prg2\preset.csv, 共 0 条记录
2025-11-25 21:36:36,065 - src.data.data_manager - INFO - 加载PRG文件: prg2/preset.csv, 0 条记录
2025-11-25 21:36:36,065 - src.data.csv_processor - INFO - CSV文件读取成功: data\master\prg2\relation.csv, 共 58 条记录
2025-11-25 21:36:36,066 - src.data.data_manager - INFO - 加载PRG文件: prg2/relation.csv, 58 条记录
2025-11-25 21:36:36,066 - src.data.csv_processor - INFO - CSV文件读取成功: data\master\prg2\select.csv, 共 0 条记录
2025-11-25 21:36:36,066 - src.data.data_manager - INFO - 加载PRG文件: prg2/select.csv, 0 条记录
2025-11-25 21:36:36,066 - src.data.csv_processor - INFO - CSV文件读取成功: data\master\prg2\switch.csv, 共 0 条记录
2025-11-25 21:36:36,067 - src.data.data_manager - INFO - 加载PRG文件: prg2/switch.csv, 0 条记录
2025-11-25 21:36:36,074 - src.data.data_manager - INFO - 产品数据索引构建完成: 43313 种产品型号
2025-11-25 21:36:36,074 - src.data.data_manager - INFO - 所有CSV文件加载完成
2025-11-25 21:37:32,862 - src.ui.main_window - INFO - 找到匹配型号: GPA20GT15040_A (从输入 GPA20GT15040_A-H8 匹配)
2025-11-25 21:40:25,870 - __main__ - INFO - 启动DNC参数计算系统
2025-11-25 21:40:26,133 - __main__ - WARNING - 未找到原始master数据目录，将使用空目录
2025-11-25 21:40:26,204 - __main__ - INFO - 启动用户界面
2025-11-25 21:40:26,205 - src.config.config_manager - INFO - 配置文件加载成功: config\app_config.ini
2025-11-25 21:40:26,251 - src.data.csv_processor - INFO - CSV文件读取成功: data\master\ini.csv, 共 46 条记录
2025-11-25 21:40:26,251 - src.data.data_manager - INFO - 加载CSV文件: ini.csv, 46 条记录
2025-11-25 21:40:26,251 - src.data.csv_processor - INFO - CSV文件读取成功: data\master\prg.csv, 共 2 条记录
2025-11-25 21:40:26,251 - src.data.data_manager - INFO - 加载CSV文件: prg.csv, 2 条记录
2025-11-25 21:40:26,251 - src.data.csv_processor - INFO - CSV文件读取成功: data\master\header.csv, 共 5 条记录
2025-11-25 21:40:26,251 - src.data.data_manager - INFO - 加载CSV文件: header.csv, 5 条记录
2025-11-25 21:40:26,252 - src.data.csv_processor - INFO - CSV文件读取成功: data\master\math.csv, 共 19 条记录
2025-11-25 21:40:26,252 - src.data.data_manager - INFO - 加载CSV文件: math.csv, 19 条记录
2025-11-25 21:40:26,297 - src.data.csv_processor - INFO - CSV文件读取成功: data\master\type_define.csv, 共 43440 条记录
2025-11-25 21:40:26,298 - src.data.data_manager - INFO - 加载CSV文件: type_define.csv, 43440 条记录
2025-11-25 21:40:26,298 - src.data.csv_processor - INFO - CSV文件读取成功: data\master\type_relation.csv, 共 0 条记录
2025-11-25 21:40:26,299 - src.data.data_manager - INFO - 加载CSV文件: type_relation.csv, 0 条记录
2025-11-25 21:40:26,368 - src.data.csv_processor - INFO - CSV文件读取成功: data\master\type_prg.csv, 共 50328 条记录
2025-11-25 21:40:26,368 - src.data.data_manager - INFO - 加载CSV文件: type_prg.csv, 50328 条记录
2025-11-25 21:40:26,369 - src.data.csv_processor - INFO - CSV文件读取成功: data\master\type_chngvl.csv, 共 0 条记录
2025-11-25 21:40:26,369 - src.data.data_manager - INFO - 加载CSV文件: type_chngvl.csv, 0 条记录
2025-11-25 21:40:26,369 - src.data.csv_processor - INFO - CSV文件读取成功: data\master\prg1\add.csv, 共 0 条记录
2025-11-25 21:40:26,369 - src.data.data_manager - INFO - 加载PRG文件: prg1/add.csv, 0 条记录
2025-11-25 21:40:26,370 - src.data.csv_processor - INFO - CSV文件读取成功: data\master\prg1\calc.csv, 共 7 条记录
2025-11-25 21:40:26,370 - src.data.data_manager - INFO - 加载PRG文件: prg1/calc.csv, 7 条记录
2025-11-25 21:40:26,370 - src.data.csv_processor - INFO - CSV文件读取成功: data\master\prg1\chngValue.csv, 共 2 条记录
2025-11-25 21:40:26,370 - src.data.data_manager - INFO - 加载PRG文件: prg1/chngValue.csv, 2 条记录
2025-11-25 21:40:26,370 - src.data.csv_processor - INFO - CSV文件读取成功: data\master\prg1\cntrl_rex.csv, 共 51 条记录
2025-11-25 21:40:26,370 - src.data.data_manager - INFO - 加载PRG文件: prg1/cntrl_rex.csv, 51 条记录
2025-11-25 21:40:26,371 - src.data.csv_processor - INFO - CSV文件读取成功: data\master\prg1\cntrl.csv, 共 66 条记录
2025-11-25 21:40:26,371 - src.data.data_manager - INFO - 加载PRG文件: prg1/cntrl.csv, 66 条记录
2025-11-25 21:40:26,371 - src.data.csv_processor - INFO - CSV文件读取成功: data\master\prg1\correct.csv, 共 0 条记录
2025-11-25 21:40:26,371 - src.data.data_manager - INFO - 加载PRG文件: prg1/correct.csv, 0 条记录
2025-11-25 21:40:26,372 - src.data.csv_processor - INFO - CSV文件读取成功: data\master\prg1\define.csv, 共 176 条记录
2025-11-25 21:40:26,372 - src.data.data_manager - INFO - 加载PRG文件: prg1/define.csv, 176 条记录
2025-11-25 21:40:26,372 - src.data.csv_processor - INFO - CSV文件读取成功: data\master\prg1\input.csv, 共 0 条记录
2025-11-25 21:40:26,372 - src.data.data_manager - INFO - 加载PRG文件: prg1/input.csv, 0 条记录
2025-11-25 21:40:26,372 - src.data.csv_processor - INFO - CSV文件读取成功: data\master\prg1\load.csv, 共 10 条记录
2025-11-25 21:40:26,373 - src.data.data_manager - INFO - 加载PRG文件: prg1/load.csv, 10 条记录
2025-11-25 21:40:26,373 - src.data.csv_processor - INFO - CSV文件读取成功: data\master\prg1\measure.csv, 共 0 条记录
2025-11-25 21:40:26,373 - src.data.data_manager - INFO - 加载PRG文件: prg1/measure.csv, 0 条记录
2025-11-25 21:40:26,373 - src.data.csv_processor - INFO - CSV文件读取成功: data\master\prg1\preset.csv, 共 0 条记录
2025-11-25 21:40:26,373 - src.data.data_manager - INFO - 加载PRG文件: prg1/preset.csv, 0 条记录
2025-11-25 21:40:26,374 - src.data.csv_processor - INFO - CSV文件读取成功: data\master\prg1\relation.csv, 共 110 条记录
2025-11-25 21:40:26,374 - src.data.data_manager - INFO - 加载PRG文件: prg1/relation.csv, 110 条记录
2025-11-25 21:40:26,374 - src.data.csv_processor - INFO - CSV文件读取成功: data\master\prg1\select.csv, 共 10 条记录
2025-11-25 21:40:26,374 - src.data.data_manager - INFO - 加载PRG文件: prg1/select.csv, 10 条记录
2025-11-25 21:40:26,376 - src.data.csv_processor - INFO - CSV文件读取成功: data\master\prg1\switch.csv, 共 4 条记录
2025-11-25 21:40:26,376 - src.data.data_manager - INFO - 加载PRG文件: prg1/switch.csv, 4 条记录
2025-11-25 21:40:26,387 - src.data.csv_processor - INFO - CSV文件读取成功: data\master\prg1\type_define.csv, 共 8276 条记录
2025-11-25 21:40:26,387 - src.data.data_manager - INFO - 加载PRG文件: prg1/type_define.csv, 8276 条记录
2025-11-25 21:40:26,397 - src.data.csv_processor - INFO - CSV文件读取成功: data\master\prg1\type_prg.csv, 共 8284 条记录
2025-11-25 21:40:26,397 - src.data.data_manager - INFO - 加载PRG文件: prg1/type_prg.csv, 8284 条记录
2025-11-25 21:40:26,398 - src.data.csv_processor - INFO - CSV文件读取成功: data\master\prg2\add.csv, 共 0 条记录
2025-11-25 21:40:26,398 - src.data.data_manager - INFO - 加载PRG文件: prg2/add.csv, 0 条记录
2025-11-25 21:40:26,399 - src.data.csv_processor - INFO - CSV文件读取成功: data\master\prg2\calc.csv, 共 7 条记录
2025-11-25 21:40:26,399 - src.data.data_manager - INFO - 加载PRG文件: prg2/calc.csv, 7 条记录
2025-11-25 21:40:26,399 - src.data.csv_processor - INFO - CSV文件读取成功: data\master\prg2\chngValue.csv, 共 2 条记录
2025-11-25 21:40:26,399 - src.data.data_manager - INFO - 加载PRG文件: prg2/chngValue.csv, 2 条记录
2025-11-25 21:40:26,400 - src.data.csv_processor - INFO - CSV文件读取成功: data\master\prg2\cntrl_rex.csv, 共 51 条记录
2025-11-25 21:40:26,400 - src.data.data_manager - INFO - 加载PRG文件: prg2/cntrl_rex.csv, 51 条记录
2025-11-25 21:40:26,400 - src.data.csv_processor - INFO - CSV文件读取成功: data\master\prg2\cntrl.csv, 共 42 条记录
2025-11-25 21:40:26,400 - src.data.data_manager - INFO - 加载PRG文件: prg2/cntrl.csv, 42 条记录
2025-11-25 21:40:26,400 - src.data.csv_processor - INFO - CSV文件读取成功: data\master\prg2\correct.csv, 共 0 条记录
2025-11-25 21:40:26,401 - src.data.data_manager - INFO - 加载PRG文件: prg2/correct.csv, 0 条记录
2025-11-25 21:40:26,401 - src.data.csv_processor - INFO - CSV文件读取成功: data\master\prg2\define.csv, 共 161 条记录
2025-11-25 21:40:26,401 - src.data.data_manager - INFO - 加载PRG文件: prg2/define.csv, 161 条记录
2025-11-25 21:40:26,402 - src.data.csv_processor - INFO - CSV文件读取成功: data\master\prg2\load.csv, 共 11 条记录
2025-11-25 21:40:26,402 - src.data.data_manager - INFO - 加载PRG文件: prg2/load.csv, 11 条记录
2025-11-25 21:40:26,402 - src.data.csv_processor - INFO - CSV文件读取成功: data\master\prg2\measure.csv, 共 0 条记录
2025-11-25 21:40:26,402 - src.data.data_manager - INFO - 加载PRG文件: prg2/measure.csv, 0 条记录
2025-11-25 21:40:26,402 - src.data.csv_processor - INFO - CSV文件读取成功: data\master\prg2\preset.csv, 共 0 条记录
2025-11-25 21:40:26,402 - src.data.data_manager - INFO - 加载PRG文件: prg2/preset.csv, 0 条记录
2025-11-25 21:40:26,403 - src.data.csv_processor - INFO - CSV文件读取成功: data\master\prg2\relation.csv, 共 58 条记录
2025-11-25 21:40:26,403 - src.data.data_manager - INFO - 加载PRG文件: prg2/relation.csv, 58 条记录
2025-11-25 21:40:26,403 - src.data.csv_processor - INFO - CSV文件读取成功: data\master\prg2\select.csv, 共 0 条记录
2025-11-25 21:40:26,403 - src.data.data_manager - INFO - 加载PRG文件: prg2/select.csv, 0 条记录
2025-11-25 21:40:26,403 - src.data.csv_processor - INFO - CSV文件读取成功: data\master\prg2\switch.csv, 共 0 条记录
2025-11-25 21:40:26,404 - src.data.data_manager - INFO - 加载PRG文件: prg2/switch.csv, 0 条记录
2025-11-25 21:40:26,410 - src.data.data_manager - INFO - 产品数据索引构建完成: 43313 种产品型号
2025-11-25 21:40:26,410 - src.data.data_manager - INFO - 所有CSV文件加载完成
2025-11-25 21:42:58,145 - __main__ - INFO - 启动DNC参数计算系统
2025-11-25 21:42:58,397 - __main__ - WARNING - 未找到原始master数据目录，将使用空目录
2025-11-25 21:42:58,474 - __main__ - INFO - 启动用户界面
2025-11-25 21:42:58,476 - src.config.config_manager - INFO - 配置文件加载成功: config\app_config.ini
2025-11-25 21:42:58,523 - src.data.csv_processor - INFO - CSV文件读取成功: data\master\ini.csv, 共 46 条记录
2025-11-25 21:42:58,523 - src.data.data_manager - INFO - 加载CSV文件: ini.csv, 46 条记录
2025-11-25 21:42:58,524 - src.data.csv_processor - INFO - CSV文件读取成功: data\master\prg.csv, 共 2 条记录
2025-11-25 21:42:58,524 - src.data.data_manager - INFO - 加载CSV文件: prg.csv, 2 条记录
2025-11-25 21:42:58,525 - src.data.csv_processor - INFO - CSV文件读取成功: data\master\header.csv, 共 5 条记录
2025-11-25 21:42:58,525 - src.data.data_manager - INFO - 加载CSV文件: header.csv, 5 条记录
2025-11-25 21:42:58,525 - src.data.csv_processor - INFO - CSV文件读取成功: data\master\math.csv, 共 19 条记录
2025-11-25 21:42:58,525 - src.data.data_manager - INFO - 加载CSV文件: math.csv, 19 条记录
2025-11-25 21:42:58,589 - src.data.csv_processor - INFO - CSV文件读取成功: data\master\type_define.csv, 共 43440 条记录
2025-11-25 21:42:58,590 - src.data.data_manager - INFO - 加载CSV文件: type_define.csv, 43440 条记录
2025-11-25 21:42:58,591 - src.data.csv_processor - INFO - CSV文件读取成功: data\master\type_relation.csv, 共 0 条记录
2025-11-25 21:42:58,591 - src.data.data_manager - INFO - 加载CSV文件: type_relation.csv, 0 条记录
2025-11-25 21:42:58,654 - src.data.csv_processor - INFO - CSV文件读取成功: data\master\type_prg.csv, 共 50328 条记录
2025-11-25 21:42:58,655 - src.data.data_manager - INFO - 加载CSV文件: type_prg.csv, 50328 条记录
2025-11-25 21:42:58,656 - src.data.csv_processor - INFO - CSV文件读取成功: data\master\type_chngvl.csv, 共 0 条记录
2025-11-25 21:42:58,656 - src.data.data_manager - INFO - 加载CSV文件: type_chngvl.csv, 0 条记录
2025-11-25 21:42:58,657 - src.data.csv_processor - INFO - CSV文件读取成功: data\master\prg1\add.csv, 共 0 条记录
2025-11-25 21:42:58,657 - src.data.data_manager - INFO - 加载PRG文件: prg1/add.csv, 0 条记录
2025-11-25 21:42:58,658 - src.data.csv_processor - INFO - CSV文件读取成功: data\master\prg1\calc.csv, 共 7 条记录
2025-11-25 21:42:58,658 - src.data.data_manager - INFO - 加载PRG文件: prg1/calc.csv, 7 条记录
2025-11-25 21:42:58,658 - src.data.csv_processor - INFO - CSV文件读取成功: data\master\prg1\chngValue.csv, 共 2 条记录
2025-11-25 21:42:58,658 - src.data.data_manager - INFO - 加载PRG文件: prg1/chngValue.csv, 2 条记录
2025-11-25 21:42:58,659 - src.data.csv_processor - INFO - CSV文件读取成功: data\master\prg1\cntrl_rex.csv, 共 51 条记录
2025-11-25 21:42:58,659 - src.data.data_manager - INFO - 加载PRG文件: prg1/cntrl_rex.csv, 51 条记录
2025-11-25 21:42:58,660 - src.data.csv_processor - INFO - CSV文件读取成功: data\master\prg1\cntrl.csv, 共 66 条记录
2025-11-25 21:42:58,660 - src.data.data_manager - INFO - 加载PRG文件: prg1/cntrl.csv, 66 条记录
2025-11-25 21:42:58,660 - src.data.csv_processor - INFO - CSV文件读取成功: data\master\prg1\correct.csv, 共 0 条记录
2025-11-25 21:42:58,660 - src.data.data_manager - INFO - 加载PRG文件: prg1/correct.csv, 0 条记录
2025-11-25 21:42:58,661 - src.data.csv_processor - INFO - CSV文件读取成功: data\master\prg1\define.csv, 共 176 条记录
2025-11-25 21:42:58,662 - src.data.data_manager - INFO - 加载PRG文件: prg1/define.csv, 176 条记录
2025-11-25 21:42:58,662 - src.data.csv_processor - INFO - CSV文件读取成功: data\master\prg1\input.csv, 共 0 条记录
2025-11-25 21:42:58,662 - src.data.data_manager - INFO - 加载PRG文件: prg1/input.csv, 0 条记录
2025-11-25 21:42:58,663 - src.data.csv_processor - INFO - CSV文件读取成功: data\master\prg1\load.csv, 共 10 条记录
2025-11-25 21:42:58,663 - src.data.data_manager - INFO - 加载PRG文件: prg1/load.csv, 10 条记录
2025-11-25 21:42:58,664 - src.data.csv_processor - INFO - CSV文件读取成功: data\master\prg1\measure.csv, 共 0 条记录
2025-11-25 21:42:58,664 - src.data.data_manager - INFO - 加载PRG文件: prg1/measure.csv, 0 条记录
2025-11-25 21:42:58,664 - src.data.csv_processor - INFO - CSV文件读取成功: data\master\prg1\preset.csv, 共 0 条记录
2025-11-25 21:42:58,664 - src.data.data_manager - INFO - 加载PRG文件: prg1/preset.csv, 0 条记录
2025-11-25 21:42:58,665 - src.data.csv_processor - INFO - CSV文件读取成功: data\master\prg1\relation.csv, 共 110 条记录
2025-11-25 21:42:58,666 - src.data.data_manager - INFO - 加载PRG文件: prg1/relation.csv, 110 条记录
2025-11-25 21:42:58,666 - src.data.csv_processor - INFO - CSV文件读取成功: data\master\prg1\select.csv, 共 10 条记录
2025-11-25 21:42:58,666 - src.data.data_manager - INFO - 加载PRG文件: prg1/select.csv, 10 条记录
2025-11-25 21:42:58,667 - src.data.csv_processor - INFO - CSV文件读取成功: data\master\prg1\switch.csv, 共 4 条记录
2025-11-25 21:42:58,667 - src.data.data_manager - INFO - 加载PRG文件: prg1/switch.csv, 4 条记录
2025-11-25 21:42:58,678 - src.data.csv_processor - INFO - CSV文件读取成功: data\master\prg1\type_define.csv, 共 8276 条记录
2025-11-25 21:42:58,679 - src.data.data_manager - INFO - 加载PRG文件: prg1/type_define.csv, 8276 条记录
2025-11-25 21:42:58,686 - src.data.csv_processor - INFO - CSV文件读取成功: data\master\prg1\type_prg.csv, 共 8284 条记录
2025-11-25 21:42:58,687 - src.data.data_manager - INFO - 加载PRG文件: prg1/type_prg.csv, 8284 条记录
2025-11-25 21:42:58,688 - src.data.csv_processor - INFO - CSV文件读取成功: data\master\prg2\add.csv, 共 0 条记录
2025-11-25 21:42:58,688 - src.data.data_manager - INFO - 加载PRG文件: prg2/add.csv, 0 条记录
2025-11-25 21:42:58,689 - src.data.csv_processor - INFO - CSV文件读取成功: data\master\prg2\calc.csv, 共 7 条记录
2025-11-25 21:42:58,689 - src.data.data_manager - INFO - 加载PRG文件: prg2/calc.csv, 7 条记录
2025-11-25 21:42:58,690 - src.data.csv_processor - INFO - CSV文件读取成功: data\master\prg2\chngValue.csv, 共 2 条记录
2025-11-25 21:42:58,690 - src.data.data_manager - INFO - 加载PRG文件: prg2/chngValue.csv, 2 条记录
2025-11-25 21:42:58,691 - src.data.csv_processor - INFO - CSV文件读取成功: data\master\prg2\cntrl_rex.csv, 共 51 条记录
2025-11-25 21:42:58,692 - src.data.data_manager - INFO - 加载PRG文件: prg2/cntrl_rex.csv, 51 条记录
2025-11-25 21:42:58,692 - src.data.csv_processor - INFO - CSV文件读取成功: data\master\prg2\cntrl.csv, 共 42 条记录
2025-11-25 21:42:58,692 - src.data.data_manager - INFO - 加载PRG文件: prg2/cntrl.csv, 42 条记录
2025-11-25 21:42:58,693 - src.data.csv_processor - INFO - CSV文件读取成功: data\master\prg2\correct.csv, 共 0 条记录
2025-11-25 21:42:58,693 - src.data.data_manager - INFO - 加载PRG文件: prg2/correct.csv, 0 条记录
2025-11-25 21:42:58,694 - src.data.csv_processor - INFO - CSV文件读取成功: data\master\prg2\define.csv, 共 161 条记录
2025-11-25 21:42:58,694 - src.data.data_manager - INFO - 加载PRG文件: prg2/define.csv, 161 条记录
2025-11-25 21:42:58,695 - src.data.csv_processor - INFO - CSV文件读取成功: data\master\prg2\load.csv, 共 11 条记录
2025-11-25 21:42:58,695 - src.data.data_manager - INFO - 加载PRG文件: prg2/load.csv, 11 条记录
2025-11-25 21:42:58,695 - src.data.csv_processor - INFO - CSV文件读取成功: data\master\prg2\measure.csv, 共 0 条记录
2025-11-25 21:42:58,696 - src.data.data_manager - INFO - 加载PRG文件: prg2/measure.csv, 0 条记录
2025-11-25 21:42:58,696 - src.data.csv_processor - INFO - CSV文件读取成功: data\master\prg2\preset.csv, 共 0 条记录
2025-11-25 21:42:58,696 - src.data.data_manager - INFO - 加载PRG文件: prg2/preset.csv, 0 条记录
2025-11-25 21:42:58,697 - src.data.csv_processor - INFO - CSV文件读取成功: data\master\prg2\relation.csv, 共 58 条记录
2025-11-25 21:42:58,697 - src.data.data_manager - INFO - 加载PRG文件: prg2/relation.csv, 58 条记录
2025-11-25 21:42:58,698 - src.data.csv_processor - INFO - CSV文件读取成功: data\master\prg2\select.csv, 共 0 条记录
2025-11-25 21:42:58,698 - src.data.data_manager - INFO - 加载PRG文件: prg2/select.csv, 0 条记录
2025-11-25 21:42:58,698 - src.data.csv_processor - INFO - CSV文件读取成功: data\master\prg2\switch.csv, 共 0 条记录
2025-11-25 21:42:58,698 - src.data.data_manager - INFO - 加载PRG文件: prg2/switch.csv, 0 条记录
2025-11-25 21:42:58,705 - src.data.data_manager - INFO - 产品数据索引构建完成: 43313 种产品型号
2025-11-25 21:42:58,705 - src.data.data_manager - INFO - 所有CSV文件加载完成
2025-11-25 21:43:10,401 - src.ui.main_window - INFO - 找到匹配型号: GPA20GT15040_A (从输入 GPA20GT15040_A-H8 匹配)
2025-11-25 21:44:32,828 - __main__ - INFO - 应用程序正常退出
2025-11-25 21:52:44,159 - __main__ - INFO - 启动DNC参数计算系统
2025-11-25 21:52:44,431 - __main__ - WARNING - 未找到原始master数据目录，将使用空目录
2025-11-25 21:52:44,502 - __main__ - INFO - 启动用户界面
2025-11-25 21:52:44,503 - src.config.config_manager - INFO - 配置文件加载成功: config\app_config.ini
2025-11-25 21:52:44,551 - src.data.csv_processor - INFO - CSV文件读取成功: data\master\ini.csv, 共 46 条记录
2025-11-25 21:52:44,552 - src.data.data_manager - INFO - 加载CSV文件: ini.csv, 46 条记录
2025-11-25 21:52:44,552 - src.data.csv_processor - INFO - CSV文件读取成功: data\master\prg.csv, 共 2 条记录
2025-11-25 21:52:44,552 - src.data.data_manager - INFO - 加载CSV文件: prg.csv, 2 条记录
2025-11-25 21:52:44,552 - src.data.csv_processor - INFO - CSV文件读取成功: data\master\header.csv, 共 5 条记录
2025-11-25 21:52:44,553 - src.data.data_manager - INFO - 加载CSV文件: header.csv, 5 条记录
2025-11-25 21:52:44,553 - src.data.csv_processor - INFO - CSV文件读取成功: data\master\math.csv, 共 19 条记录
2025-11-25 21:52:44,553 - src.data.data_manager - INFO - 加载CSV文件: math.csv, 19 条记录
2025-11-25 21:52:44,618 - src.data.csv_processor - INFO - CSV文件读取成功: data\master\type_define.csv, 共 43440 条记录
2025-11-25 21:52:44,619 - src.data.data_manager - INFO - 加载CSV文件: type_define.csv, 43440 条记录
2025-11-25 21:52:44,619 - src.data.csv_processor - INFO - CSV文件读取成功: data\master\type_relation.csv, 共 0 条记录
2025-11-25 21:52:44,620 - src.data.data_manager - INFO - 加载CSV文件: type_relation.csv, 0 条记录
2025-11-25 21:52:44,686 - src.data.csv_processor - INFO - CSV文件读取成功: data\master\type_prg.csv, 共 50328 条记录
2025-11-25 21:52:44,687 - src.data.data_manager - INFO - 加载CSV文件: type_prg.csv, 50328 条记录
2025-11-25 21:52:44,688 - src.data.csv_processor - INFO - CSV文件读取成功: data\master\type_chngvl.csv, 共 0 条记录
2025-11-25 21:52:44,688 - src.data.data_manager - INFO - 加载CSV文件: type_chngvl.csv, 0 条记录
2025-11-25 21:52:44,688 - src.data.csv_processor - INFO - CSV文件读取成功: data\master\prg1\add.csv, 共 0 条记录
2025-11-25 21:52:44,688 - src.data.data_manager - INFO - 加载PRG文件: prg1/add.csv, 0 条记录
2025-11-25 21:52:44,688 - src.data.csv_processor - INFO - CSV文件读取成功: data\master\prg1\calc.csv, 共 7 条记录
2025-11-25 21:52:44,688 - src.data.data_manager - INFO - 加载PRG文件: prg1/calc.csv, 7 条记录
2025-11-25 21:52:44,689 - src.data.csv_processor - INFO - CSV文件读取成功: data\master\prg1\chngValue.csv, 共 2 条记录
2025-11-25 21:52:44,689 - src.data.data_manager - INFO - 加载PRG文件: prg1/chngValue.csv, 2 条记录
2025-11-25 21:52:44,689 - src.data.csv_processor - INFO - CSV文件读取成功: data\master\prg1\cntrl_rex.csv, 共 51 条记录
2025-11-25 21:52:44,689 - src.data.data_manager - INFO - 加载PRG文件: prg1/cntrl_rex.csv, 51 条记录
2025-11-25 21:52:44,690 - src.data.csv_processor - INFO - CSV文件读取成功: data\master\prg1\cntrl.csv, 共 66 条记录
2025-11-25 21:52:44,690 - src.data.data_manager - INFO - 加载PRG文件: prg1/cntrl.csv, 66 条记录
2025-11-25 21:52:44,690 - src.data.csv_processor - INFO - CSV文件读取成功: data\master\prg1\correct.csv, 共 0 条记录
2025-11-25 21:52:44,690 - src.data.data_manager - INFO - 加载PRG文件: prg1/correct.csv, 0 条记录
2025-11-25 21:52:44,691 - src.data.csv_processor - INFO - CSV文件读取成功: data\master\prg1\define.csv, 共 176 条记录
2025-11-25 21:52:44,691 - src.data.data_manager - INFO - 加载PRG文件: prg1/define.csv, 176 条记录
2025-11-25 21:52:44,691 - src.data.csv_processor - INFO - CSV文件读取成功: data\master\prg1\input.csv, 共 0 条记录
2025-11-25 21:52:44,691 - src.data.data_manager - INFO - 加载PRG文件: prg1/input.csv, 0 条记录
2025-11-25 21:52:44,691 - src.data.csv_processor - INFO - CSV文件读取成功: data\master\prg1\load.csv, 共 10 条记录
2025-11-25 21:52:44,692 - src.data.data_manager - INFO - 加载PRG文件: prg1/load.csv, 10 条记录
2025-11-25 21:52:44,692 - src.data.csv_processor - INFO - CSV文件读取成功: data\master\prg1\measure.csv, 共 0 条记录
2025-11-25 21:52:44,692 - src.data.data_manager - INFO - 加载PRG文件: prg1/measure.csv, 0 条记录
2025-11-25 21:52:44,692 - src.data.csv_processor - INFO - CSV文件读取成功: data\master\prg1\preset.csv, 共 0 条记录
2025-11-25 21:52:44,692 - src.data.data_manager - INFO - 加载PRG文件: prg1/preset.csv, 0 条记录
2025-11-25 21:52:44,693 - src.data.csv_processor - INFO - CSV文件读取成功: data\master\prg1\relation.csv, 共 110 条记录
2025-11-25 21:52:44,693 - src.data.data_manager - INFO - 加载PRG文件: prg1/relation.csv, 110 条记录
2025-11-25 21:52:44,694 - src.data.csv_processor - INFO - CSV文件读取成功: data\master\prg1\select.csv, 共 10 条记录
2025-11-25 21:52:44,694 - src.data.data_manager - INFO - 加载PRG文件: prg1/select.csv, 10 条记录
2025-11-25 21:52:44,695 - src.data.csv_processor - INFO - CSV文件读取成功: data\master\prg1\switch.csv, 共 4 条记录
2025-11-25 21:52:44,695 - src.data.data_manager - INFO - 加载PRG文件: prg1/switch.csv, 4 条记录
2025-11-25 21:52:44,708 - src.data.csv_processor - INFO - CSV文件读取成功: data\master\prg1\type_define.csv, 共 8276 条记录
2025-11-25 21:52:44,708 - src.data.data_manager - INFO - 加载PRG文件: prg1/type_define.csv, 8276 条记录
2025-11-25 21:52:44,718 - src.data.csv_processor - INFO - CSV文件读取成功: data\master\prg1\type_prg.csv, 共 8284 条记录
2025-11-25 21:52:44,718 - src.data.data_manager - INFO - 加载PRG文件: prg1/type_prg.csv, 8284 条记录
2025-11-25 21:52:44,719 - src.data.csv_processor - INFO - CSV文件读取成功: data\master\prg2\add.csv, 共 0 条记录
2025-11-25 21:52:44,719 - src.data.data_manager - INFO - 加载PRG文件: prg2/add.csv, 0 条记录
2025-11-25 21:52:44,719 - src.data.csv_processor - INFO - CSV文件读取成功: data\master\prg2\calc.csv, 共 7 条记录
2025-11-25 21:52:44,720 - src.data.data_manager - INFO - 加载PRG文件: prg2/calc.csv, 7 条记录
2025-11-25 21:52:44,720 - src.data.csv_processor - INFO - CSV文件读取成功: data\master\prg2\chngValue.csv, 共 2 条记录
2025-11-25 21:52:44,720 - src.data.data_manager - INFO - 加载PRG文件: prg2/chngValue.csv, 2 条记录
2025-11-25 21:52:44,720 - src.data.csv_processor - INFO - CSV文件读取成功: data\master\prg2\cntrl_rex.csv, 共 51 条记录
2025-11-25 21:52:44,721 - src.data.data_manager - INFO - 加载PRG文件: prg2/cntrl_rex.csv, 51 条记录
2025-11-25 21:52:44,721 - src.data.csv_processor - INFO - CSV文件读取成功: data\master\prg2\cntrl.csv, 共 42 条记录
2025-11-25 21:52:44,721 - src.data.data_manager - INFO - 加载PRG文件: prg2/cntrl.csv, 42 条记录
2025-11-25 21:52:44,721 - src.data.csv_processor - INFO - CSV文件读取成功: data\master\prg2\correct.csv, 共 0 条记录
2025-11-25 21:52:44,721 - src.data.data_manager - INFO - 加载PRG文件: prg2/correct.csv, 0 条记录
2025-11-25 21:52:44,722 - src.data.csv_processor - INFO - CSV文件读取成功: data\master\prg2\define.csv, 共 161 条记录
2025-11-25 21:52:44,722 - src.data.data_manager - INFO - 加载PRG文件: prg2/define.csv, 161 条记录
2025-11-25 21:52:44,722 - src.data.csv_processor - INFO - CSV文件读取成功: data\master\prg2\load.csv, 共 11 条记录
2025-11-25 21:52:44,722 - src.data.data_manager - INFO - 加载PRG文件: prg2/load.csv, 11 条记录
2025-11-25 21:52:44,722 - src.data.csv_processor - INFO - CSV文件读取成功: data\master\prg2\measure.csv, 共 0 条记录
2025-11-25 21:52:44,723 - src.data.data_manager - INFO - 加载PRG文件: prg2/measure.csv, 0 条记录
2025-11-25 21:52:44,723 - src.data.csv_processor - INFO - CSV文件读取成功: data\master\prg2\preset.csv, 共 0 条记录
2025-11-25 21:52:44,723 - src.data.data_manager - INFO - 加载PRG文件: prg2/preset.csv, 0 条记录
2025-11-25 21:52:44,723 - src.data.csv_processor - INFO - CSV文件读取成功: data\master\prg2\relation.csv, 共 58 条记录
2025-11-25 21:52:44,723 - src.data.data_manager - INFO - 加载PRG文件: prg2/relation.csv, 58 条记录
2025-11-25 21:52:44,724 - src.data.csv_processor - INFO - CSV文件读取成功: data\master\prg2\select.csv, 共 0 条记录
2025-11-25 21:52:44,724 - src.data.data_manager - INFO - 加载PRG文件: prg2/select.csv, 0 条记录
2025-11-25 21:52:44,724 - src.data.csv_processor - INFO - CSV文件读取成功: data\master\prg2\switch.csv, 共 0 条记录
2025-11-25 21:52:44,724 - src.data.data_manager - INFO - 加载PRG文件: prg2/switch.csv, 0 条记录
2025-11-25 21:52:44,729 - src.data.data_manager - INFO - 产品数据索引构建完成: 43313 种产品型号
2025-11-25 21:52:44,729 - src.data.data_manager - INFO - 所有CSV文件加载完成
2025-11-25 21:52:53,091 - __main__ - INFO - 应用程序正常退出
2025-11-25 21:53:16,815 - __main__ - INFO - 启动DNC参数计算系统
2025-11-25 21:53:17,069 - __main__ - WARNING - 未找到原始master数据目录，将使用空目录
2025-11-25 21:53:17,144 - __main__ - INFO - 启动用户界面
2025-11-25 21:53:17,146 - src.config.config_manager - INFO - 配置文件加载成功: config\app_config.ini
2025-11-25 21:53:17,191 - src.data.csv_processor - INFO - CSV文件读取成功: data\master\ini.csv, 共 46 条记录
2025-11-25 21:53:17,192 - src.data.data_manager - INFO - 加载CSV文件: ini.csv, 46 条记录
2025-11-25 21:53:17,192 - src.data.csv_processor - INFO - CSV文件读取成功: data\master\prg.csv, 共 2 条记录
2025-11-25 21:53:17,193 - src.data.data_manager - INFO - 加载CSV文件: prg.csv, 2 条记录
2025-11-25 21:53:17,193 - src.data.csv_processor - INFO - CSV文件读取成功: data\master\header.csv, 共 5 条记录
2025-11-25 21:53:17,193 - src.data.data_manager - INFO - 加载CSV文件: header.csv, 5 条记录
2025-11-25 21:53:17,193 - src.data.csv_processor - INFO - CSV文件读取成功: data\master\math.csv, 共 19 条记录
2025-11-25 21:53:17,194 - src.data.data_manager - INFO - 加载CSV文件: math.csv, 19 条记录
2025-11-25 21:53:17,256 - src.data.csv_processor - INFO - CSV文件读取成功: data\master\type_define.csv, 共 43440 条记录
2025-11-25 21:53:17,257 - src.data.data_manager - INFO - 加载CSV文件: type_define.csv, 43440 条记录
2025-11-25 21:53:17,258 - src.data.csv_processor - INFO - CSV文件读取成功: data\master\type_relation.csv, 共 0 条记录
2025-11-25 21:53:17,258 - src.data.data_manager - INFO - 加载CSV文件: type_relation.csv, 0 条记录
2025-11-25 21:53:17,324 - src.data.csv_processor - INFO - CSV文件读取成功: data\master\type_prg.csv, 共 50328 条记录
2025-11-25 21:53:17,325 - src.data.data_manager - INFO - 加载CSV文件: type_prg.csv, 50328 条记录
2025-11-25 21:53:17,326 - src.data.csv_processor - INFO - CSV文件读取成功: data\master\type_chngvl.csv, 共 0 条记录
2025-11-25 21:53:17,326 - src.data.data_manager - INFO - 加载CSV文件: type_chngvl.csv, 0 条记录
2025-11-25 21:53:17,326 - src.data.csv_processor - INFO - CSV文件读取成功: data\master\prg1\add.csv, 共 0 条记录
2025-11-25 21:53:17,327 - src.data.data_manager - INFO - 加载PRG文件: prg1/add.csv, 0 条记录
2025-11-25 21:53:17,327 - src.data.csv_processor - INFO - CSV文件读取成功: data\master\prg1\calc.csv, 共 7 条记录
2025-11-25 21:53:17,327 - src.data.data_manager - INFO - 加载PRG文件: prg1/calc.csv, 7 条记录
2025-11-25 21:53:17,328 - src.data.csv_processor - INFO - CSV文件读取成功: data\master\prg1\chngValue.csv, 共 2 条记录
2025-11-25 21:53:17,328 - src.data.data_manager - INFO - 加载PRG文件: prg1/chngValue.csv, 2 条记录
2025-11-25 21:53:17,329 - src.data.csv_processor - INFO - CSV文件读取成功: data\master\prg1\cntrl_rex.csv, 共 51 条记录
2025-11-25 21:53:17,332 - src.data.data_manager - INFO - 加载PRG文件: prg1/cntrl_rex.csv, 51 条记录
2025-11-25 21:53:17,332 - src.data.csv_processor - INFO - CSV文件读取成功: data\master\prg1\cntrl.csv, 共 66 条记录
2025-11-25 21:53:17,333 - src.data.data_manager - INFO - 加载PRG文件: prg1/cntrl.csv, 66 条记录
2025-11-25 21:53:17,333 - src.data.csv_processor - INFO - CSV文件读取成功: data\master\prg1\correct.csv, 共 0 条记录
2025-11-25 21:53:17,333 - src.data.data_manager - INFO - 加载PRG文件: prg1/correct.csv, 0 条记录
2025-11-25 21:53:17,334 - src.data.csv_processor - INFO - CSV文件读取成功: data\master\prg1\define.csv, 共 176 条记录
2025-11-25 21:53:17,334 - src.data.data_manager - INFO - 加载PRG文件: prg1/define.csv, 176 条记录
2025-11-25 21:53:17,335 - src.data.csv_processor - INFO - CSV文件读取成功: data\master\prg1\input.csv, 共 0 条记录
2025-11-25 21:53:17,335 - src.data.data_manager - INFO - 加载PRG文件: prg1/input.csv, 0 条记录
2025-11-25 21:53:17,336 - src.data.csv_processor - INFO - CSV文件读取成功: data\master\prg1\load.csv, 共 10 条记录
2025-11-25 21:53:17,336 - src.data.data_manager - INFO - 加载PRG文件: prg1/load.csv, 10 条记录
2025-11-25 21:53:17,336 - src.data.csv_processor - INFO - CSV文件读取成功: data\master\prg1\measure.csv, 共 0 条记录
2025-11-25 21:53:17,337 - src.data.data_manager - INFO - 加载PRG文件: prg1/measure.csv, 0 条记录
2025-11-25 21:53:17,337 - src.data.csv_processor - INFO - CSV文件读取成功: data\master\prg1\preset.csv, 共 0 条记录
2025-11-25 21:53:17,337 - src.data.data_manager - INFO - 加载PRG文件: prg1/preset.csv, 0 条记录
2025-11-25 21:53:17,338 - src.data.csv_processor - INFO - CSV文件读取成功: data\master\prg1\relation.csv, 共 110 条记录
2025-11-25 21:53:17,339 - src.data.data_manager - INFO - 加载PRG文件: prg1/relation.csv, 110 条记录
2025-11-25 21:53:17,339 - src.data.csv_processor - INFO - CSV文件读取成功: data\master\prg1\select.csv, 共 10 条记录
2025-11-25 21:53:17,339 - src.data.data_manager - INFO - 加载PRG文件: prg1/select.csv, 10 条记录
2025-11-25 21:53:17,340 - src.data.csv_processor - INFO - CSV文件读取成功: data\master\prg1\switch.csv, 共 4 条记录
2025-11-25 21:53:17,340 - src.data.data_manager - INFO - 加载PRG文件: prg1/switch.csv, 4 条记录
2025-11-25 21:53:17,351 - src.data.csv_processor - INFO - CSV文件读取成功: data\master\prg1\type_define.csv, 共 8276 条记录
2025-11-25 21:53:17,351 - src.data.data_manager - INFO - 加载PRG文件: prg1/type_define.csv, 8276 条记录
2025-11-25 21:53:17,359 - src.data.csv_processor - INFO - CSV文件读取成功: data\master\prg1\type_prg.csv, 共 8284 条记录
2025-11-25 21:53:17,359 - src.data.data_manager - INFO - 加载PRG文件: prg1/type_prg.csv, 8284 条记录
2025-11-25 21:53:17,360 - src.data.csv_processor - INFO - CSV文件读取成功: data\master\prg2\add.csv, 共 0 条记录
2025-11-25 21:53:17,360 - src.data.data_manager - INFO - 加载PRG文件: prg2/add.csv, 0 条记录
2025-11-25 21:53:17,360 - src.data.csv_processor - INFO - CSV文件读取成功: data\master\prg2\calc.csv, 共 7 条记录
2025-11-25 21:53:17,361 - src.data.data_manager - INFO - 加载PRG文件: prg2/calc.csv, 7 条记录
2025-11-25 21:53:17,361 - src.data.csv_processor - INFO - CSV文件读取成功: data\master\prg2\chngValue.csv, 共 2 条记录
2025-11-25 21:53:17,361 - src.data.data_manager - INFO - 加载PRG文件: prg2/chngValue.csv, 2 条记录
2025-11-25 21:53:17,362 - src.data.csv_processor - INFO - CSV文件读取成功: data\master\prg2\cntrl_rex.csv, 共 51 条记录
2025-11-25 21:53:17,362 - src.data.data_manager - INFO - 加载PRG文件: prg2/cntrl_rex.csv, 51 条记录
2025-11-25 21:53:17,363 - src.data.csv_processor - INFO - CSV文件读取成功: data\master\prg2\cntrl.csv, 共 42 条记录
2025-11-25 21:53:17,363 - src.data.data_manager - INFO - 加载PRG文件: prg2/cntrl.csv, 42 条记录
2025-11-25 21:53:17,364 - src.data.csv_processor - INFO - CSV文件读取成功: data\master\prg2\correct.csv, 共 0 条记录
2025-11-25 21:53:17,364 - src.data.data_manager - INFO - 加载PRG文件: prg2/correct.csv, 0 条记录
2025-11-25 21:53:17,365 - src.data.csv_processor - INFO - CSV文件读取成功: data\master\prg2\define.csv, 共 161 条记录
2025-11-25 21:53:17,365 - src.data.data_manager - INFO - 加载PRG文件: prg2/define.csv, 161 条记录
2025-11-25 21:53:17,365 - src.data.csv_processor - INFO - CSV文件读取成功: data\master\prg2\load.csv, 共 11 条记录
2025-11-25 21:53:17,365 - src.data.data_manager - INFO - 加载PRG文件: prg2/load.csv, 11 条记录
2025-11-25 21:53:17,366 - src.data.csv_processor - INFO - CSV文件读取成功: data\master\prg2\measure.csv, 共 0 条记录
2025-11-25 21:53:17,366 - src.data.data_manager - INFO - 加载PRG文件: prg2/measure.csv, 0 条记录
2025-11-25 21:53:17,367 - src.data.csv_processor - INFO - CSV文件读取成功: data\master\prg2\preset.csv, 共 0 条记录
2025-11-25 21:53:17,367 - src.data.data_manager - INFO - 加载PRG文件: prg2/preset.csv, 0 条记录
2025-11-25 21:53:17,368 - src.data.csv_processor - INFO - CSV文件读取成功: data\master\prg2\relation.csv, 共 58 条记录
2025-11-25 21:53:17,368 - src.data.data_manager - INFO - 加载PRG文件: prg2/relation.csv, 58 条记录
2025-11-25 21:53:17,368 - src.data.csv_processor - INFO - CSV文件读取成功: data\master\prg2\select.csv, 共 0 条记录
2025-11-25 21:53:17,368 - src.data.data_manager - INFO - 加载PRG文件: prg2/select.csv, 0 条记录
2025-11-25 21:53:17,369 - src.data.csv_processor - INFO - CSV文件读取成功: data\master\prg2\switch.csv, 共 0 条记录
2025-11-25 21:53:17,369 - src.data.data_manager - INFO - 加载PRG文件: prg2/switch.csv, 0 条记录
2025-11-25 21:53:17,374 - src.data.data_manager - INFO - 产品数据索引构建完成: 43313 种产品型号
2025-11-25 21:53:17,374 - src.data.data_manager - INFO - 所有CSV文件加载完成
2025-11-25 21:53:30,878 - src.ui.main_window - INFO - 找到匹配型号: GPA20GT15040_A (从输入 GPA20GT15040_A-H8 匹配)
2025-11-25 21:57:56,448 - __main__ - INFO - 启动DNC参数计算系统
2025-11-25 21:57:56,710 - __main__ - WARNING - 未找到原始master数据目录，将使用空目录
2025-11-25 21:57:56,785 - __main__ - INFO - 启动用户界面
2025-11-25 21:57:56,786 - src.config.config_manager - INFO - 配置文件加载成功: config\app_config.ini
2025-11-25 21:57:56,834 - src.data.csv_processor - INFO - CSV文件读取成功: data\master\ini.csv, 共 46 条记录
2025-11-25 21:57:56,834 - src.data.data_manager - INFO - 加载CSV文件: ini.csv, 46 条记录
2025-11-25 21:57:56,834 - src.data.csv_processor - INFO - CSV文件读取成功: data\master\prg.csv, 共 2 条记录
2025-11-25 21:57:56,834 - src.data.data_manager - INFO - 加载CSV文件: prg.csv, 2 条记录
2025-11-25 21:57:56,834 - src.data.csv_processor - INFO - CSV文件读取成功: data\master\header.csv, 共 5 条记录
2025-11-25 21:57:56,835 - src.data.data_manager - INFO - 加载CSV文件: header.csv, 5 条记录
2025-11-25 21:57:56,835 - src.data.csv_processor - INFO - CSV文件读取成功: data\master\math.csv, 共 19 条记录
2025-11-25 21:57:56,835 - src.data.data_manager - INFO - 加载CSV文件: math.csv, 19 条记录
2025-11-25 21:57:56,884 - src.data.csv_processor - INFO - CSV文件读取成功: data\master\type_define.csv, 共 43440 条记录
2025-11-25 21:57:56,885 - src.data.data_manager - INFO - 加载CSV文件: type_define.csv, 43440 条记录
2025-11-25 21:57:56,886 - src.data.csv_processor - INFO - CSV文件读取成功: data\master\type_relation.csv, 共 0 条记录
2025-11-25 21:57:56,886 - src.data.data_manager - INFO - 加载CSV文件: type_relation.csv, 0 条记录
2025-11-25 21:57:56,961 - src.data.csv_processor - INFO - CSV文件读取成功: data\master\type_prg.csv, 共 50328 条记录
2025-11-25 21:57:56,962 - src.data.data_manager - INFO - 加载CSV文件: type_prg.csv, 50328 条记录
2025-11-25 21:57:56,962 - src.data.csv_processor - INFO - CSV文件读取成功: data\master\type_chngvl.csv, 共 0 条记录
2025-11-25 21:57:56,962 - src.data.data_manager - INFO - 加载CSV文件: type_chngvl.csv, 0 条记录
2025-11-25 21:57:56,962 - src.data.csv_processor - INFO - CSV文件读取成功: data\master\prg1\add.csv, 共 0 条记录
2025-11-25 21:57:56,963 - src.data.data_manager - INFO - 加载PRG文件: prg1/add.csv, 0 条记录
2025-11-25 21:57:56,963 - src.data.csv_processor - INFO - CSV文件读取成功: data\master\prg1\calc.csv, 共 7 条记录
2025-11-25 21:57:56,963 - src.data.data_manager - INFO - 加载PRG文件: prg1/calc.csv, 7 条记录
2025-11-25 21:57:56,963 - src.data.csv_processor - INFO - CSV文件读取成功: data\master\prg1\chngValue.csv, 共 2 条记录
2025-11-25 21:57:56,963 - src.data.data_manager - INFO - 加载PRG文件: prg1/chngValue.csv, 2 条记录
2025-11-25 21:57:56,964 - src.data.csv_processor - INFO - CSV文件读取成功: data\master\prg1\cntrl_rex.csv, 共 51 条记录
2025-11-25 21:57:56,964 - src.data.data_manager - INFO - 加载PRG文件: prg1/cntrl_rex.csv, 51 条记录
2025-11-25 21:57:56,964 - src.data.csv_processor - INFO - CSV文件读取成功: data\master\prg1\cntrl.csv, 共 66 条记录
2025-11-25 21:57:56,964 - src.data.data_manager - INFO - 加载PRG文件: prg1/cntrl.csv, 66 条记录
2025-11-25 21:57:56,964 - src.data.csv_processor - INFO - CSV文件读取成功: data\master\prg1\correct.csv, 共 0 条记录
2025-11-25 21:57:56,965 - src.data.data_manager - INFO - 加载PRG文件: prg1/correct.csv, 0 条记录
2025-11-25 21:57:56,965 - src.data.csv_processor - INFO - CSV文件读取成功: data\master\prg1\define.csv, 共 176 条记录
2025-11-25 21:57:56,965 - src.data.data_manager - INFO - 加载PRG文件: prg1/define.csv, 176 条记录
2025-11-25 21:57:56,965 - src.data.csv_processor - INFO - CSV文件读取成功: data\master\prg1\input.csv, 共 0 条记录
2025-11-25 21:57:56,966 - src.data.data_manager - INFO - 加载PRG文件: prg1/input.csv, 0 条记录
2025-11-25 21:57:56,966 - src.data.csv_processor - INFO - CSV文件读取成功: data\master\prg1\load.csv, 共 10 条记录
2025-11-25 21:57:56,966 - src.data.data_manager - INFO - 加载PRG文件: prg1/load.csv, 10 条记录
2025-11-25 21:57:56,966 - src.data.csv_processor - INFO - CSV文件读取成功: data\master\prg1\measure.csv, 共 0 条记录
2025-11-25 21:57:56,966 - src.data.data_manager - INFO - 加载PRG文件: prg1/measure.csv, 0 条记录
2025-11-25 21:57:56,967 - src.data.csv_processor - INFO - CSV文件读取成功: data\master\prg1\preset.csv, 共 0 条记录
2025-11-25 21:57:56,967 - src.data.data_manager - INFO - 加载PRG文件: prg1/preset.csv, 0 条记录
2025-11-25 21:57:56,968 - src.data.csv_processor - INFO - CSV文件读取成功: data\master\prg1\relation.csv, 共 110 条记录
2025-11-25 21:57:56,968 - src.data.data_manager - INFO - 加载PRG文件: prg1/relation.csv, 110 条记录
2025-11-25 21:57:56,968 - src.data.csv_processor - INFO - CSV文件读取成功: data\master\prg1\select.csv, 共 10 条记录
2025-11-25 21:57:56,968 - src.data.data_manager - INFO - 加载PRG文件: prg1/select.csv, 10 条记录
2025-11-25 21:57:56,970 - src.data.csv_processor - INFO - CSV文件读取成功: data\master\prg1\switch.csv, 共 4 条记录
2025-11-25 21:57:56,970 - src.data.data_manager - INFO - 加载PRG文件: prg1/switch.csv, 4 条记录
2025-11-25 21:57:56,979 - src.data.csv_processor - INFO - CSV文件读取成功: data\master\prg1\type_define.csv, 共 8276 条记录
2025-11-25 21:57:56,979 - src.data.data_manager - INFO - 加载PRG文件: prg1/type_define.csv, 8276 条记录
2025-11-25 21:57:56,987 - src.data.csv_processor - INFO - CSV文件读取成功: data\master\prg1\type_prg.csv, 共 8284 条记录
2025-11-25 21:57:56,987 - src.data.data_manager - INFO - 加载PRG文件: prg1/type_prg.csv, 8284 条记录
2025-11-25 21:57:56,988 - src.data.csv_processor - INFO - CSV文件读取成功: data\master\prg2\add.csv, 共 0 条记录
2025-11-25 21:57:56,988 - src.data.data_manager - INFO - 加载PRG文件: prg2/add.csv, 0 条记录
2025-11-25 21:57:56,988 - src.data.csv_processor - INFO - CSV文件读取成功: data\master\prg2\calc.csv, 共 7 条记录
2025-11-25 21:57:56,988 - src.data.data_manager - INFO - 加载PRG文件: prg2/calc.csv, 7 条记录
2025-11-25 21:57:56,988 - src.data.csv_processor - INFO - CSV文件读取成功: data\master\prg2\chngValue.csv, 共 2 条记录
2025-11-25 21:57:56,988 - src.data.data_manager - INFO - 加载PRG文件: prg2/chngValue.csv, 2 条记录
2025-11-25 21:57:56,989 - src.data.csv_processor - INFO - CSV文件读取成功: data\master\prg2\cntrl_rex.csv, 共 51 条记录
2025-11-25 21:57:56,989 - src.data.data_manager - INFO - 加载PRG文件: prg2/cntrl_rex.csv, 51 条记录
2025-11-25 21:57:56,989 - src.data.csv_processor - INFO - CSV文件读取成功: data\master\prg2\cntrl.csv, 共 42 条记录
2025-11-25 21:57:56,989 - src.data.data_manager - INFO - 加载PRG文件: prg2/cntrl.csv, 42 条记录
2025-11-25 21:57:56,990 - src.data.csv_processor - INFO - CSV文件读取成功: data\master\prg2\correct.csv, 共 0 条记录
2025-11-25 21:57:56,990 - src.data.data_manager - INFO - 加载PRG文件: prg2/correct.csv, 0 条记录
2025-11-25 21:57:56,990 - src.data.csv_processor - INFO - CSV文件读取成功: data\master\prg2\define.csv, 共 161 条记录
2025-11-25 21:57:56,990 - src.data.data_manager - INFO - 加载PRG文件: prg2/define.csv, 161 条记录
2025-11-25 21:57:56,991 - src.data.csv_processor - INFO - CSV文件读取成功: data\master\prg2\load.csv, 共 11 条记录
2025-11-25 21:57:56,991 - src.data.data_manager - INFO - 加载PRG文件: prg2/load.csv, 11 条记录
2025-11-25 21:57:56,991 - src.data.csv_processor - INFO - CSV文件读取成功: data\master\prg2\measure.csv, 共 0 条记录
2025-11-25 21:57:56,991 - src.data.data_manager - INFO - 加载PRG文件: prg2/measure.csv, 0 条记录
2025-11-25 21:57:56,992 - src.data.csv_processor - INFO - CSV文件读取成功: data\master\prg2\preset.csv, 共 0 条记录
2025-11-25 21:57:56,992 - src.data.data_manager - INFO - 加载PRG文件: prg2/preset.csv, 0 条记录
2025-11-25 21:57:56,992 - src.data.csv_processor - INFO - CSV文件读取成功: data\master\prg2\relation.csv, 共 58 条记录
2025-11-25 21:57:56,992 - src.data.data_manager - INFO - 加载PRG文件: prg2/relation.csv, 58 条记录
2025-11-25 21:57:56,992 - src.data.csv_processor - INFO - CSV文件读取成功: data\master\prg2\select.csv, 共 0 条记录
2025-11-25 21:57:56,993 - src.data.data_manager - INFO - 加载PRG文件: prg2/select.csv, 0 条记录
2025-11-25 21:57:56,993 - src.data.csv_processor - INFO - CSV文件读取成功: data\master\prg2\switch.csv, 共 0 条记录
2025-11-25 21:57:56,993 - src.data.data_manager - INFO - 加载PRG文件: prg2/switch.csv, 0 条记录
2025-11-25 21:57:57,001 - src.data.data_manager - INFO - 产品数据索引构建完成: 43313 种产品型号
2025-11-25 21:57:57,001 - src.data.data_manager - INFO - 所有CSV文件加载完成
2025-11-25 22:00:41,898 - __main__ - INFO - 启动DNC参数计算系统
2025-11-25 22:00:42,149 - __main__ - WARNING - 未找到原始master数据目录，将使用空目录
2025-11-25 22:00:42,224 - __main__ - INFO - 启动用户界面
2025-11-25 22:00:42,226 - src.config.config_manager - INFO - 配置文件加载成功: config\app_config.ini
2025-11-25 22:00:42,273 - src.data.csv_processor - INFO - CSV文件读取成功: data\master\ini.csv, 共 46 条记录
2025-11-25 22:00:42,274 - src.data.data_manager - INFO - 加载CSV文件: ini.csv, 46 条记录
2025-11-25 22:00:42,274 - src.data.csv_processor - INFO - CSV文件读取成功: data\master\prg.csv, 共 2 条记录
2025-11-25 22:00:42,274 - src.data.data_manager - INFO - 加载CSV文件: prg.csv, 2 条记录
2025-11-25 22:00:42,275 - src.data.csv_processor - INFO - CSV文件读取成功: data\master\header.csv, 共 5 条记录
2025-11-25 22:00:42,275 - src.data.data_manager - INFO - 加载CSV文件: header.csv, 5 条记录
2025-11-25 22:00:42,275 - src.data.csv_processor - INFO - CSV文件读取成功: data\master\math.csv, 共 19 条记录
2025-11-25 22:00:42,275 - src.data.data_manager - INFO - 加载CSV文件: math.csv, 19 条记录
2025-11-25 22:00:42,322 - src.data.csv_processor - INFO - CSV文件读取成功: data\master\type_define.csv, 共 43440 条记录
2025-11-25 22:00:42,323 - src.data.data_manager - INFO - 加载CSV文件: type_define.csv, 43440 条记录
2025-11-25 22:00:42,324 - src.data.csv_processor - INFO - CSV文件读取成功: data\master\type_relation.csv, 共 0 条记录
2025-11-25 22:00:42,324 - src.data.data_manager - INFO - 加载CSV文件: type_relation.csv, 0 条记录
2025-11-25 22:00:42,385 - src.data.csv_processor - INFO - CSV文件读取成功: data\master\type_prg.csv, 共 50328 条记录
2025-11-25 22:00:42,386 - src.data.data_manager - INFO - 加载CSV文件: type_prg.csv, 50328 条记录
2025-11-25 22:00:42,387 - src.data.csv_processor - INFO - CSV文件读取成功: data\master\type_chngvl.csv, 共 0 条记录
2025-11-25 22:00:42,387 - src.data.data_manager - INFO - 加载CSV文件: type_chngvl.csv, 0 条记录
2025-11-25 22:00:42,388 - src.data.csv_processor - INFO - CSV文件读取成功: data\master\prg1\add.csv, 共 0 条记录
2025-11-25 22:00:42,388 - src.data.data_manager - INFO - 加载PRG文件: prg1/add.csv, 0 条记录
2025-11-25 22:00:42,389 - src.data.csv_processor - INFO - CSV文件读取成功: data\master\prg1\calc.csv, 共 7 条记录
2025-11-25 22:00:42,389 - src.data.data_manager - INFO - 加载PRG文件: prg1/calc.csv, 7 条记录
2025-11-25 22:00:42,389 - src.data.csv_processor - INFO - CSV文件读取成功: data\master\prg1\chngValue.csv, 共 2 条记录
2025-11-25 22:00:42,390 - src.data.data_manager - INFO - 加载PRG文件: prg1/chngValue.csv, 2 条记录
2025-11-25 22:00:42,390 - src.data.csv_processor - INFO - CSV文件读取成功: data\master\prg1\cntrl_rex.csv, 共 51 条记录
2025-11-25 22:00:42,391 - src.data.data_manager - INFO - 加载PRG文件: prg1/cntrl_rex.csv, 51 条记录
2025-11-25 22:00:42,392 - src.data.csv_processor - INFO - CSV文件读取成功: data\master\prg1\cntrl.csv, 共 66 条记录
2025-11-25 22:00:42,392 - src.data.data_manager - INFO - 加载PRG文件: prg1/cntrl.csv, 66 条记录
2025-11-25 22:00:42,392 - src.data.csv_processor - INFO - CSV文件读取成功: data\master\prg1\correct.csv, 共 0 条记录
2025-11-25 22:00:42,393 - src.data.data_manager - INFO - 加载PRG文件: prg1/correct.csv, 0 条记录
2025-11-25 22:00:42,393 - src.data.csv_processor - INFO - CSV文件读取成功: data\master\prg1\define.csv, 共 176 条记录
2025-11-25 22:00:42,394 - src.data.data_manager - INFO - 加载PRG文件: prg1/define.csv, 176 条记录
2025-11-25 22:00:42,394 - src.data.csv_processor - INFO - CSV文件读取成功: data\master\prg1\input.csv, 共 0 条记录
2025-11-25 22:00:42,394 - src.data.data_manager - INFO - 加载PRG文件: prg1/input.csv, 0 条记录
2025-11-25 22:00:42,395 - src.data.csv_processor - INFO - CSV文件读取成功: data\master\prg1\load.csv, 共 10 条记录
2025-11-25 22:00:42,395 - src.data.data_manager - INFO - 加载PRG文件: prg1/load.csv, 10 条记录
2025-11-25 22:00:42,396 - src.data.csv_processor - INFO - CSV文件读取成功: data\master\prg1\measure.csv, 共 0 条记录
2025-11-25 22:00:42,396 - src.data.data_manager - INFO - 加载PRG文件: prg1/measure.csv, 0 条记录
2025-11-25 22:00:42,397 - src.data.csv_processor - INFO - CSV文件读取成功: data\master\prg1\preset.csv, 共 0 条记录
2025-11-25 22:00:42,397 - src.data.data_manager - INFO - 加载PRG文件: prg1/preset.csv, 0 条记录
2025-11-25 22:00:42,398 - src.data.csv_processor - INFO - CSV文件读取成功: data\master\prg1\relation.csv, 共 110 条记录
2025-11-25 22:00:42,398 - src.data.data_manager - INFO - 加载PRG文件: prg1/relation.csv, 110 条记录
2025-11-25 22:00:42,399 - src.data.csv_processor - INFO - CSV文件读取成功: data\master\prg1\select.csv, 共 10 条记录
2025-11-25 22:00:42,399 - src.data.data_manager - INFO - 加载PRG文件: prg1/select.csv, 10 条记录
2025-11-25 22:00:42,399 - src.data.csv_processor - INFO - CSV文件读取成功: data\master\prg1\switch.csv, 共 4 条记录
2025-11-25 22:00:42,400 - src.data.data_manager - INFO - 加载PRG文件: prg1/switch.csv, 4 条记录
2025-11-25 22:00:42,410 - src.data.csv_processor - INFO - CSV文件读取成功: data\master\prg1\type_define.csv, 共 8276 条记录
2025-11-25 22:00:42,410 - src.data.data_manager - INFO - 加载PRG文件: prg1/type_define.csv, 8276 条记录
2025-11-25 22:00:42,417 - src.data.csv_processor - INFO - CSV文件读取成功: data\master\prg1\type_prg.csv, 共 8284 条记录
2025-11-25 22:00:42,417 - src.data.data_manager - INFO - 加载PRG文件: prg1/type_prg.csv, 8284 条记录
2025-11-25 22:00:42,418 - src.data.csv_processor - INFO - CSV文件读取成功: data\master\prg2\add.csv, 共 0 条记录
2025-11-25 22:00:42,418 - src.data.data_manager - INFO - 加载PRG文件: prg2/add.csv, 0 条记录
2025-11-25 22:00:42,419 - src.data.csv_processor - INFO - CSV文件读取成功: data\master\prg2\calc.csv, 共 7 条记录
2025-11-25 22:00:42,419 - src.data.data_manager - INFO - 加载PRG文件: prg2/calc.csv, 7 条记录
2025-11-25 22:00:42,419 - src.data.csv_processor - INFO - CSV文件读取成功: data\master\prg2\chngValue.csv, 共 2 条记录
2025-11-25 22:00:42,420 - src.data.data_manager - INFO - 加载PRG文件: prg2/chngValue.csv, 2 条记录
2025-11-25 22:00:42,420 - src.data.csv_processor - INFO - CSV文件读取成功: data\master\prg2\cntrl_rex.csv, 共 51 条记录
2025-11-25 22:00:42,421 - src.data.data_manager - INFO - 加载PRG文件: prg2/cntrl_rex.csv, 51 条记录
2025-11-25 22:00:42,421 - src.data.csv_processor - INFO - CSV文件读取成功: data\master\prg2\cntrl.csv, 共 42 条记录
2025-11-25 22:00:42,422 - src.data.data_manager - INFO - 加载PRG文件: prg2/cntrl.csv, 42 条记录
2025-11-25 22:00:42,422 - src.data.csv_processor - INFO - CSV文件读取成功: data\master\prg2\correct.csv, 共 0 条记录
2025-11-25 22:00:42,422 - src.data.data_manager - INFO - 加载PRG文件: prg2/correct.csv, 0 条记录
2025-11-25 22:00:42,423 - src.data.csv_processor - INFO - CSV文件读取成功: data\master\prg2\define.csv, 共 161 条记录
2025-11-25 22:00:42,423 - src.data.data_manager - INFO - 加载PRG文件: prg2/define.csv, 161 条记录
2025-11-25 22:00:42,424 - src.data.csv_processor - INFO - CSV文件读取成功: data\master\prg2\load.csv, 共 11 条记录
2025-11-25 22:00:42,424 - src.data.data_manager - INFO - 加载PRG文件: prg2/load.csv, 11 条记录
2025-11-25 22:00:42,425 - src.data.csv_processor - INFO - CSV文件读取成功: data\master\prg2\measure.csv, 共 0 条记录
2025-11-25 22:00:42,425 - src.data.data_manager - INFO - 加载PRG文件: prg2/measure.csv, 0 条记录
2025-11-25 22:00:42,425 - src.data.csv_processor - INFO - CSV文件读取成功: data\master\prg2\preset.csv, 共 0 条记录
2025-11-25 22:00:42,426 - src.data.data_manager - INFO - 加载PRG文件: prg2/preset.csv, 0 条记录
2025-11-25 22:00:42,426 - src.data.csv_processor - INFO - CSV文件读取成功: data\master\prg2\relation.csv, 共 58 条记录
2025-11-25 22:00:42,427 - src.data.data_manager - INFO - 加载PRG文件: prg2/relation.csv, 58 条记录
2025-11-25 22:00:42,427 - src.data.csv_processor - INFO - CSV文件读取成功: data\master\prg2\select.csv, 共 0 条记录
2025-11-25 22:00:42,427 - src.data.data_manager - INFO - 加载PRG文件: prg2/select.csv, 0 条记录
2025-11-25 22:00:42,428 - src.data.csv_processor - INFO - CSV文件读取成功: data\master\prg2\switch.csv, 共 0 条记录
2025-11-25 22:00:42,428 - src.data.data_manager - INFO - 加载PRG文件: prg2/switch.csv, 0 条记录
2025-11-25 22:00:42,434 - src.data.data_manager - INFO - 产品数据索引构建完成: 43313 种产品型号
2025-11-25 22:00:42,435 - src.data.data_manager - INFO - 所有CSV文件加载完成
2025-11-25 22:00:51,260 - src.ui.main_window - INFO - 找到匹配型号: GPA20GT15040_A (从输入 GPA20GT15040_A-H8 匹配)
2025-11-25 22:03:14,196 - __main__ - INFO - 启动DNC参数计算系统
2025-11-25 22:03:14,462 - __main__ - WARNING - 未找到原始master数据目录，将使用空目录
2025-11-25 22:03:14,532 - __main__ - INFO - 启动用户界面
2025-11-25 22:03:14,533 - src.config.config_manager - INFO - 配置文件加载成功: config\app_config.ini
2025-11-25 22:03:14,582 - src.data.csv_processor - INFO - CSV文件读取成功: data\master\ini.csv, 共 46 条记录
2025-11-25 22:03:14,582 - src.data.data_manager - INFO - 加载CSV文件: ini.csv, 46 条记录
2025-11-25 22:03:14,583 - src.data.csv_processor - INFO - CSV文件读取成功: data\master\prg.csv, 共 2 条记录
2025-11-25 22:03:14,583 - src.data.data_manager - INFO - 加载CSV文件: prg.csv, 2 条记录
2025-11-25 22:03:14,583 - src.data.csv_processor - INFO - CSV文件读取成功: data\master\header.csv, 共 5 条记录
2025-11-25 22:03:14,583 - src.data.data_manager - INFO - 加载CSV文件: header.csv, 5 条记录
2025-11-25 22:03:14,583 - src.data.csv_processor - INFO - CSV文件读取成功: data\master\math.csv, 共 19 条记录
2025-11-25 22:03:14,583 - src.data.data_manager - INFO - 加载CSV文件: math.csv, 19 条记录
2025-11-25 22:03:14,646 - src.data.csv_processor - INFO - CSV文件读取成功: data\master\type_define.csv, 共 43440 条记录
2025-11-25 22:03:14,647 - src.data.data_manager - INFO - 加载CSV文件: type_define.csv, 43440 条记录
2025-11-25 22:03:14,648 - src.data.csv_processor - INFO - CSV文件读取成功: data\master\type_relation.csv, 共 0 条记录
2025-11-25 22:03:14,648 - src.data.data_manager - INFO - 加载CSV文件: type_relation.csv, 0 条记录
2025-11-25 22:03:14,719 - src.data.csv_processor - INFO - CSV文件读取成功: data\master\type_prg.csv, 共 50328 条记录
2025-11-25 22:03:14,720 - src.data.data_manager - INFO - 加载CSV文件: type_prg.csv, 50328 条记录
2025-11-25 22:03:14,720 - src.data.csv_processor - INFO - CSV文件读取成功: data\master\type_chngvl.csv, 共 0 条记录
2025-11-25 22:03:14,720 - src.data.data_manager - INFO - 加载CSV文件: type_chngvl.csv, 0 条记录
2025-11-25 22:03:14,721 - src.data.csv_processor - INFO - CSV文件读取成功: data\master\prg1\add.csv, 共 0 条记录
2025-11-25 22:03:14,721 - src.data.data_manager - INFO - 加载PRG文件: prg1/add.csv, 0 条记录
2025-11-25 22:03:14,721 - src.data.csv_processor - INFO - CSV文件读取成功: data\master\prg1\calc.csv, 共 7 条记录
2025-11-25 22:03:14,721 - src.data.data_manager - INFO - 加载PRG文件: prg1/calc.csv, 7 条记录
2025-11-25 22:03:14,721 - src.data.csv_processor - INFO - CSV文件读取成功: data\master\prg1\chngValue.csv, 共 2 条记录
2025-11-25 22:03:14,721 - src.data.data_manager - INFO - 加载PRG文件: prg1/chngValue.csv, 2 条记录
2025-11-25 22:03:14,722 - src.data.csv_processor - INFO - CSV文件读取成功: data\master\prg1\cntrl_rex.csv, 共 51 条记录
2025-11-25 22:03:14,722 - src.data.data_manager - INFO - 加载PRG文件: prg1/cntrl_rex.csv, 51 条记录
2025-11-25 22:03:14,722 - src.data.csv_processor - INFO - CSV文件读取成功: data\master\prg1\cntrl.csv, 共 66 条记录
2025-11-25 22:03:14,722 - src.data.data_manager - INFO - 加载PRG文件: prg1/cntrl.csv, 66 条记录
2025-11-25 22:03:14,723 - src.data.csv_processor - INFO - CSV文件读取成功: data\master\prg1\correct.csv, 共 0 条记录
2025-11-25 22:03:14,723 - src.data.data_manager - INFO - 加载PRG文件: prg1/correct.csv, 0 条记录
2025-11-25 22:03:14,723 - src.data.csv_processor - INFO - CSV文件读取成功: data\master\prg1\define.csv, 共 176 条记录
2025-11-25 22:03:14,723 - src.data.data_manager - INFO - 加载PRG文件: prg1/define.csv, 176 条记录
2025-11-25 22:03:14,724 - src.data.csv_processor - INFO - CSV文件读取成功: data\master\prg1\input.csv, 共 0 条记录
2025-11-25 22:03:14,724 - src.data.data_manager - INFO - 加载PRG文件: prg1/input.csv, 0 条记录
2025-11-25 22:03:14,724 - src.data.csv_processor - INFO - CSV文件读取成功: data\master\prg1\load.csv, 共 10 条记录
2025-11-25 22:03:14,724 - src.data.data_manager - INFO - 加载PRG文件: prg1/load.csv, 10 条记录
2025-11-25 22:03:14,724 - src.data.csv_processor - INFO - CSV文件读取成功: data\master\prg1\measure.csv, 共 0 条记录
2025-11-25 22:03:14,724 - src.data.data_manager - INFO - 加载PRG文件: prg1/measure.csv, 0 条记录
2025-11-25 22:03:14,725 - src.data.csv_processor - INFO - CSV文件读取成功: data\master\prg1\preset.csv, 共 0 条记录
2025-11-25 22:03:14,725 - src.data.data_manager - INFO - 加载PRG文件: prg1/preset.csv, 0 条记录
2025-11-25 22:03:14,726 - src.data.csv_processor - INFO - CSV文件读取成功: data\master\prg1\relation.csv, 共 110 条记录
2025-11-25 22:03:14,726 - src.data.data_manager - INFO - 加载PRG文件: prg1/relation.csv, 110 条记录
2025-11-25 22:03:14,726 - src.data.csv_processor - INFO - CSV文件读取成功: data\master\prg1\select.csv, 共 10 条记录
2025-11-25 22:03:14,726 - src.data.data_manager - INFO - 加载PRG文件: prg1/select.csv, 10 条记录
2025-11-25 22:03:14,727 - src.data.csv_processor - INFO - CSV文件读取成功: data\master\prg1\switch.csv, 共 4 条记录
2025-11-25 22:03:14,728 - src.data.data_manager - INFO - 加载PRG文件: prg1/switch.csv, 4 条记录
2025-11-25 22:03:14,736 - src.data.csv_processor - INFO - CSV文件读取成功: data\master\prg1\type_define.csv, 共 8276 条记录
2025-11-25 22:03:14,736 - src.data.data_manager - INFO - 加载PRG文件: prg1/type_define.csv, 8276 条记录
2025-11-25 22:03:14,743 - src.data.csv_processor - INFO - CSV文件读取成功: data\master\prg1\type_prg.csv, 共 8284 条记录
2025-11-25 22:03:14,743 - src.data.data_manager - INFO - 加载PRG文件: prg1/type_prg.csv, 8284 条记录
2025-11-25 22:03:14,744 - src.data.csv_processor - INFO - CSV文件读取成功: data\master\prg2\add.csv, 共 0 条记录
2025-11-25 22:03:14,744 - src.data.data_manager - INFO - 加载PRG文件: prg2/add.csv, 0 条记录
2025-11-25 22:03:14,744 - src.data.csv_processor - INFO - CSV文件读取成功: data\master\prg2\calc.csv, 共 7 条记录
2025-11-25 22:03:14,744 - src.data.data_manager - INFO - 加载PRG文件: prg2/calc.csv, 7 条记录
2025-11-25 22:03:14,745 - src.data.csv_processor - INFO - CSV文件读取成功: data\master\prg2\chngValue.csv, 共 2 条记录
2025-11-25 22:03:14,745 - src.data.data_manager - INFO - 加载PRG文件: prg2/chngValue.csv, 2 条记录
2025-11-25 22:03:14,745 - src.data.csv_processor - INFO - CSV文件读取成功: data\master\prg2\cntrl_rex.csv, 共 51 条记录
2025-11-25 22:03:14,745 - src.data.data_manager - INFO - 加载PRG文件: prg2/cntrl_rex.csv, 51 条记录
2025-11-25 22:03:14,746 - src.data.csv_processor - INFO - CSV文件读取成功: data\master\prg2\cntrl.csv, 共 42 条记录
2025-11-25 22:03:14,746 - src.data.data_manager - INFO - 加载PRG文件: prg2/cntrl.csv, 42 条记录
2025-11-25 22:03:14,746 - src.data.csv_processor - INFO - CSV文件读取成功: data\master\prg2\correct.csv, 共 0 条记录
2025-11-25 22:03:14,746 - src.data.data_manager - INFO - 加载PRG文件: prg2/correct.csv, 0 条记录
2025-11-25 22:03:14,747 - src.data.csv_processor - INFO - CSV文件读取成功: data\master\prg2\define.csv, 共 161 条记录
2025-11-25 22:03:14,747 - src.data.data_manager - INFO - 加载PRG文件: prg2/define.csv, 161 条记录
2025-11-25 22:03:14,747 - src.data.csv_processor - INFO - CSV文件读取成功: data\master\prg2\load.csv, 共 11 条记录
2025-11-25 22:03:14,747 - src.data.data_manager - INFO - 加载PRG文件: prg2/load.csv, 11 条记录
2025-11-25 22:03:14,747 - src.data.csv_processor - INFO - CSV文件读取成功: data\master\prg2\measure.csv, 共 0 条记录
2025-11-25 22:03:14,747 - src.data.data_manager - INFO - 加载PRG文件: prg2/measure.csv, 0 条记录
2025-11-25 22:03:14,748 - src.data.csv_processor - INFO - CSV文件读取成功: data\master\prg2\preset.csv, 共 0 条记录
2025-11-25 22:03:14,748 - src.data.data_manager - INFO - 加载PRG文件: prg2/preset.csv, 0 条记录
2025-11-25 22:03:14,748 - src.data.csv_processor - INFO - CSV文件读取成功: data\master\prg2\relation.csv, 共 58 条记录
2025-11-25 22:03:14,748 - src.data.data_manager - INFO - 加载PRG文件: prg2/relation.csv, 58 条记录
2025-11-25 22:03:14,749 - src.data.csv_processor - INFO - CSV文件读取成功: data\master\prg2\select.csv, 共 0 条记录
2025-11-25 22:03:14,749 - src.data.data_manager - INFO - 加载PRG文件: prg2/select.csv, 0 条记录
2025-11-25 22:03:14,749 - src.data.csv_processor - INFO - CSV文件读取成功: data\master\prg2\switch.csv, 共 0 条记录
2025-11-25 22:03:14,749 - src.data.data_manager - INFO - 加载PRG文件: prg2/switch.csv, 0 条记录
2025-11-25 22:03:14,756 - src.data.data_manager - INFO - 产品数据索引构建完成: 43313 种产品型号
2025-11-25 22:03:14,756 - src.data.data_manager - INFO - 所有CSV文件加载完成
2025-11-25 22:05:45,224 - __main__ - INFO - 启动DNC参数计算系统
2025-11-25 22:05:45,474 - __main__ - WARNING - 未找到原始master数据目录，将使用空目录
2025-11-25 22:05:45,551 - __main__ - INFO - 启动用户界面
2025-11-25 22:05:45,552 - src.config.config_manager - INFO - 配置文件加载成功: config\app_config.ini
2025-11-25 22:05:45,599 - src.data.csv_processor - INFO - CSV文件读取成功: data\master\ini.csv, 共 46 条记录
2025-11-25 22:05:45,600 - src.data.data_manager - INFO - 加载CSV文件: ini.csv, 46 条记录
2025-11-25 22:05:45,601 - src.data.csv_processor - INFO - CSV文件读取成功: data\master\prg.csv, 共 2 条记录
2025-11-25 22:05:45,601 - src.data.data_manager - INFO - 加载CSV文件: prg.csv, 2 条记录
2025-11-25 22:05:45,601 - src.data.csv_processor - INFO - CSV文件读取成功: data\master\header.csv, 共 5 条记录
2025-11-25 22:05:45,601 - src.data.data_manager - INFO - 加载CSV文件: header.csv, 5 条记录
2025-11-25 22:05:45,602 - src.data.csv_processor - INFO - CSV文件读取成功: data\master\math.csv, 共 19 条记录
2025-11-25 22:05:45,602 - src.data.data_manager - INFO - 加载CSV文件: math.csv, 19 条记录
2025-11-25 22:05:45,647 - src.data.csv_processor - INFO - CSV文件读取成功: data\master\type_define.csv, 共 43440 条记录
2025-11-25 22:05:45,648 - src.data.data_manager - INFO - 加载CSV文件: type_define.csv, 43440 条记录
2025-11-25 22:05:45,649 - src.data.csv_processor - INFO - CSV文件读取成功: data\master\type_relation.csv, 共 0 条记录
2025-11-25 22:05:45,649 - src.data.data_manager - INFO - 加载CSV文件: type_relation.csv, 0 条记录
2025-11-25 22:05:45,704 - src.data.csv_processor - INFO - CSV文件读取成功: data\master\type_prg.csv, 共 50328 条记录
2025-11-25 22:05:45,705 - src.data.data_manager - INFO - 加载CSV文件: type_prg.csv, 50328 条记录
2025-11-25 22:05:45,706 - src.data.csv_processor - INFO - CSV文件读取成功: data\master\type_chngvl.csv, 共 0 条记录
2025-11-25 22:05:45,706 - src.data.data_manager - INFO - 加载CSV文件: type_chngvl.csv, 0 条记录
2025-11-25 22:05:45,706 - src.data.csv_processor - INFO - CSV文件读取成功: data\master\prg1\add.csv, 共 0 条记录
2025-11-25 22:05:45,707 - src.data.data_manager - INFO - 加载PRG文件: prg1/add.csv, 0 条记录
2025-11-25 22:05:45,707 - src.data.csv_processor - INFO - CSV文件读取成功: data\master\prg1\calc.csv, 共 7 条记录
2025-11-25 22:05:45,707 - src.data.data_manager - INFO - 加载PRG文件: prg1/calc.csv, 7 条记录
2025-11-25 22:05:45,708 - src.data.csv_processor - INFO - CSV文件读取成功: data\master\prg1\chngValue.csv, 共 2 条记录
2025-11-25 22:05:45,708 - src.data.data_manager - INFO - 加载PRG文件: prg1/chngValue.csv, 2 条记录
2025-11-25 22:05:45,709 - src.data.csv_processor - INFO - CSV文件读取成功: data\master\prg1\cntrl_rex.csv, 共 51 条记录
2025-11-25 22:05:45,709 - src.data.data_manager - INFO - 加载PRG文件: prg1/cntrl_rex.csv, 51 条记录
2025-11-25 22:05:45,710 - src.data.csv_processor - INFO - CSV文件读取成功: data\master\prg1\cntrl.csv, 共 66 条记录
2025-11-25 22:05:45,710 - src.data.data_manager - INFO - 加载PRG文件: prg1/cntrl.csv, 66 条记录
2025-11-25 22:05:45,711 - src.data.csv_processor - INFO - CSV文件读取成功: data\master\prg1\correct.csv, 共 0 条记录
2025-11-25 22:05:45,711 - src.data.data_manager - INFO - 加载PRG文件: prg1/correct.csv, 0 条记录
2025-11-25 22:05:45,712 - src.data.csv_processor - INFO - CSV文件读取成功: data\master\prg1\define.csv, 共 176 条记录
2025-11-25 22:05:45,712 - src.data.data_manager - INFO - 加载PRG文件: prg1/define.csv, 176 条记录
2025-11-25 22:05:45,713 - src.data.csv_processor - INFO - CSV文件读取成功: data\master\prg1\input.csv, 共 0 条记录
2025-11-25 22:05:45,713 - src.data.data_manager - INFO - 加载PRG文件: prg1/input.csv, 0 条记录
2025-11-25 22:05:45,713 - src.data.csv_processor - INFO - CSV文件读取成功: data\master\prg1\load.csv, 共 10 条记录
2025-11-25 22:05:45,714 - src.data.data_manager - INFO - 加载PRG文件: prg1/load.csv, 10 条记录
2025-11-25 22:05:45,714 - src.data.csv_processor - INFO - CSV文件读取成功: data\master\prg1\measure.csv, 共 0 条记录
2025-11-25 22:05:45,714 - src.data.data_manager - INFO - 加载PRG文件: prg1/measure.csv, 0 条记录
2025-11-25 22:05:45,715 - src.data.csv_processor - INFO - CSV文件读取成功: data\master\prg1\preset.csv, 共 0 条记录
2025-11-25 22:05:45,715 - src.data.data_manager - INFO - 加载PRG文件: prg1/preset.csv, 0 条记录
2025-11-25 22:05:45,716 - src.data.csv_processor - INFO - CSV文件读取成功: data\master\prg1\relation.csv, 共 110 条记录
2025-11-25 22:05:45,716 - src.data.data_manager - INFO - 加载PRG文件: prg1/relation.csv, 110 条记录
2025-11-25 22:05:45,717 - src.data.csv_processor - INFO - CSV文件读取成功: data\master\prg1\select.csv, 共 10 条记录
2025-11-25 22:05:45,717 - src.data.data_manager - INFO - 加载PRG文件: prg1/select.csv, 10 条记录
2025-11-25 22:05:45,718 - src.data.csv_processor - INFO - CSV文件读取成功: data\master\prg1\switch.csv, 共 4 条记录
2025-11-25 22:05:45,718 - src.data.data_manager - INFO - 加载PRG文件: prg1/switch.csv, 4 条记录
2025-11-25 22:05:45,730 - src.data.csv_processor - INFO - CSV文件读取成功: data\master\prg1\type_define.csv, 共 8276 条记录
2025-11-25 22:05:45,730 - src.data.data_manager - INFO - 加载PRG文件: prg1/type_define.csv, 8276 条记录
2025-11-25 22:05:45,740 - src.data.csv_processor - INFO - CSV文件读取成功: data\master\prg1\type_prg.csv, 共 8284 条记录
2025-11-25 22:05:45,740 - src.data.data_manager - INFO - 加载PRG文件: prg1/type_prg.csv, 8284 条记录
2025-11-25 22:05:45,741 - src.data.csv_processor - INFO - CSV文件读取成功: data\master\prg2\add.csv, 共 0 条记录
2025-11-25 22:05:45,741 - src.data.data_manager - INFO - 加载PRG文件: prg2/add.csv, 0 条记录
2025-11-25 22:05:45,742 - src.data.csv_processor - INFO - CSV文件读取成功: data\master\prg2\calc.csv, 共 7 条记录
2025-11-25 22:05:45,742 - src.data.data_manager - INFO - 加载PRG文件: prg2/calc.csv, 7 条记录
2025-11-25 22:05:45,742 - src.data.csv_processor - INFO - CSV文件读取成功: data\master\prg2\chngValue.csv, 共 2 条记录
2025-11-25 22:05:45,743 - src.data.data_manager - INFO - 加载PRG文件: prg2/chngValue.csv, 2 条记录
2025-11-25 22:05:45,743 - src.data.csv_processor - INFO - CSV文件读取成功: data\master\prg2\cntrl_rex.csv, 共 51 条记录
2025-11-25 22:05:45,743 - src.data.data_manager - INFO - 加载PRG文件: prg2/cntrl_rex.csv, 51 条记录
2025-11-25 22:05:45,744 - src.data.csv_processor - INFO - CSV文件读取成功: data\master\prg2\cntrl.csv, 共 42 条记录
2025-11-25 22:05:45,744 - src.data.data_manager - INFO - 加载PRG文件: prg2/cntrl.csv, 42 条记录
2025-11-25 22:05:45,745 - src.data.csv_processor - INFO - CSV文件读取成功: data\master\prg2\correct.csv, 共 0 条记录
2025-11-25 22:05:45,745 - src.data.data_manager - INFO - 加载PRG文件: prg2/correct.csv, 0 条记录
2025-11-25 22:05:45,745 - src.data.csv_processor - INFO - CSV文件读取成功: data\master\prg2\define.csv, 共 161 条记录
2025-11-25 22:05:45,746 - src.data.data_manager - INFO - 加载PRG文件: prg2/define.csv, 161 条记录
2025-11-25 22:05:45,746 - src.data.csv_processor - INFO - CSV文件读取成功: data\master\prg2\load.csv, 共 11 条记录
2025-11-25 22:05:45,746 - src.data.data_manager - INFO - 加载PRG文件: prg2/load.csv, 11 条记录
2025-11-25 22:05:45,747 - src.data.csv_processor - INFO - CSV文件读取成功: data\master\prg2\measure.csv, 共 0 条记录
2025-11-25 22:05:45,747 - src.data.data_manager - INFO - 加载PRG文件: prg2/measure.csv, 0 条记录
2025-11-25 22:05:45,747 - src.data.csv_processor - INFO - CSV文件读取成功: data\master\prg2\preset.csv, 共 0 条记录
2025-11-25 22:05:45,747 - src.data.data_manager - INFO - 加载PRG文件: prg2/preset.csv, 0 条记录
2025-11-25 22:05:45,748 - src.data.csv_processor - INFO - CSV文件读取成功: data\master\prg2\relation.csv, 共 58 条记录
2025-11-25 22:05:45,748 - src.data.data_manager - INFO - 加载PRG文件: prg2/relation.csv, 58 条记录
2025-11-25 22:05:45,749 - src.data.csv_processor - INFO - CSV文件读取成功: data\master\prg2\select.csv, 共 0 条记录
2025-11-25 22:05:45,749 - src.data.data_manager - INFO - 加载PRG文件: prg2/select.csv, 0 条记录
2025-11-25 22:05:45,749 - src.data.csv_processor - INFO - CSV文件读取成功: data\master\prg2\switch.csv, 共 0 条记录
2025-11-25 22:05:45,749 - src.data.data_manager - INFO - 加载PRG文件: prg2/switch.csv, 0 条记录
2025-11-25 22:05:45,759 - src.data.data_manager - INFO - 产品数据索引构建完成: 43313 种产品型号
2025-11-25 22:05:45,759 - src.data.data_manager - INFO - 所有CSV文件加载完成
2025-11-25 22:06:05,625 - src.ui.main_window - INFO - 找到匹配型号: GPA20GT15040_A (从输入 GPA20GT15040_A-H8 匹配)
2025-11-25 22:12:33,911 - __main__ - INFO - 启动DNC参数计算系统
2025-11-25 22:12:34,171 - __main__ - WARNING - 未找到原始master数据目录，将使用空目录
2025-11-25 22:12:34,245 - __main__ - INFO - 启动用户界面
2025-11-25 22:12:34,246 - src.config.config_manager - INFO - 配置文件加载成功: config\app_config.ini
2025-11-25 22:12:34,291 - src.data.csv_processor - INFO - CSV文件读取成功: data\master\ini.csv, 共 46 条记录
2025-11-25 22:12:34,291 - src.data.data_manager - INFO - 加载CSV文件: ini.csv, 46 条记录
2025-11-25 22:12:34,292 - src.data.csv_processor - INFO - CSV文件读取成功: data\master\prg.csv, 共 2 条记录
2025-11-25 22:12:34,292 - src.data.data_manager - INFO - 加载CSV文件: prg.csv, 2 条记录
2025-11-25 22:12:34,292 - src.data.csv_processor - INFO - CSV文件读取成功: data\master\header.csv, 共 5 条记录
2025-11-25 22:12:34,292 - src.data.data_manager - INFO - 加载CSV文件: header.csv, 5 条记录
2025-11-25 22:12:34,293 - src.data.csv_processor - INFO - CSV文件读取成功: data\master\math.csv, 共 19 条记录
2025-11-25 22:12:34,293 - src.data.data_manager - INFO - 加载CSV文件: math.csv, 19 条记录
2025-11-25 22:12:34,349 - src.data.csv_processor - INFO - CSV文件读取成功: data\master\type_define.csv, 共 43440 条记录
2025-11-25 22:12:34,350 - src.data.data_manager - INFO - 加载CSV文件: type_define.csv, 43440 条记录
2025-11-25 22:12:34,350 - src.data.csv_processor - INFO - CSV文件读取成功: data\master\type_relation.csv, 共 0 条记录
2025-11-25 22:12:34,350 - src.data.data_manager - INFO - 加载CSV文件: type_relation.csv, 0 条记录
2025-11-25 22:12:34,413 - src.data.csv_processor - INFO - CSV文件读取成功: data\master\type_prg.csv, 共 50328 条记录
2025-11-25 22:12:34,413 - src.data.data_manager - INFO - 加载CSV文件: type_prg.csv, 50328 条记录
2025-11-25 22:12:34,414 - src.data.csv_processor - INFO - CSV文件读取成功: data\master\type_chngvl.csv, 共 0 条记录
2025-11-25 22:12:34,414 - src.data.data_manager - INFO - 加载CSV文件: type_chngvl.csv, 0 条记录
2025-11-25 22:12:34,414 - src.data.csv_processor - INFO - CSV文件读取成功: data\master\prg1\add.csv, 共 0 条记录
2025-11-25 22:12:34,414 - src.data.data_manager - INFO - 加载PRG文件: prg1/add.csv, 0 条记录
2025-11-25 22:12:34,415 - src.data.csv_processor - INFO - CSV文件读取成功: data\master\prg1\calc.csv, 共 7 条记录
2025-11-25 22:12:34,415 - src.data.data_manager - INFO - 加载PRG文件: prg1/calc.csv, 7 条记录
2025-11-25 22:12:34,415 - src.data.csv_processor - INFO - CSV文件读取成功: data\master\prg1\chngValue.csv, 共 2 条记录
2025-11-25 22:12:34,415 - src.data.data_manager - INFO - 加载PRG文件: prg1/chngValue.csv, 2 条记录
2025-11-25 22:12:34,416 - src.data.csv_processor - INFO - CSV文件读取成功: data\master\prg1\cntrl_rex.csv, 共 51 条记录
2025-11-25 22:12:34,416 - src.data.data_manager - INFO - 加载PRG文件: prg1/cntrl_rex.csv, 51 条记录
2025-11-25 22:12:34,416 - src.data.csv_processor - INFO - CSV文件读取成功: data\master\prg1\cntrl.csv, 共 66 条记录
2025-11-25 22:12:34,416 - src.data.data_manager - INFO - 加载PRG文件: prg1/cntrl.csv, 66 条记录
2025-11-25 22:12:34,416 - src.data.csv_processor - INFO - CSV文件读取成功: data\master\prg1\correct.csv, 共 0 条记录
2025-11-25 22:12:34,416 - src.data.data_manager - INFO - 加载PRG文件: prg1/correct.csv, 0 条记录
2025-11-25 22:12:34,417 - src.data.csv_processor - INFO - CSV文件读取成功: data\master\prg1\define.csv, 共 176 条记录
2025-11-25 22:12:34,417 - src.data.data_manager - INFO - 加载PRG文件: prg1/define.csv, 176 条记录
2025-11-25 22:12:34,417 - src.data.csv_processor - INFO - CSV文件读取成功: data\master\prg1\input.csv, 共 0 条记录
2025-11-25 22:12:34,417 - src.data.data_manager - INFO - 加载PRG文件: prg1/input.csv, 0 条记录
2025-11-25 22:12:34,418 - src.data.csv_processor - INFO - CSV文件读取成功: data\master\prg1\load.csv, 共 10 条记录
2025-11-25 22:12:34,418 - src.data.data_manager - INFO - 加载PRG文件: prg1/load.csv, 10 条记录
2025-11-25 22:12:34,418 - src.data.csv_processor - INFO - CSV文件读取成功: data\master\prg1\measure.csv, 共 0 条记录
2025-11-25 22:12:34,418 - src.data.data_manager - INFO - 加载PRG文件: prg1/measure.csv, 0 条记录
2025-11-25 22:12:34,419 - src.data.csv_processor - INFO - CSV文件读取成功: data\master\prg1\preset.csv, 共 0 条记录
2025-11-25 22:12:34,419 - src.data.data_manager - INFO - 加载PRG文件: prg1/preset.csv, 0 条记录
2025-11-25 22:12:34,420 - src.data.csv_processor - INFO - CSV文件读取成功: data\master\prg1\relation.csv, 共 110 条记录
2025-11-25 22:12:34,420 - src.data.data_manager - INFO - 加载PRG文件: prg1/relation.csv, 110 条记录
2025-11-25 22:12:34,420 - src.data.csv_processor - INFO - CSV文件读取成功: data\master\prg1\select.csv, 共 10 条记录
2025-11-25 22:12:34,420 - src.data.data_manager - INFO - 加载PRG文件: prg1/select.csv, 10 条记录
2025-11-25 22:12:34,422 - src.data.csv_processor - INFO - CSV文件读取成功: data\master\prg1\switch.csv, 共 4 条记录
2025-11-25 22:12:34,422 - src.data.data_manager - INFO - 加载PRG文件: prg1/switch.csv, 4 条记录
2025-11-25 22:12:34,431 - src.data.csv_processor - INFO - CSV文件读取成功: data\master\prg1\type_define.csv, 共 8276 条记录
2025-11-25 22:12:34,431 - src.data.data_manager - INFO - 加载PRG文件: prg1/type_define.csv, 8276 条记录
2025-11-25 22:12:34,440 - src.data.csv_processor - INFO - CSV文件读取成功: data\master\prg1\type_prg.csv, 共 8284 条记录
2025-11-25 22:12:34,441 - src.data.data_manager - INFO - 加载PRG文件: prg1/type_prg.csv, 8284 条记录
2025-11-25 22:12:34,441 - src.data.csv_processor - INFO - CSV文件读取成功: data\master\prg2\add.csv, 共 0 条记录
2025-11-25 22:12:34,441 - src.data.data_manager - INFO - 加载PRG文件: prg2/add.csv, 0 条记录
2025-11-25 22:12:34,442 - src.data.csv_processor - INFO - CSV文件读取成功: data\master\prg2\calc.csv, 共 7 条记录
2025-11-25 22:12:34,442 - src.data.data_manager - INFO - 加载PRG文件: prg2/calc.csv, 7 条记录
2025-11-25 22:12:34,442 - src.data.csv_processor - INFO - CSV文件读取成功: data\master\prg2\chngValue.csv, 共 2 条记录
2025-11-25 22:12:34,442 - src.data.data_manager - INFO - 加载PRG文件: prg2/chngValue.csv, 2 条记录
2025-11-25 22:12:34,442 - src.data.csv_processor - INFO - CSV文件读取成功: data\master\prg2\cntrl_rex.csv, 共 51 条记录
2025-11-25 22:12:34,443 - src.data.data_manager - INFO - 加载PRG文件: prg2/cntrl_rex.csv, 51 条记录
2025-11-25 22:12:34,443 - src.data.csv_processor - INFO - CSV文件读取成功: data\master\prg2\cntrl.csv, 共 42 条记录
2025-11-25 22:12:34,443 - src.data.data_manager - INFO - 加载PRG文件: prg2/cntrl.csv, 42 条记录
2025-11-25 22:12:34,443 - src.data.csv_processor - INFO - CSV文件读取成功: data\master\prg2\correct.csv, 共 0 条记录
2025-11-25 22:12:34,443 - src.data.data_manager - INFO - 加载PRG文件: prg2/correct.csv, 0 条记录
2025-11-25 22:12:34,444 - src.data.csv_processor - INFO - CSV文件读取成功: data\master\prg2\define.csv, 共 161 条记录
2025-11-25 22:12:34,444 - src.data.data_manager - INFO - 加载PRG文件: prg2/define.csv, 161 条记录
2025-11-25 22:12:34,444 - src.data.csv_processor - INFO - CSV文件读取成功: data\master\prg2\load.csv, 共 11 条记录
2025-11-25 22:12:34,444 - src.data.data_manager - INFO - 加载PRG文件: prg2/load.csv, 11 条记录
2025-11-25 22:12:34,445 - src.data.csv_processor - INFO - CSV文件读取成功: data\master\prg2\measure.csv, 共 0 条记录
2025-11-25 22:12:34,445 - src.data.data_manager - INFO - 加载PRG文件: prg2/measure.csv, 0 条记录
2025-11-25 22:12:34,445 - src.data.csv_processor - INFO - CSV文件读取成功: data\master\prg2\preset.csv, 共 0 条记录
2025-11-25 22:12:34,445 - src.data.data_manager - INFO - 加载PRG文件: prg2/preset.csv, 0 条记录
2025-11-25 22:12:34,446 - src.data.csv_processor - INFO - CSV文件读取成功: data\master\prg2\relation.csv, 共 58 条记录
2025-11-25 22:12:34,446 - src.data.data_manager - INFO - 加载PRG文件: prg2/relation.csv, 58 条记录
2025-11-25 22:12:34,446 - src.data.csv_processor - INFO - CSV文件读取成功: data\master\prg2\select.csv, 共 0 条记录
2025-11-25 22:12:34,446 - src.data.data_manager - INFO - 加载PRG文件: prg2/select.csv, 0 条记录
2025-11-25 22:12:34,447 - src.data.csv_processor - INFO - CSV文件读取成功: data\master\prg2\switch.csv, 共 0 条记录
2025-11-25 22:12:34,447 - src.data.data_manager - INFO - 加载PRG文件: prg2/switch.csv, 0 条记录
2025-11-25 22:12:34,454 - src.data.data_manager - INFO - 产品数据索引构建完成: 43313 种产品型号
2025-11-25 22:12:34,454 - src.data.data_manager - INFO - 所有CSV文件加载完成
2025-11-25 22:15:05,582 - __main__ - INFO - 启动DNC参数计算系统
2025-11-25 22:15:05,841 - __main__ - WARNING - 未找到原始master数据目录，将使用空目录
2025-11-25 22:15:05,920 - __main__ - INFO - 启动用户界面
2025-11-25 22:15:05,922 - src.config.config_manager - INFO - 配置文件加载成功: config\app_config.ini
2025-11-25 22:15:05,969 - src.data.csv_processor - INFO - CSV文件读取成功: data\master\ini.csv, 共 46 条记录
2025-11-25 22:15:05,969 - src.data.data_manager - INFO - 加载CSV文件: ini.csv, 46 条记录
2025-11-25 22:15:05,970 - src.data.csv_processor - INFO - CSV文件读取成功: data\master\prg.csv, 共 2 条记录
2025-11-25 22:15:05,970 - src.data.data_manager - INFO - 加载CSV文件: prg.csv, 2 条记录
2025-11-25 22:15:05,971 - src.data.csv_processor - INFO - CSV文件读取成功: data\master\header.csv, 共 5 条记录
2025-11-25 22:15:05,971 - src.data.data_manager - INFO - 加载CSV文件: header.csv, 5 条记录
2025-11-25 22:15:05,971 - src.data.csv_processor - INFO - CSV文件读取成功: data\master\math.csv, 共 19 条记录
2025-11-25 22:15:05,971 - src.data.data_manager - INFO - 加载CSV文件: math.csv, 19 条记录
2025-11-25 22:15:06,036 - src.data.csv_processor - INFO - CSV文件读取成功: data\master\type_define.csv, 共 43440 条记录
2025-11-25 22:15:06,037 - src.data.data_manager - INFO - 加载CSV文件: type_define.csv, 43440 条记录
2025-11-25 22:15:06,037 - src.data.csv_processor - INFO - CSV文件读取成功: data\master\type_relation.csv, 共 0 条记录
2025-11-25 22:15:06,038 - src.data.data_manager - INFO - 加载CSV文件: type_relation.csv, 0 条记录
2025-11-25 22:15:06,114 - src.data.csv_processor - INFO - CSV文件读取成功: data\master\type_prg.csv, 共 50328 条记录
2025-11-25 22:15:06,115 - src.data.data_manager - INFO - 加载CSV文件: type_prg.csv, 50328 条记录
2025-11-25 22:15:06,115 - src.data.csv_processor - INFO - CSV文件读取成功: data\master\type_chngvl.csv, 共 0 条记录
2025-11-25 22:15:06,116 - src.data.data_manager - INFO - 加载CSV文件: type_chngvl.csv, 0 条记录
2025-11-25 22:15:06,116 - src.data.csv_processor - INFO - CSV文件读取成功: data\master\prg1\add.csv, 共 0 条记录
2025-11-25 22:15:06,116 - src.data.data_manager - INFO - 加载PRG文件: prg1/add.csv, 0 条记录
2025-11-25 22:15:06,117 - src.data.csv_processor - INFO - CSV文件读取成功: data\master\prg1\calc.csv, 共 7 条记录
2025-11-25 22:15:06,117 - src.data.data_manager - INFO - 加载PRG文件: prg1/calc.csv, 7 条记录
2025-11-25 22:15:06,117 - src.data.csv_processor - INFO - CSV文件读取成功: data\master\prg1\chngValue.csv, 共 2 条记录
2025-11-25 22:15:06,118 - src.data.data_manager - INFO - 加载PRG文件: prg1/chngValue.csv, 2 条记录
2025-11-25 22:15:06,118 - src.data.csv_processor - INFO - CSV文件读取成功: data\master\prg1\cntrl_rex.csv, 共 51 条记录
2025-11-25 22:15:06,118 - src.data.data_manager - INFO - 加载PRG文件: prg1/cntrl_rex.csv, 51 条记录
2025-11-25 22:15:06,119 - src.data.csv_processor - INFO - CSV文件读取成功: data\master\prg1\cntrl.csv, 共 66 条记录
2025-11-25 22:15:06,119 - src.data.data_manager - INFO - 加载PRG文件: prg1/cntrl.csv, 66 条记录
2025-11-25 22:15:06,120 - src.data.csv_processor - INFO - CSV文件读取成功: data\master\prg1\correct.csv, 共 0 条记录
2025-11-25 22:15:06,120 - src.data.data_manager - INFO - 加载PRG文件: prg1/correct.csv, 0 条记录
2025-11-25 22:15:06,120 - src.data.csv_processor - INFO - CSV文件读取成功: data\master\prg1\define.csv, 共 176 条记录
2025-11-25 22:15:06,121 - src.data.data_manager - INFO - 加载PRG文件: prg1/define.csv, 176 条记录
2025-11-25 22:15:06,121 - src.data.csv_processor - INFO - CSV文件读取成功: data\master\prg1\input.csv, 共 0 条记录
2025-11-25 22:15:06,121 - src.data.data_manager - INFO - 加载PRG文件: prg1/input.csv, 0 条记录
2025-11-25 22:15:06,122 - src.data.csv_processor - INFO - CSV文件读取成功: data\master\prg1\load.csv, 共 10 条记录
2025-11-25 22:15:06,122 - src.data.data_manager - INFO - 加载PRG文件: prg1/load.csv, 10 条记录
2025-11-25 22:15:06,123 - src.data.csv_processor - INFO - CSV文件读取成功: data\master\prg1\measure.csv, 共 0 条记录
2025-11-25 22:15:06,123 - src.data.data_manager - INFO - 加载PRG文件: prg1/measure.csv, 0 条记录
2025-11-25 22:15:06,123 - src.data.csv_processor - INFO - CSV文件读取成功: data\master\prg1\preset.csv, 共 0 条记录
2025-11-25 22:15:06,123 - src.data.data_manager - INFO - 加载PRG文件: prg1/preset.csv, 0 条记录
2025-11-25 22:15:06,124 - src.data.csv_processor - INFO - CSV文件读取成功: data\master\prg1\relation.csv, 共 110 条记录
2025-11-25 22:15:06,124 - src.data.data_manager - INFO - 加载PRG文件: prg1/relation.csv, 110 条记录
2025-11-25 22:15:06,125 - src.data.csv_processor - INFO - CSV文件读取成功: data\master\prg1\select.csv, 共 10 条记录
2025-11-25 22:15:06,125 - src.data.data_manager - INFO - 加载PRG文件: prg1/select.csv, 10 条记录
2025-11-25 22:15:06,125 - src.data.csv_processor - INFO - CSV文件读取成功: data\master\prg1\switch.csv, 共 4 条记录
2025-11-25 22:15:06,125 - src.data.data_manager - INFO - 加载PRG文件: prg1/switch.csv, 4 条记录
2025-11-25 22:15:06,138 - src.data.csv_processor - INFO - CSV文件读取成功: data\master\prg1\type_define.csv, 共 8276 条记录
2025-11-25 22:15:06,139 - src.data.data_manager - INFO - 加载PRG文件: prg1/type_define.csv, 8276 条记录
2025-11-25 22:15:06,149 - src.data.csv_processor - INFO - CSV文件读取成功: data\master\prg1\type_prg.csv, 共 8284 条记录
2025-11-25 22:15:06,150 - src.data.data_manager - INFO - 加载PRG文件: prg1/type_prg.csv, 8284 条记录
2025-11-25 22:15:06,151 - src.data.csv_processor - INFO - CSV文件读取成功: data\master\prg2\add.csv, 共 0 条记录
2025-11-25 22:15:06,151 - src.data.data_manager - INFO - 加载PRG文件: prg2/add.csv, 0 条记录
2025-11-25 22:15:06,151 - src.data.csv_processor - INFO - CSV文件读取成功: data\master\prg2\calc.csv, 共 7 条记录
2025-11-25 22:15:06,151 - src.data.data_manager - INFO - 加载PRG文件: prg2/calc.csv, 7 条记录
2025-11-25 22:15:06,152 - src.data.csv_processor - INFO - CSV文件读取成功: data\master\prg2\chngValue.csv, 共 2 条记录
2025-11-25 22:15:06,152 - src.data.data_manager - INFO - 加载PRG文件: prg2/chngValue.csv, 2 条记录
2025-11-25 22:15:06,152 - src.data.csv_processor - INFO - CSV文件读取成功: data\master\prg2\cntrl_rex.csv, 共 51 条记录
2025-11-25 22:15:06,153 - src.data.data_manager - INFO - 加载PRG文件: prg2/cntrl_rex.csv, 51 条记录
2025-11-25 22:15:06,153 - src.data.csv_processor - INFO - CSV文件读取成功: data\master\prg2\cntrl.csv, 共 42 条记录
2025-11-25 22:15:06,153 - src.data.data_manager - INFO - 加载PRG文件: prg2/cntrl.csv, 42 条记录
2025-11-25 22:15:06,154 - src.data.csv_processor - INFO - CSV文件读取成功: data\master\prg2\correct.csv, 共 0 条记录
2025-11-25 22:15:06,154 - src.data.data_manager - INFO - 加载PRG文件: prg2/correct.csv, 0 条记录
2025-11-25 22:15:06,154 - src.data.csv_processor - INFO - CSV文件读取成功: data\master\prg2\define.csv, 共 161 条记录
2025-11-25 22:15:06,155 - src.data.data_manager - INFO - 加载PRG文件: prg2/define.csv, 161 条记录
2025-11-25 22:15:06,155 - src.data.csv_processor - INFO - CSV文件读取成功: data\master\prg2\load.csv, 共 11 条记录
2025-11-25 22:15:06,155 - src.data.data_manager - INFO - 加载PRG文件: prg2/load.csv, 11 条记录
2025-11-25 22:15:06,156 - src.data.csv_processor - INFO - CSV文件读取成功: data\master\prg2\measure.csv, 共 0 条记录
2025-11-25 22:15:06,156 - src.data.data_manager - INFO - 加载PRG文件: prg2/measure.csv, 0 条记录
2025-11-25 22:15:06,156 - src.data.csv_processor - INFO - CSV文件读取成功: data\master\prg2\preset.csv, 共 0 条记录
2025-11-25 22:15:06,156 - src.data.data_manager - INFO - 加载PRG文件: prg2/preset.csv, 0 条记录
2025-11-25 22:15:06,157 - src.data.csv_processor - INFO - CSV文件读取成功: data\master\prg2\relation.csv, 共 58 条记录
2025-11-25 22:15:06,157 - src.data.data_manager - INFO - 加载PRG文件: prg2/relation.csv, 58 条记录
2025-11-25 22:15:06,157 - src.data.csv_processor - INFO - CSV文件读取成功: data\master\prg2\select.csv, 共 0 条记录
2025-11-25 22:15:06,157 - src.data.data_manager - INFO - 加载PRG文件: prg2/select.csv, 0 条记录
2025-11-25 22:15:06,158 - src.data.csv_processor - INFO - CSV文件读取成功: data\master\prg2\switch.csv, 共 0 条记录
2025-11-25 22:15:06,158 - src.data.data_manager - INFO - 加载PRG文件: prg2/switch.csv, 0 条记录
2025-11-25 22:15:06,165 - src.data.data_manager - INFO - 产品数据索引构建完成: 43313 种产品型号
2025-11-25 22:15:06,165 - src.data.data_manager - INFO - 所有CSV文件加载完成
2025-11-25 22:15:17,021 - src.ui.main_window - INFO - 找到匹配型号: GPA20GT15040_A (从输入 GPA20GT15040_A-H8 匹配)
2025-11-25 22:18:36,838 - __main__ - INFO - 启动DNC参数计算系统
2025-11-25 22:18:37,115 - __main__ - WARNING - 未找到原始master数据目录，将使用空目录
2025-11-25 22:18:37,186 - __main__ - INFO - 启动用户界面
2025-11-25 22:18:37,187 - src.config.config_manager - INFO - 配置文件加载成功: config\app_config.ini
2025-11-25 22:18:37,234 - src.data.csv_processor - INFO - CSV文件读取成功: data\master\ini.csv, 共 46 条记录
2025-11-25 22:18:37,234 - src.data.data_manager - INFO - 加载CSV文件: ini.csv, 46 条记录
2025-11-25 22:18:37,234 - src.data.csv_processor - INFO - CSV文件读取成功: data\master\prg.csv, 共 2 条记录
2025-11-25 22:18:37,234 - src.data.data_manager - INFO - 加载CSV文件: prg.csv, 2 条记录
2025-11-25 22:18:37,234 - src.data.csv_processor - INFO - CSV文件读取成功: data\master\header.csv, 共 5 条记录
2025-11-25 22:18:37,235 - src.data.data_manager - INFO - 加载CSV文件: header.csv, 5 条记录
2025-11-25 22:18:37,235 - src.data.csv_processor - INFO - CSV文件读取成功: data\master\math.csv, 共 19 条记录
2025-11-25 22:18:37,235 - src.data.data_manager - INFO - 加载CSV文件: math.csv, 19 条记录
2025-11-25 22:18:37,294 - src.data.csv_processor - INFO - CSV文件读取成功: data\master\type_define.csv, 共 43440 条记录
2025-11-25 22:18:37,295 - src.data.data_manager - INFO - 加载CSV文件: type_define.csv, 43440 条记录
2025-11-25 22:18:37,295 - src.data.csv_processor - INFO - CSV文件读取成功: data\master\type_relation.csv, 共 0 条记录
2025-11-25 22:18:37,295 - src.data.data_manager - INFO - 加载CSV文件: type_relation.csv, 0 条记录
2025-11-25 22:18:37,365 - src.data.csv_processor - INFO - CSV文件读取成功: data\master\type_prg.csv, 共 50328 条记录
2025-11-25 22:18:37,366 - src.data.data_manager - INFO - 加载CSV文件: type_prg.csv, 50328 条记录
2025-11-25 22:18:37,367 - src.data.csv_processor - INFO - CSV文件读取成功: data\master\type_chngvl.csv, 共 0 条记录
2025-11-25 22:18:37,367 - src.data.data_manager - INFO - 加载CSV文件: type_chngvl.csv, 0 条记录
2025-11-25 22:18:37,367 - src.data.csv_processor - INFO - CSV文件读取成功: data\master\prg1\add.csv, 共 0 条记录
2025-11-25 22:18:37,367 - src.data.data_manager - INFO - 加载PRG文件: prg1/add.csv, 0 条记录
2025-11-25 22:18:37,367 - src.data.csv_processor - INFO - CSV文件读取成功: data\master\prg1\calc.csv, 共 7 条记录
2025-11-25 22:18:37,367 - src.data.data_manager - INFO - 加载PRG文件: prg1/calc.csv, 7 条记录
2025-11-25 22:18:37,368 - src.data.csv_processor - INFO - CSV文件读取成功: data\master\prg1\chngValue.csv, 共 2 条记录
2025-11-25 22:18:37,368 - src.data.data_manager - INFO - 加载PRG文件: prg1/chngValue.csv, 2 条记录
2025-11-25 22:18:37,368 - src.data.csv_processor - INFO - CSV文件读取成功: data\master\prg1\cntrl_rex.csv, 共 51 条记录
2025-11-25 22:18:37,368 - src.data.data_manager - INFO - 加载PRG文件: prg1/cntrl_rex.csv, 51 条记录
2025-11-25 22:18:37,369 - src.data.csv_processor - INFO - CSV文件读取成功: data\master\prg1\cntrl.csv, 共 66 条记录
2025-11-25 22:18:37,369 - src.data.data_manager - INFO - 加载PRG文件: prg1/cntrl.csv, 66 条记录
2025-11-25 22:18:37,369 - src.data.csv_processor - INFO - CSV文件读取成功: data\master\prg1\correct.csv, 共 0 条记录
2025-11-25 22:18:37,369 - src.data.data_manager - INFO - 加载PRG文件: prg1/correct.csv, 0 条记录
2025-11-25 22:18:37,370 - src.data.csv_processor - INFO - CSV文件读取成功: data\master\prg1\define.csv, 共 176 条记录
2025-11-25 22:18:37,370 - src.data.data_manager - INFO - 加载PRG文件: prg1/define.csv, 176 条记录
2025-11-25 22:18:37,370 - src.data.csv_processor - INFO - CSV文件读取成功: data\master\prg1\input.csv, 共 0 条记录
2025-11-25 22:18:37,370 - src.data.data_manager - INFO - 加载PRG文件: prg1/input.csv, 0 条记录
2025-11-25 22:18:37,370 - src.data.csv_processor - INFO - CSV文件读取成功: data\master\prg1\load.csv, 共 10 条记录
2025-11-25 22:18:37,370 - src.data.data_manager - INFO - 加载PRG文件: prg1/load.csv, 10 条记录
2025-11-25 22:18:37,371 - src.data.csv_processor - INFO - CSV文件读取成功: data\master\prg1\measure.csv, 共 0 条记录
2025-11-25 22:18:37,371 - src.data.data_manager - INFO - 加载PRG文件: prg1/measure.csv, 0 条记录
2025-11-25 22:18:37,371 - src.data.csv_processor - INFO - CSV文件读取成功: data\master\prg1\preset.csv, 共 0 条记录
2025-11-25 22:18:37,371 - src.data.data_manager - INFO - 加载PRG文件: prg1/preset.csv, 0 条记录
2025-11-25 22:18:37,372 - src.data.csv_processor - INFO - CSV文件读取成功: data\master\prg1\relation.csv, 共 110 条记录
2025-11-25 22:18:37,372 - src.data.data_manager - INFO - 加载PRG文件: prg1/relation.csv, 110 条记录
2025-11-25 22:18:37,372 - src.data.csv_processor - INFO - CSV文件读取成功: data\master\prg1\select.csv, 共 10 条记录
2025-11-25 22:18:37,372 - src.data.data_manager - INFO - 加载PRG文件: prg1/select.csv, 10 条记录
2025-11-25 22:18:37,374 - src.data.csv_processor - INFO - CSV文件读取成功: data\master\prg1\switch.csv, 共 4 条记录
2025-11-25 22:18:37,374 - src.data.data_manager - INFO - 加载PRG文件: prg1/switch.csv, 4 条记录
2025-11-25 22:18:37,383 - src.data.csv_processor - INFO - CSV文件读取成功: data\master\prg1\type_define.csv, 共 8276 条记录
2025-11-25 22:18:37,383 - src.data.data_manager - INFO - 加载PRG文件: prg1/type_define.csv, 8276 条记录
2025-11-25 22:18:37,389 - src.data.csv_processor - INFO - CSV文件读取成功: data\master\prg1\type_prg.csv, 共 8284 条记录
2025-11-25 22:18:37,390 - src.data.data_manager - INFO - 加载PRG文件: prg1/type_prg.csv, 8284 条记录
2025-11-25 22:18:37,390 - src.data.csv_processor - INFO - CSV文件读取成功: data\master\prg2\add.csv, 共 0 条记录
2025-11-25 22:18:37,390 - src.data.data_manager - INFO - 加载PRG文件: prg2/add.csv, 0 条记录
2025-11-25 22:18:37,391 - src.data.csv_processor - INFO - CSV文件读取成功: data\master\prg2\calc.csv, 共 7 条记录
2025-11-25 22:18:37,391 - src.data.data_manager - INFO - 加载PRG文件: prg2/calc.csv, 7 条记录
2025-11-25 22:18:37,391 - src.data.csv_processor - INFO - CSV文件读取成功: data\master\prg2\chngValue.csv, 共 2 条记录
2025-11-25 22:18:37,391 - src.data.data_manager - INFO - 加载PRG文件: prg2/chngValue.csv, 2 条记录
2025-11-25 22:18:37,391 - src.data.csv_processor - INFO - CSV文件读取成功: data\master\prg2\cntrl_rex.csv, 共 51 条记录
2025-11-25 22:18:37,391 - src.data.data_manager - INFO - 加载PRG文件: prg2/cntrl_rex.csv, 51 条记录
2025-11-25 22:18:37,392 - src.data.csv_processor - INFO - CSV文件读取成功: data\master\prg2\cntrl.csv, 共 42 条记录
2025-11-25 22:18:37,392 - src.data.data_manager - INFO - 加载PRG文件: prg2/cntrl.csv, 42 条记录
2025-11-25 22:18:37,392 - src.data.csv_processor - INFO - CSV文件读取成功: data\master\prg2\correct.csv, 共 0 条记录
2025-11-25 22:18:37,392 - src.data.data_manager - INFO - 加载PRG文件: prg2/correct.csv, 0 条记录
2025-11-25 22:18:37,393 - src.data.csv_processor - INFO - CSV文件读取成功: data\master\prg2\define.csv, 共 161 条记录
2025-11-25 22:18:37,393 - src.data.data_manager - INFO - 加载PRG文件: prg2/define.csv, 161 条记录
2025-11-25 22:18:37,393 - src.data.csv_processor - INFO - CSV文件读取成功: data\master\prg2\load.csv, 共 11 条记录
2025-11-25 22:18:37,393 - src.data.data_manager - INFO - 加载PRG文件: prg2/load.csv, 11 条记录
2025-11-25 22:18:37,393 - src.data.csv_processor - INFO - CSV文件读取成功: data\master\prg2\measure.csv, 共 0 条记录
2025-11-25 22:18:37,393 - src.data.data_manager - INFO - 加载PRG文件: prg2/measure.csv, 0 条记录
2025-11-25 22:18:37,394 - src.data.csv_processor - INFO - CSV文件读取成功: data\master\prg2\preset.csv, 共 0 条记录
2025-11-25 22:18:37,394 - src.data.data_manager - INFO - 加载PRG文件: prg2/preset.csv, 0 条记录
2025-11-25 22:18:37,394 - src.data.csv_processor - INFO - CSV文件读取成功: data\master\prg2\relation.csv, 共 58 条记录
2025-11-25 22:18:37,394 - src.data.data_manager - INFO - 加载PRG文件: prg2/relation.csv, 58 条记录
2025-11-25 22:18:37,395 - src.data.csv_processor - INFO - CSV文件读取成功: data\master\prg2\select.csv, 共 0 条记录
2025-11-25 22:18:37,395 - src.data.data_manager - INFO - 加载PRG文件: prg2/select.csv, 0 条记录
2025-11-25 22:18:37,395 - src.data.csv_processor - INFO - CSV文件读取成功: data\master\prg2\switch.csv, 共 0 条记录
2025-11-25 22:18:37,395 - src.data.data_manager - INFO - 加载PRG文件: prg2/switch.csv, 0 条记录
2025-11-25 22:18:37,402 - src.data.data_manager - INFO - 产品数据索引构建完成: 43313 种产品型号
2025-11-25 22:18:37,402 - src.data.data_manager - INFO - 所有CSV文件加载完成
2025-11-25 22:21:15,649 - __main__ - INFO - 启动DNC参数计算系统
2025-11-25 22:21:15,901 - __main__ - WARNING - 未找到原始master数据目录，将使用空目录
2025-11-25 22:21:15,977 - __main__ - INFO - 启动用户界面
2025-11-25 22:21:15,978 - src.config.config_manager - INFO - 配置文件加载成功: config\app_config.ini
2025-11-25 22:21:16,026 - src.data.csv_processor - INFO - CSV文件读取成功: data\master\ini.csv, 共 46 条记录
2025-11-25 22:21:16,026 - src.data.data_manager - INFO - 加载CSV文件: ini.csv, 46 条记录
2025-11-25 22:21:16,027 - src.data.csv_processor - INFO - CSV文件读取成功: data\master\prg.csv, 共 2 条记录
2025-11-25 22:21:16,027 - src.data.data_manager - INFO - 加载CSV文件: prg.csv, 2 条记录
2025-11-25 22:21:16,028 - src.data.csv_processor - INFO - CSV文件读取成功: data\master\header.csv, 共 5 条记录
2025-11-25 22:21:16,028 - src.data.data_manager - INFO - 加载CSV文件: header.csv, 5 条记录
2025-11-25 22:21:16,028 - src.data.csv_processor - INFO - CSV文件读取成功: data\master\math.csv, 共 19 条记录
2025-11-25 22:21:16,028 - src.data.data_manager - INFO - 加载CSV文件: math.csv, 19 条记录
2025-11-25 22:21:16,084 - src.data.csv_processor - INFO - CSV文件读取成功: data\master\type_define.csv, 共 43440 条记录
2025-11-25 22:21:16,085 - src.data.data_manager - INFO - 加载CSV文件: type_define.csv, 43440 条记录
2025-11-25 22:21:16,086 - src.data.csv_processor - INFO - CSV文件读取成功: data\master\type_relation.csv, 共 0 条记录
2025-11-25 22:21:16,086 - src.data.data_manager - INFO - 加载CSV文件: type_relation.csv, 0 条记录
2025-11-25 22:21:16,155 - src.data.csv_processor - INFO - CSV文件读取成功: data\master\type_prg.csv, 共 50328 条记录
2025-11-25 22:21:16,157 - src.data.data_manager - INFO - 加载CSV文件: type_prg.csv, 50328 条记录
2025-11-25 22:21:16,158 - src.data.csv_processor - INFO - CSV文件读取成功: data\master\type_chngvl.csv, 共 0 条记录
2025-11-25 22:21:16,158 - src.data.data_manager - INFO - 加载CSV文件: type_chngvl.csv, 0 条记录
2025-11-25 22:21:16,158 - src.data.csv_processor - INFO - CSV文件读取成功: data\master\prg1\add.csv, 共 0 条记录
2025-11-25 22:21:16,159 - src.data.data_manager - INFO - 加载PRG文件: prg1/add.csv, 0 条记录
2025-11-25 22:21:16,159 - src.data.csv_processor - INFO - CSV文件读取成功: data\master\prg1\calc.csv, 共 7 条记录
2025-11-25 22:21:16,160 - src.data.data_manager - INFO - 加载PRG文件: prg1/calc.csv, 7 条记录
2025-11-25 22:21:16,160 - src.data.csv_processor - INFO - CSV文件读取成功: data\master\prg1\chngValue.csv, 共 2 条记录
2025-11-25 22:21:16,160 - src.data.data_manager - INFO - 加载PRG文件: prg1/chngValue.csv, 2 条记录
2025-11-25 22:21:16,161 - src.data.csv_processor - INFO - CSV文件读取成功: data\master\prg1\cntrl_rex.csv, 共 51 条记录
2025-11-25 22:21:16,161 - src.data.data_manager - INFO - 加载PRG文件: prg1/cntrl_rex.csv, 51 条记录
2025-11-25 22:21:16,162 - src.data.csv_processor - INFO - CSV文件读取成功: data\master\prg1\cntrl.csv, 共 66 条记录
2025-11-25 22:21:16,162 - src.data.data_manager - INFO - 加载PRG文件: prg1/cntrl.csv, 66 条记录
2025-11-25 22:21:16,163 - src.data.csv_processor - INFO - CSV文件读取成功: data\master\prg1\correct.csv, 共 0 条记录
2025-11-25 22:21:16,163 - src.data.data_manager - INFO - 加载PRG文件: prg1/correct.csv, 0 条记录
2025-11-25 22:21:16,164 - src.data.csv_processor - INFO - CSV文件读取成功: data\master\prg1\define.csv, 共 176 条记录
2025-11-25 22:21:16,164 - src.data.data_manager - INFO - 加载PRG文件: prg1/define.csv, 176 条记录
2025-11-25 22:21:16,164 - src.data.csv_processor - INFO - CSV文件读取成功: data\master\prg1\input.csv, 共 0 条记录
2025-11-25 22:21:16,164 - src.data.data_manager - INFO - 加载PRG文件: prg1/input.csv, 0 条记录
2025-11-25 22:21:16,165 - src.data.csv_processor - INFO - CSV文件读取成功: data\master\prg1\load.csv, 共 10 条记录
2025-11-25 22:21:16,165 - src.data.data_manager - INFO - 加载PRG文件: prg1/load.csv, 10 条记录
2025-11-25 22:21:16,166 - src.data.csv_processor - INFO - CSV文件读取成功: data\master\prg1\measure.csv, 共 0 条记录
2025-11-25 22:21:16,166 - src.data.data_manager - INFO - 加载PRG文件: prg1/measure.csv, 0 条记录
2025-11-25 22:21:16,166 - src.data.csv_processor - INFO - CSV文件读取成功: data\master\prg1\preset.csv, 共 0 条记录
2025-11-25 22:21:16,166 - src.data.data_manager - INFO - 加载PRG文件: prg1/preset.csv, 0 条记录
2025-11-25 22:21:16,167 - src.data.csv_processor - INFO - CSV文件读取成功: data\master\prg1\relation.csv, 共 110 条记录
2025-11-25 22:21:16,168 - src.data.data_manager - INFO - 加载PRG文件: prg1/relation.csv, 110 条记录
2025-11-25 22:21:16,168 - src.data.csv_processor - INFO - CSV文件读取成功: data\master\prg1\select.csv, 共 10 条记录
2025-11-25 22:21:16,168 - src.data.data_manager - INFO - 加载PRG文件: prg1/select.csv, 10 条记录
2025-11-25 22:21:16,169 - src.data.csv_processor - INFO - CSV文件读取成功: data\master\prg1\switch.csv, 共 4 条记录
2025-11-25 22:21:16,169 - src.data.data_manager - INFO - 加载PRG文件: prg1/switch.csv, 4 条记录
2025-11-25 22:21:16,179 - src.data.csv_processor - INFO - CSV文件读取成功: data\master\prg1\type_define.csv, 共 8276 条记录
2025-11-25 22:21:16,180 - src.data.data_manager - INFO - 加载PRG文件: prg1/type_define.csv, 8276 条记录
2025-11-25 22:21:16,187 - src.data.csv_processor - INFO - CSV文件读取成功: data\master\prg1\type_prg.csv, 共 8284 条记录
2025-11-25 22:21:16,187 - src.data.data_manager - INFO - 加载PRG文件: prg1/type_prg.csv, 8284 条记录
2025-11-25 22:21:16,188 - src.data.csv_processor - INFO - CSV文件读取成功: data\master\prg2\add.csv, 共 0 条记录
2025-11-25 22:21:16,189 - src.data.data_manager - INFO - 加载PRG文件: prg2/add.csv, 0 条记录
2025-11-25 22:21:16,189 - src.data.csv_processor - INFO - CSV文件读取成功: data\master\prg2\calc.csv, 共 7 条记录
2025-11-25 22:21:16,189 - src.data.data_manager - INFO - 加载PRG文件: prg2/calc.csv, 7 条记录
2025-11-25 22:21:16,190 - src.data.csv_processor - INFO - CSV文件读取成功: data\master\prg2\chngValue.csv, 共 2 条记录
2025-11-25 22:21:16,190 - src.data.data_manager - INFO - 加载PRG文件: prg2/chngValue.csv, 2 条记录
2025-11-25 22:21:16,191 - src.data.csv_processor - INFO - CSV文件读取成功: data\master\prg2\cntrl_rex.csv, 共 51 条记录
2025-11-25 22:21:16,191 - src.data.data_manager - INFO - 加载PRG文件: prg2/cntrl_rex.csv, 51 条记录
2025-11-25 22:21:16,192 - src.data.csv_processor - INFO - CSV文件读取成功: data\master\prg2\cntrl.csv, 共 42 条记录
2025-11-25 22:21:16,192 - src.data.data_manager - INFO - 加载PRG文件: prg2/cntrl.csv, 42 条记录
2025-11-25 22:21:16,192 - src.data.csv_processor - INFO - CSV文件读取成功: data\master\prg2\correct.csv, 共 0 条记录
2025-11-25 22:21:16,193 - src.data.data_manager - INFO - 加载PRG文件: prg2/correct.csv, 0 条记录
2025-11-25 22:21:16,193 - src.data.csv_processor - INFO - CSV文件读取成功: data\master\prg2\define.csv, 共 161 条记录
2025-11-25 22:21:16,193 - src.data.data_manager - INFO - 加载PRG文件: prg2/define.csv, 161 条记录
2025-11-25 22:21:16,194 - src.data.csv_processor - INFO - CSV文件读取成功: data\master\prg2\load.csv, 共 11 条记录
2025-11-25 22:21:16,194 - src.data.data_manager - INFO - 加载PRG文件: prg2/load.csv, 11 条记录
2025-11-25 22:21:16,194 - src.data.csv_processor - INFO - CSV文件读取成功: data\master\prg2\measure.csv, 共 0 条记录
2025-11-25 22:21:16,194 - src.data.data_manager - INFO - 加载PRG文件: prg2/measure.csv, 0 条记录
2025-11-25 22:21:16,195 - src.data.csv_processor - INFO - CSV文件读取成功: data\master\prg2\preset.csv, 共 0 条记录
2025-11-25 22:21:16,195 - src.data.data_manager - INFO - 加载PRG文件: prg2/preset.csv, 0 条记录
2025-11-25 22:21:16,195 - src.data.csv_processor - INFO - CSV文件读取成功: data\master\prg2\relation.csv, 共 58 条记录
2025-11-25 22:21:16,195 - src.data.data_manager - INFO - 加载PRG文件: prg2/relation.csv, 58 条记录
2025-11-25 22:21:16,196 - src.data.csv_processor - INFO - CSV文件读取成功: data\master\prg2\select.csv, 共 0 条记录
2025-11-25 22:21:16,196 - src.data.data_manager - INFO - 加载PRG文件: prg2/select.csv, 0 条记录
2025-11-25 22:21:16,196 - src.data.csv_processor - INFO - CSV文件读取成功: data\master\prg2\switch.csv, 共 0 条记录
2025-11-25 22:21:16,196 - src.data.data_manager - INFO - 加载PRG文件: prg2/switch.csv, 0 条记录
2025-11-25 22:21:16,202 - src.data.data_manager - INFO - 产品数据索引构建完成: 43313 种产品型号
2025-11-25 22:21:16,202 - src.data.data_manager - INFO - 所有CSV文件加载完成
2025-11-25 22:21:24,222 - src.ui.main_window - INFO - 找到匹配型号: GPA20GT15040_A (从输入 GPA20GT15040_A-H8 匹配)
2025-11-25 22:22:50,711 - __main__ - INFO - 应用程序正常退出
